000166b7	00059d44
00032b90	00059d6e
000376b8	00059d8a
000469e7	00059dba
0004a171	00059dd2
00055794	00059e06
0006650f	00059e36
000715bb	00059e50
000ca57b	00059e80
001346f8	00059e9e
00199989	00059ed2
001b7468	00059f48
001d4a69	00059f6e
001eaa64	00059fb4
001eeac1	00059fce
001f6bf5	00059ff2
0021cd97	0005a044
0029a680	0005a076
0029d7c0	0005a09e
002ab7ee	0005a0ca
002fb6c1	0005a104
002fcabb	0005a124
00322c12	0005a144
003335f3	0005a184
00333e73	0005a1ae
00363be6	0005a1d4
0037103d	0005a204
00381958	0005a23a
00384571	0005a258
003bb1e0	0005a290
003e5035	0005a2be
003ed8fb	0005a2f0
00400c89	0005a326
00401686	0005a34a
0042ecd0	0005a394
0042efee	0005a3c6
004403d4	0005a40c
004ae7fc	0005a45c
004b154b	0005a4b0
004b3767	0005a4dc
004c6a31	0005a50c
004d30bf	0005a528
0050c22f	0005a556
005105ba	0005a572
0051df28	0005a59a
00532bdf	0005a5f8
00536841	0005a636
00587bf4	0005a674
005b04c3	0005a6b0
005bfb8c	0005a6e0
0060c045	0005a6fc
006129d9	0005a72e
0061e3cb	0005a75e
0062a103	0005a798
0063190c	0005a7ba
0064f08e	0005a7fc
00655e65	0005a814
0067efba	0005a82c
006bc4fd	0005a856
006c0943	0005a890
006c8321	0005a8c2
006eb2de	0005a902
007148bb	0005a930
0073c2c3	0005a952
00757f44	0005a994
007799d7	0005a9d8
007b26d7	0005aa00
007d9676	0005aa3a
007dcc02	0005aa62
0080ed31	0005aa96
0081161f	0005aabc
00812df9	0005aabc
008157aa	0005aabc
00837c27	0005aad4
00840fc1	0005ab06
0086469d	0005ab2a
00879759	0005ab6e
0088effd	0005ab92
008bb400	0005abc4
008dd3b3	0005abec
0091f233	0005ac2c
00979ffc	0005ac56
00980f08	0005ac90
00984b27	0005acc2
00986608	0005ad00
009877ea	0005ad58
0098c6de	0005ad7c
0099a605	0005adb2
009be7b6	0005adf4
009d5c42	0005ae38
009d7888	0005ae76
009dad7c	0005ae8e
009e588e	0005aeb8
009f0379	0005af1e
00a02022	0005af58
00a4bee9	0005af80
00a77434	0005afb6
00a79819	0005b016
00a9162e	0005b042
00ae2d10	0005b06a
00b0e793	0005b08a
00ba264f	0005b0d4
00bb0898	0005b124
00bc0c99	0005b164
00bd0770	0005b180
00beca86	0005b19e
00bf85c3	0005b1ca
00c0fcb6	0005b228
00c15fb3	0005b250
00c3028f	0005b282
00c3186c	0005b2c8
00c6c274	0005b31e
00c71d4b	0005b33a
00cab223	0005b36a
00cb1230	0005b398
00ccf8c9	0005b3ac
00d0b8e3	0005b3d2
00d0d919	0005b3fa
00d2d14f	0005b44a
00d2e79b	0005b468
00d5367e	0005b484
00d76ab1	0005b4d0
00d8064a	0005b4ec
00d92c20	0005b53e
00d986b7	0005b56a
00dc2060	0005b58a
00dcb287	0005b5c0
00dcc3a9	0005b5fe
00dd6873	0005b658
00de1960	0005b68c
00de66d0	0005b6ce
00e02f63	0005b6fa
00e04544	0005b730
00e14ec9	0005b74c
00e19491	0005b776
00e23a85	0005b79a
00e2b7a9	0005b7ea
00e5bd03	0005b818
00e78d43	0005b856
00e87077	0005b870
00e9c0f7	0005b8a4
00eadfe3	0005b8e6
00eaeae2	0005b914
00eb43e9	0005b940
00edd2a5	0005b95e
00f58131	0005b994
00f582be	0005b994
00f596e4	0005b994
00f5a1b7	0005b994
00f5c0c6	0005b994
00f6689d	0005b9a8
00f8f4c9	0005b9ec
00f94761	0005ba12
00fa2d4e	0005ba3c
00fa314f	0005ba82
00fa78d6	0005bab8
00fb0430	0005bafe
00fd70c8	0005bb28
00fe5935	0005bb66
0102590b	0005bba0
0102ccae	0005bbc4
01041c20	0005bc20
01065560	0005bc44
01095421	0005bcba
010a07aa	0005bcda
010b45c4	0005bd1a
010bcffd	0005bd5c
010d99ee	0005bda8
0110d168	0005bdf0
01133c9e	0005be3c
01139a56	0005be92
011632b8	0005beb8
0116659e	0005becc
01167c64	0005beb8
0116c3e6	0005bede
011771e4	0005bf16
0118256e	0005bf52
01184daf	0005bfa0
011ad02c	0005bfb6
011b978f	0005bfe0
011ca24d	0005c00a
011d269d	0005c07a
011e3fef	0005c09c
01204f60	0005c0b8
0125ebe1	0005c10a
012680e3	0005c13a
01277b3a	0005c15e
01278317	0005c178
012842a5	0005c1b8
01294bd3	0005c1f0
01299c77	0005c20a
0129ae0a	0005c228
012a2567	0005c24a
012a643c	0005c284
012a8bc1	0005c2d4
012b43d8	0005c300
012c14ff	0005c336
012c3003	0005c34a
012d23ec	0005c386
012d888f	0005c3ce
012e85d7	0005c402
0130c2af	0005c432
0130d208	0005c47a
0131f1db	0005c4b6
01332cf6	0005c4e4
0133fd62	0005c502
01364ba1	0005c54c
01381622	0005c592
013a5964	0005c5be
013ed171	0005c5fc
01463e48	0005c628
01464a24	0005c662
014716a6	0005c6a0
0147178f	0005c6a0
014ceabb	0005c6ee
014d73a0	0005c71e
014e4b08	0005c77a
0151fe08	0005c796
0152960b	0005c7be
01538390	0005c7e2
01550f17	0005c840
01556c20	0005c882
0156526f	0005c8ac
0157f6a4	0005c8e0
015938fd	0005c940
01595587	0005c9b8
015b019a	0005c9dc
015d87c8	0005ca06
015f94eb	0005ca34
0160bc5a	0005ca56
01612ec2	0005ca68
01614276	0005ca90
01640b28	0005caec
01647195	0005caec
0165b8b7	0005cb0e
016a1ddb	0005cb38
016aa00f	0005cb8e
01703e20	0005becc
01708ba6	0005cbb8
0170c9d8	0005cbde
0170e64d	0005cc04
0171ed5b	0005cc32
017249ef	0005cc74
01727ab8	0005cc74
01759c09	0005ccdc
0176298c	0005cd0c
0177dc0b	0005cd2c
017a6657	0005cd5c
017cfd77	0005cd7a
01824739	0005becc
0182585c	0005becc
01826684	0005becc
0182725d	0005becc
0183000f	0005becc
01830071	0005becc
01830081	0005becc
0183008e	0005becc
018300af	0005becc
018300d7	0005becc
018302ba	0005becc
018302e9	0005becc
018302eb	0005becc
01830314	0005becc
01830497	0005becc
01830556	0005becc
01830590	0005becc
018305bf	0005becc
018305eb	0005becc
0183061f	0005becc
01830623	0005becc
01830629	0005becc
018306a5	0005becc
018306b5	0005becc
0183071d	0005becc
01830737	0005becc
0183074a	0005becc
01830752	0005becc
0183076b	0005becc
01830788	0005becc
018307fb	0005becc
01830803	0005becc
01830858	0005becc
018308a3	0005becc
018308df	0005becc
018308ee	0005becc
01830949	0005becc
018309e3	0005becc
01830a1a	0005becc
01830a30	0005becc
01830a61	0005becc
01830a69	0005becc
01830ab8	0005becc
01830b08	0005becc
01830bdb	0005becc
01830bf7	0005becc
01830c6e	0005becc
01830c75	0005becc
01830db6	0005becc
01830e05	0005becc
01830ea9	0005becc
01830ef1	0005becc
01830f54	0005becc
01830f88	0005becc
01830f8e	0005becc
01830fa1	0005becc
01830fee	0005becc
01830ff9	0005becc
01831015	0005becc
0183101b	0005becc
01831030	0005becc
01831033	0005becc
018310b7	0005becc
018310cf	0005becc
0183114d	0005becc
01831168	0005becc
01831175	0005becc
01831185	0005becc
018311a3	0005becc
018311ad	0005becc
01831228	0005becc
01831271	0005becc
01831295	0005becc
018312bc	0005becc
018312c6	0005becc
018312dd	0005becc
01831345	0005becc
01831385	0005becc
018313aa	0005becc
01831405	0005becc
01831418	0005becc
01831430	0005becc
018314ae	0005becc
018314ee	0005becc
01831529	0005becc
01831599	0005becc
018315b6	0005becc
018315d9	0005becc
018315ef	0005becc
01831610	0005becc
01831642	0005becc
018316d1	0005becc
018317a9	0005becc
018317eb	0005becc
0183185e	0005becc
01831884	0005becc
0183188f	0005becc
01831899	0005becc
018318a0	0005becc
01831925	0005becc
01831943	0005becc
01831969	0005becc
01831973	0005becc
018319ec	0005becc
018319f6	0005becc
01831a69	0005becc
01831a7f	0005becc
01831a90	0005becc
01831ad9	0005cdaa
01831b07	0005becc
01831b2d	0005becc
01831b4a	0005becc
01831bb6	0005becc
01831bb7	0005becc
01831d25	0005becc
01831d57	0005becc
01831d97	0005becc
01831dd8	0005becc
01831df0	0005becc
01831e25	0005becc
01831e4b	0005becc
01831e7a	0005becc
01831f25	0005becc
01831f30	0005cdd0
01831f69	0005becc
01831fa2	0005becc
0183201a	0005becc
0183207b	0005becc
018320ad	0005becc
018320c1	0005becc
018320f9	0005becc
0183222a	0005becc
01832244	0005becc
018322a4	0005becc
018322ce	0005becc
018323fd	0005becc
01832447	0005becc
0183245b	0005becc
018324bd	0005becc
018324d5	0005becc
018324ea	0005becc
01832540	0005becc
0183257f	0005becc
018326a4	0005becc
0183274f	0005becc
01832751	0005becc
0183276b	0005becc
0183276b	0005becc
0183279d	0005becc
018327f7	0005becc
01832867	0005becc
0183294e	0005becc
01832ada	0005becc
01832aee	0005becc
01832bc5	0005becc
01832c23	0005becc
01832c3d	0005becc
01832cce	0005becc
01832ce8	0005becc
01832d15	0005becc
01832d46	0005becc
01832da6	0005becc
01832dfd	0005becc
01832f80	0005becc
01832f8f	0005becc
01832f99	0005becc
01833041	0005becc
01833066	0005becc
01833068	0005becc
01833137	0005becc
0183318a	0005becc
018331b2	0005becc
018331d8	0005becc
018331ef	0005becc
01833256	0005becc
018332a5	0005becc
018332c5	0005becc
018332e5	0005becc
01833372	0005becc
0183337c	0005becc
01833408	0005becc
01833497	0005becc
0183355c	0005becc
01833568	0005becc
01833570	0005becc
018336a4	0005becc
018336ac	0005becc
018336d3	0005becc
01833703	0005becc
0183388d	0005becc
01833891	0005becc
018338f9	0005becc
01833922	0005becc
0183393c	0005becc
0183399c	0005becc
01833a45	0005becc
01833aa1	0005becc
01833b1d	0005becc
01833b46	0005becc
01833b48	0005becc
01833b83	0005becc
01833b9c	0005becc
01833b9f	0005becc
01833bac	0005becc
01833c2d	0005becc
01833c9c	0005becc
01833cdb	0005becc
01833d30	0005becc
01833d32	0005becc
01833d61	0005becc
01833dc1	0005becc
01833dd2	0005becc
01833e0f	0005becc
01833e6c	0005becc
01833e7a	0005becc
01833ede	0005becc
01833eed	0005becc
01833f92	0005becc
01834034	0005becc
0183405c	0005becc
01834061	0005becc
0183406e	0005becc
018340c9	0005becc
018340d0	0005becc
018340ef	0005becc
01834104	0005becc
0183410f	0005becc
01834114	0005becc
01834129	0005becc
0183412a	0005becc
01834150	0005becc
01834185	0005becc
018341bd	0005becc
018341d8	0005becc
0183420e	0005becc
0183420e	0005becc
0183422a	0005becc
0183422b	0005becc
0183422c	0005becc
0183422d	0005becc
0183424a	0005becc
0183424b	0005becc
01834257	0005becc
018342af	0005becc
018343b5	0005becc
018343c1	0005becc
018343dd	0005becc
018343e2	0005becc
018343fa	0005becc
0183440e	0005becc
0183449a	0005becc
018344dc	0005becc
018344df	0005becc
018344e0	0005becc
018344ea	0005becc
01834551	0005becc
01834560	0005becc
01834597	0005becc
018345e9	0005becc
0183462a	0005becc
018346b1	0005becc
018346b5	0005becc
018346c7	0005becc
01834720	0005becc
01834767	0005becc
018347ab	0005becc
018347c0	0005becc
01834883	0005becc
018348f3	0005becc
018348f8	0005becc
01834907	0005becc
01834917	0005becc
0183496c	0005becc
018349ef	0005becc
01834a9c	0005becc
01834b37	0005becc
01834b92	0005becc
01834ba4	0005becc
01834c33	0005becc
01834c86	0005becc
01834d6b	0005becc
01834d96	0005becc
01834dd3	0005becc
01834e38	0005becc
01834e67	0005becc
01834f60	0005becc
01834f85	0005becc
01834fa4	0005becc
0183500b	0005becc
01835034	0005becc
01835075	0005becc
0183508c	0005becc
01835150	0005becc
01835214	0005becc
01835220	0005becc
0183522a	0005becc
0183523c	0005becc
0183524a	0005becc
0183527f	0005becc
018352b8	0005becc
018352d3	0005becc
01835310	0005becc
01835343	0005becc
01835362	0005becc
01835374	0005becc
01835519	0005becc
018355bf	0005becc
018355c4	0005becc
01835619	0005becc
0183562e	0005becc
01835632	0005becc
018356ee	0005becc
018356f8	0005becc
0183574e	0005becc
0183575c	0005becc
0183575e	0005becc
0183579c	0005becc
018357ab	0005becc
018357bd	0005becc
01835818	0005becc
0183581c	0005becc
01835862	0005becc
01835875	0005becc
01835878	0005becc
01835897	0005becc
018358a8	0005becc
01835965	0005becc
018359be	0005becc
018359d5	0005becc
018359df	0005becc
01835ac2	0005becc
01835b08	0005becc
01835b4c	0005becc
01835b50	0005becc
01835bc1	0005becc
01835bda	0005becc
01835bdb	0005becc
01835c1b	0005becc
01835c7a	0005becc
01835c7b	0005becc
01835c8e	0005becc
01835c92	0005becc
01835cbd	0005becc
01835cbd	0005becc
01835d0f	0005becc
01835d3e	0005becc
01835d68	0005becc
01835de4	0005becc
01835dec	0005becc
01835e3a	0005becc
01835f12	0005becc
01835fae	0005becc
01836035	0005becc
01836052	0005becc
01836063	0005becc
01836160	0005becc
01836174	0005becc
018361ba	0005becc
01836204	0005becc
0183622b	0005becc
01836232	0005becc
01836289	0005becc
0183628e	0005becc
018362cd	0005becc
018362d7	0005becc
0183631f	0005becc
01836343	0005becc
0183635b	0005becc
0183635b	0005becc
01836370	0005becc
01836379	0005becc
018363a9	0005becc
018363d8	0005becc
0183644f	0005becc
0183646e	0005becc
01836490	0005becc
018364c1	0005becc
018364c4	0005becc
018364c8	0005becc
01836691	0005becc
0183669f	0005becc
01836791	0005becc
01836887	0005becc
01836895	0005becc
018368c1	0005becc
018368ca	0005becc
0183690e	0005becc
0183691a	0005becc
01836975	0005becc
0183697b	0005becc
0183698a	0005becc
01836991	0005becc
018369b5	0005becc
018369fc	0005becc
01836af6	0005becc
01836b06	0005becc
01836b42	0005becc
01836b4c	0005becc
01836b82	0005becc
01836c2a	0005becc
01836c2b	0005becc
01836c30	0005becc
01836c60	0005becc
01836c68	0005becc
01836c90	0005becc
01836cd5	0005becc
01836cd5	0005becc
01836db5	0005becc
01836dd5	0005becc
01836e1f	0005becc
01836e44	0005becc
01836e76	0005becc
01836eb7	0005becc
01836ec8	0005becc
01836edf	0005becc
01836f2a	0005becc
01836f62	0005becc
01836fa0	0005becc
01836fde	0005becc
01837100	0005becc
0183712c	0005becc
0183715c	0005becc
0183718f	0005becc
018371aa	0005becc
01837213	0005becc
01837236	0005becc
01837247	0005becc
01837258	0005becc
018372cb	0005becc
01837304	0005becc
01837318	0005becc
0183734c	0005becc
01837357	0005becc
0183737b	0005becc
018373bb	0005ce02
018373bd	0005becc
018373c2	0005becc
01837475	0005becc
01837490	0005becc
0183749c	0005becc
01837502	0005becc
0183750e	0005becc
01837526	0005becc
0183754e	0005becc
0183758a	0005becc
018375b3	0005becc
018375b9	0005becc
018375bc	0005becc
018375d6	0005becc
01837610	0005becc
01837617	0005becc
01837618	0005becc
01837631	0005becc
01837670	0005becc
01837682	0005becc
018376a5	0005becc
018376ea	0005becc
0183777f	0005becc
018377d7	0005becc
018377eb	0005becc
01837837	0005becc
01837853	0005becc
01837867	0005becc
0183788d	0005becc
01837905	0005becc
01837919	0005becc
01837969	0005becc
01837997	0005becc
018379d3	0005becc
01837a19	0005becc
01837a33	0005becc
01837a78	0005becc
01837a9e	0005becc
01837aa7	0005becc
01837ab2	0005becc
01837ac4	0005becc
01837acb	0005becc
01837acf	0005becc
01837ad3	0005becc
01837af1	0005becc
01837b34	0005becc
01837b74	0005becc
01837bd6	0005becc
01837c04	0005becc
01837c77	0005becc
01837c96	0005becc
01837c9a	0005becc
01837cc3	0005becc
01837d06	0005becc
01837d2b	0005becc
01837e13	0005becc
01837e26	0005becc
01837e32	0005becc
01837e95	0005becc
01837ea4	0005becc
01837ece	0005becc
01837f13	0005becc
01837f41	0005becc
01837f60	0005becc
01837f9c	0005becc
01837fcf	0005becc
01837ffd	0005becc
018380dc	0005becc
01838428	0005becc
018384fd	0005becc
018385d0	0005becc
018385e1	0005becc
01838df0	0005becc
01838fa2	0005becc
01839024	0005becc
01839174	0005becc
01839191	0005becc
01839750	0005becc
018398df	0005becc
01839ccc	0005becc
01839ee9	0005becc
01839fd0	0005becc
0183c027	0005becc
0183c129	0005becc
0183c14f	0005becc
0183c468	0005becc
0183c5e2	0005becc
0183c75f	0005becc
0183c786	0005becc
0183c7df	0005becc
0183c7f5	0005becc
0183c801	0005becc
0183c8ed	0005becc
0183c98b	0005becc
0183cb21	0005becc
0183ccfc	0005becc
0183cdc9	0005becc
0183cf36	0005becc
0183d027	0005becc
0183d076	0005becc
0183d080	0005becc
0183d0ee	0005becc
0183d117	0005becc
0183d1d3	0005becc
0183d1d4	0005becc
0183d3e8	0005becc
0183d41d	0005becc
0183d4a5	0005becc
0183d4ae	0005becc
0183d5f0	0005becc
0183d605	0005becc
0183d640	0005becc
0183d753	0005becc
0183d88d	0005becc
0183d9a2	0005becc
0183d9cf	0005becc
0183d9d0	0005becc
0183da23	0005becc
0183dab4	0005becc
0183dcc6	0005becc
0183dd69	0005becc
0183ddcd	0005becc
0183dfa1	0005becc
0183e337	0005becc
0183e362	0005becc
0183e890	0005becc
0183e965	0005becc
0183e9f7	0005becc
0183eb0e	0005becc
0183eb3f	0005becc
0183ecd3	0005becc
0183ef1f	0005becc
0183f021	0005becc
0183f0f3	0005becc
0183f13e	0005becc
0183f365	0005becc
0183f39e	0005becc
0183f58c	0005becc
0183f689	0005becc
0183f6d7	0005becc
0183fc8b	0005becc
0183fcff	0005becc
018496df	0005ce2c
0188696b	0005ce62
018a6739	0005ce76
018fe4dc	0005ceb0
0191bc80	0005ced6
0191c5f3	0005cf20
01927d0a	0005cf56
019355f1	0005cfbe
0195bedc	0005cfe0
0196a541	0005d032
01977a29	0005d056
019bd68f	0005d076
019f5ff7	0005d0a2
01a00356	0005d0d0
01a03bcc	0005d0ee
01a2081b	0005d148
01a24be1	0005d192
01a4e094	0005d1b2
01a5e959	0005d208
01a681d0	0005d234
01a80038	0005d25a
01aaef17	0005d284
01ab5a51	0005d2ae
01abb0a3	0005d2c6
01ad3aa0	0005d2dc
01adc8fa	0005d2f8
01ae14b9	0005d318
01af1534	0005d336
01b1ee43	0005d360
01b35d7d	0005d388
01b4c30c	0005d3ba
01b5f70d	0005d404
01b65aeb	0005d44c
01b681a3	0005d47c
01b807d6	0005d4ac
01b9f139	0005d50c
01baa143	0005d568
01bb201b	0005d58a
01bd18ee	0005d5ca
01bf9dac	0005d5f6
01bffbab	0005d636
01c07a55	0005d662
01c10464	0005d6ac
01c38c6b	0005d6d2
01c704b8	0005d6fc
01c8ba3d	0005d71e
01ca683f	0005d73c
01cb5e6d	0005d768
01d15c2c	0005d790
01d390b6	0005d7c6
01d3bc3e	0005d816
01d56f4a	0005d836
01d5ce12	0005d868
01d72201	0005d884
01d7ccb2	0005d89a
01da4408	0005d8ee
01db0c21	0005d910
01db815d	0005d93e
01ddab6c	0005d95a
01df4191	0005d976
01dfab3e	0005d976
01e0788a	0005d9a6
01e29bf8	0005d9ca
01e3bcb6	0005d9ec
01e44622	0005da1c
01e48688	0005da3e
01e5deba	0005da5a
01e6320d	0005da7e
01e659e8	0005dadc
01e81834	0005db0c
01e9e8a6	0005db2a
01eb79cc	0005db6c
01ebc52c	0005db80
01ed75ab	0005dba2
01efa59a	0005dbbe
01efa800	0005dbfa
01f03f05	0005dc16
01f3e8b7	0005dc4c
01f73988	0005dc64
01f850b0	0005dc90
01f89908	0005dcb0
01f94f00	0005dce6
01f9b3be	0005dd06
01fa4aa2	0005dd40
01fa9b84	0005dd94
02009b8c	0005ddc8
0204ba84	0005ddf6
02058244	0005de36
02062297	0005de5c
02065e06	0005de7e
020a27f3	0005deb4
020a4387	0005df14
020b62d9	0005df40
020d520b	0005df5a
020d9d21	0005df80
020f9a14	0005dfa8
02118996	0005dfda
02157191	0005dffc
021620f2	0005e026
02163531	0005e058
021aea09	0005e09a
021eaca0	0005e0da
021ebaf7	0005e114
02225e45	0005e12c
0222cd44	0005e164
02255ed1	0005e1c6
02291144	0005e1d8
02291f25	0005e202
022abf6a	0005e220
022b034e	0005e258
022bca39	0005e27c
022e9bb7	0005e2ca
022f3920	0005e2f4
0232f897	0005e31c
02338876	0005e33e
023502ea	0005e360
0236f419	0005e390
02387200	0005e3aa
02387b9b	0005e3ce
023a9c73	0005e406
023b0257	0005e42a
023b77b4	0005e44c
023c5f3c	0005e472
023d9971	0005e48c
023d9a2a	0005e4ce
023ec50c	0005e506
023f2e79	0005e536
0240f3db	0005e574
024100dd	0005e5b8
024366e1	0005e60a
0244a1d0	0005e680
0247a7a0	0005e6b0
0247b5b7	0005e6de
0247f215	0005e70a
02480210	0005e760
0249f889	0005e782
024ba0ee	0005e7be
02519b34	0005e872
025357d3	0005e88a
02536ca1	0005e8b4
0255ef50	0005e8d6
02564c9d	0005e912
025a2ce6	0005e946
025a3500	0005e96e
025b70e5	0005e992
025bd9ce	0005e9b2
025fee05	0005e9f6
02614940	0005ea0c
0262f9be	0005ea34
02643367	0005eab8
026b61b1	0005ead8
026e29c7	0005eaf8
026f38ec	0005eb20
02700d12	0005eb4c
02715aa3	0005eb66
0273adcc	0005eb84
02741cb0	0005ebae
02745ac7	0005ec12
0274ec7a	0005ec2e
02751017	0005ec92
027781d7	0005ecc0
027a291c	0005ecee
027a7e0d	0005ed24
02806cef	0005ed44
0283381d	0005ed76
0286b6f6	0005eda8
02897999	0005edfa
028a40d8	0005ee3a
028aee49	0005ee66
028b0029	0005ee8a
028daa89	0005eea8
028f40f9	0005eedc
028fa78b	0005eef8
02921930	0005ef36
0293e439	0005ef50
02951e35	0005ef78
0295d3be	0005efa4
02980b97	0005efd0
0299d069	0005eff0
029b8e18	0005f00c
029d3a86	0005f03e
029e9fdb	0005f088
029f2305	0005f0b2
029f356a	0005f0fc
02a00308	0005f116
02a09916	0005f12e
02a1327a	0005f166
02a1f194	0005f17e
02a24f27	0005f1ac
02a46d2a	0005f1d0
02a50d75	0005f1f8
02a5fe99	0005f220
02a7e89b	0005f2a2
02a81ae3	0005f2ec
02a823b4	0005f2ec
02ad1ec1	0005f316
02aeb26e	0005f33e
02aec714	0005f35c
02af716d	0005f394
02afc2aa	0005f3c4
02b02963	0005f3f8
02b09201	0005f416
02b22f0e	0005f434
02b24079	0005f454
02b26455	0005f484
02b27016	0005f4a2
02b3af23	0005f4ba
02b4d76d	0005f4e8
02b581d5	0005f534
02b628a7	0005f564
02b6788c	0005f564
02b6a7ad	0005f57a
02b91308	0005f598
02b951be	0005f5b6
02bd98f9	0005f600
02be6c68	0005f622
02c0303d	0005f658
02c1bd5e	0005f678
02c210a8	0005f6aa
02c7d815	0005f6ec
02c83557	0005f71c
02c8b57f	0005f73e
02c9a815	0005f76a
02ca2cb3	0005f78c
02cb3a51	0005f7ca
02cb5226	0005f7e2
02cb858c	0005f80a
02cd3612	0005f84a
02ce1853	0005f87a
02d00fbf	0005f898
02d15d5a	0005f8ec
02d211cb	0005f916
02d23c88	0005f944
02d34ddc	0005f970
02d4c700	0005f9ae
02d61626	0005f9cc
02d76387	0005f9cc
02d8c867	0005f9e2
02daa5b3	0005fa40
02db41bb	0005fa80
02db4e1d	0005fa80
02dccdee	0005fab8
02e047e2	0005fb00
02e4561e	0005fb42
02e97efd	0005fbae
02e9f6fb	0005fbe6
02eb43c4	0005fc0e
02ef5929	0005fc46
02f1a97b	0005fc9a
02f3793e	0005fcf4
02f40cfa	0005fd3c
02f5534b	0005fd60
02f5f6d2	0005fd96
02f65970	0005fde6
02fa39da	0005fdf8
02fa6bc2	0005fe1e
02fa6d12	0005fe1e
02fa76b9	0005fe3c
02fab286	0005fe70
02fdbfec	0005fe9c
02fe7935	0005fec2
02fea776	0005ff04
0302f655	0005ff60
0304952f	0005ff98
0304b236	0005ffb2
03052bbe	0005ffda
03062adb	00060016
0307478b	00060062
03084a61	000600b6
030a806d	000600f2
030c7b0a	00060122
030d6b55	00060152
03101a58	0006018c
0311a828	000601b0
031204b1	00060202
0312a7dd	00060266
03132731	00060280
03132832	00060280
03134234	000602a0
031377a0	000602e8
03137c18	00060280
0313b046	00060308
0313b4ff	0006034e
0314358c	0006035a
0314e0f3	0006039a
0318241e	000603c6
0318741d	000603f0
031a53d6	00060406
031f1b5a	00060438
031fe120	0006046c
0320647c	0006049e
0324f14b	000604c6
03257329	000604f6
03277587	0006051a
032d6cff	00060544
032f6f1a	00060578
0330031f	000605ac
0332ebee	000605ce
033767a1	00060616
0337baa9	0006062a
033897eb	00060658
033dc8f6	0006067e
03421d58	000606d4
03435658	000606f4
0346a84c	0006072c
03473aa6	0006077a
03474b1a	0006077a
03475bce	0006077a
034775ca	0006077a
0347f2e4	0006078e
03480261	000607ca
0348228c	000607dc
03515c14	000607f6
03545cf1	00060816
035bea25	0006082e
0360156e	000608ac
03612b42	000608e0
03626f56	0006090c
0363abbb	00060938
0364d0dd	00060958
0366efb3	00060982
0367d35a	000609c4
0367e18e	000609fe
0368eed0	00060a1e
036933c6	00060a3a
036962fd	00060a60
036b2cf9	00060a8a
036d09a2	00060abc
0370cda5	00060ae8
03716383	00060b22
0371cf15	00060b54
03738919	00060b6a
037465ed	00060bde
0375555b	00060c2e
0375930a	00060c62
0377909e	00060c7e
0378a545	00060ca6
037a8cd1	00060cda
037ad8f0	00060d0a
037b6866	00060d2a
037bde8d	00060d76
037cb010	00060db2
037e7cbe	00060dda
037f95b4	00060e18
03814e2a	00060e46
038351f4	00060e5c
0383752a	00060e88
0383f934	00060eae
0385c468	00060ec6
03871d50	00060f00
0388d7d6	00060f38
0389c18a	00060f4e
038a6431	00060f8e
038b6d59	00060fa4
038bd3b2	00060fd0
038d631c	00060ffa
038e7213	00061020
038e7e8c	00061020
038f39e3	00061054
038f795a	0006108a
03912db5	000610d4
0391ce61	00061144
03937efc	00061184
03949d3c	000611a8
039533e9	000611ca
03955250	000611e8
039a978c	0006122a
039d728f	0006126c
039fad31	000612b0
03a07987	000612de
03a32768	000612f4
03a5df65	00061314
03a647df	00061366
03a91db8	00061386
03aa9386	000613b4
03abcdda	00061404
03ac8462	0006145a
03ac9d3f	0006149c
03ace4db	000614de
03ad1b0b	00061514
03ad1cc3	00061514
03ad1ed3	00061514
03ae15a9	00061558
03aedcd6	0006157e
03b01b4c	000615ac
03b114a1	000615d2
03b1873e	000615fc
03b1e2d8	0006161e
03b27b00	00061642
03b43a1b	000616ce
03b55c75	000616fc
03b5ab4c	00061718
03b5b63f	00061736
03b72fad	00061784
03bb581e	000617ba
03bd12c3	00061822
03bf63eb	00061860
03c04cc6	0006188c
03c2086e	000618d2
03c53bcb	00061902
03c64d87	00061926
03c87eae	00061974
03c899a0	000619b6
03cad538	000619e0
03cb37f1	00061a14
03cb8366	00061a38
03cf7760	00061a62
03cff6f9	00061a8c
03d088e2	00061abe
03d18cb0	00061b22
03d226f1	00061b80
03d3f37b	00061bac
03d6bc35	00061bec
03d6d10f	00061c18
03d898c5	00061c56
03db40b5	00061c9c
03db5974	00061cde
03db7bb1	00061d10
03dd9a69	00061d42
03deb02b	00061d6c
03debc31	00061d94
03df9b68	00061db2
03dff352	00061dc8
03e0a9d4	00061dd8
03e66eef	00061df4
03e73202	00061e14
03e81056	00061e3c
03e8d12a	00061e94
03eb834e	00061ef8
03ed3761	00061f72
03eeb8c0	00061f8e
03ef4c88	00061fc2
03f2a315	00062006
03f3b279	00062026
03f42e46	0006205c
03f8eb64	0006208e
03f8efcc	000620ea
03fae68f	00062104
03fb34a1	0006212c
03fe8368	00062158
0403acbc	00062196
04071f48	000621ba
04096ac2	000621fc
040af990	00062262
040c3aae	0006228c
040e9e65	000622c8
0410a97e	00062306
04116195	00062340
0412529b	00062378
041312eb	0006239e
0413f84e	000623b4
0414f506	00062408
0416e90d	00062436
04172898	0006247c
04173cbe	000624a0
0417977d	00062502
04186014	00062528
041b3504	0006255a
0420c3bb	00062570
04214fcd	00062594
0421542a	000625d4
0422d75c	00062606
04236343	0006266a
0424bed9	000626aa
042ad6d2	000626e4
042b8512	0006271e
042c3186	00062738
042c9df4	00062782
042e26c7	0006279a
042e5eb0	000627de
042eb9a4	000627f4
042f9325	0006284e
043498c8	00062876
0436d206	000628b8
0438b8d6	000628fc
043a65f5	00062914
043ae7f3	0006294c
043b650c	0006297e
043c1bec	000629e8
043c45f7	00062a2e
043dd481	00062a5e
043dda17	00062a5e
04437aec	00062a70
0444c99e	00062aaa
04481b35	00062adc
044cc017	00062b10
044d0163	00062b40
044e6655	00062b72
045000e7	00062b96
0453ab9a	00062be2
045922ad	00062c1a
0459e439	00062c30
045a7903	00062c4e
045b14a2	00062c90
045ee698	00062cc4
045fb480	00062cee
045fe443	00062cee
0461317d	00062d08
0461b1f3	00062d24
04639f4a	00062d46
04641204	00062d5e
046458d5	00062d7c
0464e614	00062d94
0465cdb0	00062db6
04667329	00062dda
0468b03d	00062e20
046dfd4d	00062e5c
046e199c	00062e86
046eda93	00062ec4
04704cde	00062f0c
0470ec03	00062f6e
04735322	00062fac
0474b80b	00062fd8
04770314	00063020
0479bf91	00063064
047b1f54	00063090
047c391e	000630be
047c8e85	000630e6
047cc86f	00063130
047e2181	0006315e
04824145	000631a2
04835de0	000631fa
04873b88	0006322c
04888dca	0006325c
0488ac62	0006328a
048a0571	000632f8
048a7a6d	0006332e
048cf342	00063364
048d46ca	000633a8
048d7b67	000633c2
04914ba9	000633f2
04934a51	00063418
0493b5de	0006345a
0494490d	00063484
049592c0	000634a0
049664ea	000634f0
049b5373	00063508
049c4af3	00063526
049d02fe	0006353e
049e423e	00063558
049f37bb	000635a4
049ff065	000635d4
04a13331	0006360e
04a1b2c7	0006363a
04a2d354	00063682
04a3ee12	000636b8
04a61baa	000636e6
04a7f360	00063712
04a90517	00063738
04aa2e99	0006377c
04ab5285	000637a4
04ab7c2c	000637e6
04ab7c40	00063822
04ab9404	00063846
04ab9dc0	0006386c
04ac1a96	00063892
04ac4600	000638ea
04acf9ed	00063908
04b11620	00063950
04b27788	0006396a
04b37816	000639ce
04b49bc0	000639ec
04b5e23e	00063a1e
04b8fba5	00063a40
04bb0c83	00063a9c
04bb20be	00063ad4
04bca411	00063afa
04c90085	00063b3c
04c9d952	00063b62
04cbc5cd	00063b80
04ccb375	00063ba6
04cd5647	00063bd4
04ce15d6	00063c2c
04cedef1	00063c4e
04d305f4	00063ca0
04d829a6	00063cee
04db7b6a	00063d04
04dc0614	00063d1c
04dc4feb	00063d56
04dee9c2	00063d7e
04e1d81e	00063db4
04e41228	00063ddc
04e64354	00063e00
04ec7f2e	00063e3c
04ecaac3	00063e56
04ee419d	00063e7e
04ef105f	00063ece
04f05c25	00063f0a
04f198d1	00063f5a
04f5ff13	00063f7c
04f764b3	00063fc0
04f78b46	00063ffe
04f8485e	00064016
04fc5367	00064068
04fd7d92	0006409e
04fd89b9	000640be
04fde32b	0006411c
05023194	00064140
0504bd2d	0006416a
0506f088	00064194
0507c2df	000641dc
050926a8	00064200
050b281d	00064230
050d0651	00064246
050dc2a1	0006428a
0510d3ff	000642b0
05136a04	000642dc
0519d2bb	0006430a
051a6c0d	0006432e
051c5412	00064360
051cad52	000643c0
051cd34b	000643ec
051d89e9	00064432
051f9bc2	00064466
0520b5cb	000644aa
052209ea	000644e0
05225915	0006452c
05240e72	0006458a
052bb3b9	000645aa
052c117b	000645c4
052fb2ac	0006461a
0530cdea	00064634
05344d77	00064652
053568b3	00064686
0536be7f	000646a4
0536e200	000646ec
053a66fd	0006471c
053a772a	00064746
053b66fc	00064784
053c4b2b	000647b6
053c78df	000647e0
053e9eac	0006482c
05409e43	00064866
0540fc48	0006489c
0541f1c7	000648d6
05445b85	000648fa
0544a27f	0006492c
054568e2	00064948
05482b0e	00064962
054b329a	000649fc
054c272f	00064a5c
054dc93f	00064aa0
054dfb81	00064ac0
054eea26	00064ae6
0552e5ac	00064b1e
0552e933	00064b46
0553388a	00064b76
0553cc70	00064b9e
055447a5	00064bc0
05558ac2	00064be8
055671de	00064c1a
055ac974	00064c48
055e0ade	00064c5e
055e0cea	00064c8a
055e379c	00064cbc
055e78da	00064d02
055f019f	00064d3e
055f988c	00064d6e
056058bb	00064d92
0560cf5d	00064dd2
0560f6e2	00064e06
0560fdba	00064e2e
056237bd	00064e44
05627ab8	00064e5e
0562d9d6	00064e82
05676066	00064ee8
05692187	00064f10
05695fb3	00064f3c
05698b41	00064f6c
056a6a50	00064f8e
056b5912	00064fc8
056bab58	0006500c
056cbeae	00065062
056d9fff	0006508a
056dc12a	000650b2
056ed385	000650d6
0574beea	00065100
0574ce74	00065140
057513d6	00065176
057614b5	000651b6
057628d5	000651e2
05782d41	00065218
057b3e9e	0006525a
057c0277	00065290
057e3ffb	00065300
057ec94f	00065334
058068b2	00065362
058158af	000653a6
058442f5	000653c0
058507fe	000653f8
0585acb6	0006544a
05861b8a	00065468
05869312	000654c8
0589ffc9	000654f0
058b5cad	0006550e
058d4c52	00065556
058db18a	00065584
05908301	000655b0
05928a24	00065600
0594b1db	0006562a
05952429	0006565a
05955a01	00065690
0595efd4	000656d0
059701fc	000656ec
0597a927	0006570c
05983a7d	00065734
05a306fb	00065764
05a5920b	0006578e
05a59dbf	000657ba
05a5f0fd	000657f2
05a80bda	00065810
05a9cdf4	0006583a
05aa0485	0006586a
05aa0c2e	0006589e
05aa1c77	000658d2
05ac3f85	00065900
05ae0fa9	00065928
05aee338	00065966
05b184ce	000659c4
05b196cc	00065a2a
05b4fad8	00065a70
05b5d6eb	00065a86
05b64201	00065ad6
05b87bfb	00065af6
05bc7613	00065b2c
05bd569a	00065b54
05bf6a08	00065b86
05c226ce	00065ba0
05c2b23e	00065ba0
05c3a0d9	00065be6
05c84a80	00065c0a
05c8abbe	00065c58
05c975e3	00065c80
05ca14f5	00065c94
05cd3e16	00065cbc
05d372fa	00065cea
05d3e744	00065cf6
05d7c7c6	00065d3c
05db6755	00065d84
05dc92af	00065d9e
05de3cc1	00065dcc
05df403f	00065dfc
05e39320	00065e5e
05e4824f	00065e94
05e496b4	00065eb4
05e52f1c	00065ee8
05e5a448	00065ef8
05e6d542	00065f12
05ea4f0a	00065f44
05edab80	00065f66
05f57c27	00065f8e
05f65025	00065fbc
05f81103	00066018
05fa0294	0006605c
05faa995	0006607e
05fae282	000660a0
05fb1b53	000660c6
05fd6155	000660ec
06005433	0006613c
0601e309	000661ac
0602805c	000661da
06049a75	000661f2
06068c77	0006622a
06098e7b	00066250
060a16b4	00066284
060d047c	0006629a
060d2b5a	000662c6
060efe69	000662e0
060f3ebd	00066314
06123ad8	0006633e
06125105	0006635c
0614cc63	00066372
0615efa2	0006638e
06179548	000663e2
061ba91d	00066402
061bd421	00066402
061e18e0	00066458
061e6340	0006647c
0620e253	000664b8
06234297	000664f2
06236a33	00066520
0623ab62	00066568
0623f676	00066596
062b1a26	000665cc
062d43d9	000665e0
062f077a	00066618
062fe80e	00066646
062ff334	00066676
0632e6c9	000666ba
06361f3c	000666f0
063d0337	00066768
063d3916	000667a0
063d46e4	000667a0
063d50a8	000667b8
063de81b	000667a0
063f5408	000667e6
063fe6db	0006680a
064336da	00066832
06444d52	0006686e
0644e743	000668b0
064598a9	000668dc
06473f8a	00066912
064772dc	00066926
064a8ce7	00066942
064d356c	00066976
064d684e	000669b2
0650105d	000669f2
06505208	00066a24
0652527f	00066a5a
06527c18	00066a80
0652ce45	00066a94
0654ffd7	00066acc
06579050	00066b36
065850c7	00066b68
0658df90	00066ba4
065a158b	00066bd4
065b9583	00066c00
065eddfb	00066c30
066028dc	00066c52
0662a977	00066c6e
0663e842	00066c8c
06662c0a	00066cac
06684cfd	00066cd2
066b7648	00066d00
066d03df	00066d2c
066fadef	00066d56
0670aa11	00066d7e
06734762	00066dd2
0674d445	00066e16
0675c301	00066e3c
06792247	00066e6a
067a8b87	00066ea0
067f5c2c	00066ede
0682be34	00066f08
0682cbbb	00066f20
06859e93	00066f4a
0689cbaf	00066f70
068a4a8c	00066f96
068b9947	00066fae
068ca27a	00066ff6
068d1c9f	0006704c
068e2459	00067082
06958b35	0006709e
0695a3ff	000670d4
06973e26	0006712e
069a05a1	00067166
069fd91b	000671ba
06a08a5d	000671ea
06a0d182	00067246
06a14253	0006726c
06a14c12	000672c2
06a1a682	00067316
06a1bd63	00067334
06a22a7f	00067366
06a655e8	000673ae
06a7118c	000673de
06a79701	00067404
06aa3d3f	00067432
06aa927f	0006745c
06ac9d70	000674a0
06af0996	000674ba
06af21ce	000674d0
06af2b75	000674e8
06af9af8	000674d0
06afa08e	0006750a
06b104d0	00067534
06b1b12f	00067552
06b2f4c7	0006756e
06b462c3	00067596
06b61c40	000675c4
06ba3e6c	0006760a
06bcd6d4	00067630
06bf463f	00067686
06c1104f	000676a4
06c2e86f	000676c0
06c6c206	000676e8
06c6e524	00067712
06cba3ff	00067742
06cc4302	0006776e
06cd173d	000677a6
06cd8d42	000677f2
06d1c57d	00067834
06d25056	0006787a
06d44f8c	000678a2
06d4b136	000678ee
06d62478	00067904
06d7c8d9	00067916
06d8760d	00067938
06d89209	00067980
06da475e	000679c6
06db47ae	000679e8
06db8d2f	00067a38
06de4b7c	00067a50
06de4ba2	00067a9a
06de5f2c	00067ac6
06def4ec	00067b0c
06e151ab	00067b66
06e15fe1	00067ba0
06e31fee	00067bc2
06e3b30f	00067c02
06e52f52	00067c38
06e65260	00067c60
06e7678f	00067cd0
06eab6a2	00067d04
06ebf0cf	00067d6c
06ebf8ce	00067d9c
06f1023c	00067dd6
06f2dfc8	00067e38
06f3522a	00067e60
06f4955b	00067eb6
06f6711b	00067ed8
06f7253c	00067f2a
06f812fd	00067f4a
06fae355	00067f72
06fc3e76	00067f8e
06fd28f6	00067fc2
070060bd	00067fde
07023eb3	00068018
0706257f	00068038
07070dac	00068088
07080a86	000680c0
0708c595	000680d6
070aaa36	00068106
070ba00d	0006811c
070cdba7	0006815a
070ecd7f	0006817c
070fa20b	00068190
070fc7b2	000681c8
0710412e	000681f0
0711e75d	00068210
0713544e	00068238
0715184e	0006827a
07151b9f	00068296
071631bf	00068308
0716ef34	00068336
07171f5d	0006835e
0717b4e3	00068374
07184d46	0006839a
0721af1a	000683fa
0721e575	0006841c
0723f702	0006846e
0727bc49	000684b0
072cd0c4	000684e6
072efa9f	00068518
072f2939	00068532
0737532c	0006856e
0737a4e8	00068592
0738c28d	000685c0
073bfe23	000685e4
073e68fc	00068614
073f0101	0006863a
0740a3b2	0006867a
074324fa	000686ac
074776b8	000686dc
074cff70	000686f8
074e0c19	00068724
0750f1a9	00068748
07512413	000687b4
0752bcb3	00068860
07555051	00068892
075576ec	000688da
07565f86	00068904
0757b603	0006893c
07580534	00068986
0758fd26	000689b8
075bd7ef	00068a00
075bfd1d	00068a42
075c03ca	00068a64
075f0811	00068a9a
07608fad	00068ac2
0760e14d	00068b02
07620687	00068b5c
0767c616	00068b86
07690b00	00068bbe
07692b09	00068c12
076c45bd	00068c52
076c62dc	00068c66
076de374	00068c86
0774e55c	00068cb8
07770174	00068cce
07774fe0	00068d08
0778c8ca	00068d3a
0778ca2b	00068d64
0778cc9a	00068dba
077a1c20	00068dcc
077a6040	00068e10
077acf43	00068e3a
077dbd35	00068e62
077e2ede	00068ea2
077ef1be	00068ecc
07803640	00068f2e
0781376e	00068f4c
0782c6d4	00068f6c
07844a52	00068f94
0784e857	00068fb6
07865844	00068fde
0787c74b	0006900a
0787e879	00069024
0789ab74	00069040
078a844b	0006906a
078a94a6	00069080
078db30a	00069094
078df207	00069094
07924a35	000690ac
0793da4c	00069130
0793efa7	0006914a
0794043f	00069180
07958c3f	000691a8
0795a9e8	000691a8
0795ab53	000691a8
0795abbe	000691a8
0795d1df	000691a8
0795f889	000691a8
0795fded	000691a8
0799158b	000691be
079acbac	00069204
079cf4d0	00069258
079dbc45	000692ba
079f7f26	0006931a
07a37464	0006933c
07a52530	00069372
07a5af35	000693c8
07a5d0a0	000693f6
07a6e1ad	0006941a
07a92a22	0006943c
07a95358	0006947e
07aa9b7a	000694ee
07aaf593	000694ee
07abf88b	00069510
07ac525f	00069542
07ad358b	00069556
07ae692c	00069572
07b2a4c9	00069594
07b30306	000695c6
07b38dc1	00069612
07b6c8b9	00069640
07b7c2dd	0006965c
07b91346	0006968c
07b94644	000696ba
07b947ec	000696d0
07b94c86	000696d0
07b94f65	000696d0
07b94fc2	000696d0
07b9678d	000696d0
07baee7a	000696e8
07bb70fd	00069720
07bd5769	0006978a
07be46e5	000697d2
07c193cc	0006982e
07c1a9f5	00069850
07c40c4b	00069882
07ca54bc	000698d2
07cb13fc	00069910
07ce2458	00069932
07ce613c	0006995c
07d1bb47	00069994
07d80a39	000699f6
07d81141	000699f6
07d813e8	000699f6
07d86d22	000699f6
07d89d81	00069a36
07d9e298	00069a70
07df4432	00069ac6
07e1850b	00069af4
07e2043a	00069b16
07e26d8c	00069b70
07e58d52	00069bb4
07e5abac	00069bd6
07e6d829	00069c00
07e6f4e0	00069c22
07e877c5	00069c54
07e98302	00069c80
07e9e16a	00069ca8
07ea66db	00069cdc
07ea693f	00069d24
07ebc9c8	00069d3e
07ed48f0	00069d56
07ed74a1	00069d86
07ede0ea	00069dda
07ee1352	00069dfc
07eec8df	00069e32
07f3f70b	00069e4a
07f5669a	00069e7c
07f5d422	00069eae
07f71a10	00069ee4
07f87171	00069f2c
07f94869	00069f5c
07faeb3c	00069f74
07fd1eaf	00069f9a
07fd367b	00069fe6
07fd3db8	0006a00c
07ff980b	0006a05a
07ffea17	0006a084
08010024	0006a0b4
08013500	0006a0d0
08017acc	0006a104
08054ddb	0006a120
080a08c8	0006a158
08109794	0006a17a
0810e503	0006a1a8
081330ed	0006a1ce
0813844e	0006a218
0814630f	0006a24c
0815bb73	0006a288
08193ce5	0006a2b4
0819cc40	0006a302
081adf92	0006a35c
081ce4a5	0006a382
081d5edf	0006a3b6
08208171	0006a3f4
0820942c	0006a42a
0822520c	0006a456
0823e3d8	0006a47e
082801c2	0006a496
08281d8d	0006a4fe
0828841b	0006a52e
082cd5d9	0006a54c
082d29e8	0006a598
0830fc29	0006a626
08380702	0006a666
083c0ea7	0006a68a
083c877a	0006a6da
083cbba3	0006a712
083e3f4f	0006a73e
083f6571	0006a754
0844105c	0006a7a0
08458755	0006a7e6
0847cf31	0006a810
0847d56f	0006a810
0848f612	0006a824
08491b85	0006a864
084b1acd	0006a88e
084b5b7c	0006a8d6
084dc7b4	0006a910
0851737a	0006a93e
08517fd0	0006a96a
08538d4c	0006a9b4
08548605	0006a9e2
08552ee0	0006aa04
08555497	0006aa26
08557823	0006aa74
08563fa1	0006aa8c
085ac435	0006aade
085cf89c	0006ab02
085e58b2	0006ab3c
085eeccb	0006ab56
085f7df8	0006aba0
085fedf5	0006abca
0861bd71	0006abe4
0865247f	0006abfc
0867bd52	0006ac22
086db4d5	0006ac42
086dbbcb	0006ac72
086deb7b	0006acaa
0870d6d6	0006acc2
0871b41b	0006acf6
08726486	0006ad20
08755e94	0006ad40
08757da4	0006ad62
08760d21	0006adb8
0876db93	0006ade6
08771fb0	0006ae2c
087731e1	0006ae4c
087766da	0006ae74
0878f6e0	0006ae94
087a0fe8	0006aeb4
087a1bc9	0006aef4
087c85db	0006af2a
087ca638	0006af48
087d990e	0006af7c
087dd48e	0006af7c
087e78ca	0006af9c
087f8efc	0006afd4
087fa00b	0006b036
0880a67c	0006b05e
0882680c	0006b080
0885117c	0006b098
0886d5d9	0006b0d4
08889da5	0006b124
0889484f	0006b140
0889da93	0006b16a
088a12be	0006b188
088a30c5	0006b1c2
088b79bb	0006b1f6
088df9f9	0006b220
088ec0fd	0006b23c
0890bbcb	0006b274
0892a40b	0006b2a2
0892e60a	0006b2d0
0894550e	0006b2e8
0896183a	0006b320
0897eb9c	0006b35a
0897f4c9	0006b37e
089b7e31	0006b392
089baf9a	0006b3ac
089c184e	0006b3c4
089f7501	0006b3e8
08a059ce	0006b41c
08a09086	0006b446
08a518ee	0006b478
08a52136	0006b4b0
08a5e12b	0006b51a
08a857de	0006b53a
08a8c8df	0006b574
08ad1ce4	0006b5a2
08ad92c9	0006b5cc
08ae1392	0006b62e
08ae6150	0006b67e
08aef4a2	0006b6e4
08af4442	0006b71e
08b0c814	0006b74c
08b1ef3e	0006b770
08b27ad4	0006b790
08b3c23b	0006b7c2
08b40de8	0006b7f0
08b45c3d	0006b810
08b539b5	0006b82a
08b5e2a2	0006b85c
08b68013	0006b89e
08b694a4	0006b8dc
08b70dde	0006b90e
08b7a270	0006b942
08b8ef3d	0006b976
08b96eb0	0006b9a4
08bb9e77	0006ba2e
08bdb863	0006ba58
08be0e0e	0006ba9e
08bff2cb	0006babe
08c12068	0006baec
08c286be	0006bb2c
08c2f2f4	0006bb48
08c5220c	0006bb64
08c57b5a	0006bb88
08c5c9ef	0006bbc2
08c8096d	0006bc0e
08cb3e7f	0006bc2e
08cbc7dc	0006bc86
08cc8a8a	0006bca4
08ce65aa	0006bce8
08d07cf2	0006bd0e
08d093ef	0006bd48
08d170fc	0006bd60
08d1d3fc	0006bd48
08d1e9c1	0006bd48
08d31c4b	0006bd94
08d32b46	0006bd94
08d33618	0006bd94
08d33793	0006bd94
08d339c8	0006bd94
08d33df2	0006bd94
08d37fad	0006bda8
08d38120	0006bd94
08d38134	0006bd94
08d381b7	0006bd94
08d38542	0006bd94
08d38706	0006bd94
08d38d3f	0006bd94
08d391d7	0006bd94
08d39874	0006bd94
08d39981	0006bd94
08d39b9d	0006bd94
08d39be2	0006bd94
08d39f7c	0006bd94
08d3a17c	0006bd94
08d3a1ab	0006bd94
08d3a88a	0006bd94
08d3ab6e	0006bd94
08d3ad0e	0006bd94
08d3b156	0006bd94
08d3b393	0006bd94
08d3b49e	0006bd94
08d3b57e	0006bd94
08d3c610	0006bd94
08d3cf8d	0006bd94
08d3d70f	0006bd94
08d3da0c	0006bd94
08d3dc1b	0005becc
08d3de07	0006bd94
08d3df41	0006bd94
08d3e4fb	0006bd94
08d3e98f	0006bd94
08d3eed1	0006bd94
08d3f034	0006bd94
08d3f1bd	0006bd94
08d3fb82	0006bd94
08d616a3	0006bdc0
08d6c328	0006bdea
08d8a40f	0006be2a
08dada78	0006be42
08de4757	0006be7e
08df2296	0006beb6
08e150a4	0006becc
08e3c928	0006befa
08e77078	0006bf10
08ec0ab9	0006bf62
08efec6b	0006bfa2
08eff296	0006bfa2
08f1201c	0006bfe6
08f185b5	0006c022
08f21c69	0006c048
08f27654	0006c048
08f2d5b9	0006c05e
08f5c2be	0006c0c8
08f6fce5	0006c102
08f81f58	0006c11e
08f845cd	0006c148
08f88dc4	0006c168
08f9c83e	0006c1b6
08fb1df1	0006c1cc
08fcbadd	0006c202
08fcc6ab	0006c218
08fd7a75	0006c264
08fdf6fe	0006c292
08ff1a4c	0006c2ae
0900806f	0006c2ec
090094ff	0006c302
0900a225	0006c334
09015724	0006c360
09018beb	0006c3a0
09030133	0006c3ca
09050bd9	0006c410
090535e7	0006c442
0906aa9c	0006c46e
090904dc	0006c490
090ba767	0006c4b2
090dab87	0006c4de
090e1420	0006c514
090fc862	0006c542
0910bb1d	0006c574
0910bdd0	0006c574
091180d0	0006c58e
09118f08	0006c5b2
09119fd4	0006c5d4
09138c12	0006c60a
0915db89	0006c62c
0918052b	0006c64e
09189f44	0006c6a6
0918e37f	0006c6d4
091a85e9	0006c71c
091ab071	0006c760
091ad455	0006c794
091b2c5a	0006c7b6
091b84da	0006c7ec
091d0d45	0006c824
091d2478	0006c850
091dee0f	0006c880
091e4170	0006c8a2
092126ff	0006c8cc
09217365	0006c8fc
0923b105	0006c928
092624ed	0006c950
092705cc	0006c976
09275b1f	0006c9a4
09284971	0006c9ec
0928bee9	0006ca42
092ceb2c	0006cab4
092dd6c1	0006cade
092f8b25	0006cb04
092f8bb6	0006cb04
0930a336	0006cb58
0931274e	0006cb74
09343c3e	0006cba4
0934bccf	0006cbec
0935fa9a	0006cc2e
09361dcb	0006cc48
09395081	0006cc74
0939e71b	0006ccbc
093ad696	0006ccdc
093c8960	0006cd0c
093eb740	0006cd5e
094128b1	0006cdc6
09470469	0006cde6
094926d3	0006cdfc
094b18e8	0006ce1e
094c661d	0006ce4e
094ed03e	0006ce80
094fcf54	0006ceaa
09519a7b	0006cec0
09548ba5	0006cef4
0954f0ab	0006cf1e
09557cd3	0006cf7c
095bd19c	0006cfb8
095ce9af	0006cffe
095cf83c	0006d084
095ffc42	0006d0ae
09619480	0006d0d2
0962a1d4	0006d102
096569e3	0006d13a
0967d54b	0006d14e
0967d83b	0006d180
096a2302	0006d1a4
096a290e	0006d1d0
096a4fc9	0006d1f6
096b9606	0006d216
096c7545	0006d240
096d568b	0006d268
096e61c8	0006d2be
0971149c	0006d2e8
0972131f	0006d308
09726022	0006d362
09737a07	0006d3a8
0973b01f	0006d3ca
09748863	0006d424
09773541	0006d44c
0977dad9	0006d468
0977e4ca	0006d4d8
09799d2d	0006d4fc
097b2f83	0006d516
097b3e5e	0006d54a
097d8a54	0006d564
097da990	0006d572
097db729	0006d59a
097dc7e3	0006d5de
097e9248	0006d616
097ff1ab	0006d628
0981daeb	0006d662
0983814b	0006d68e
0983acc8	0006d6e0
0985ce62	0006d702
0985ee55	0006d728
0986c7ed	0006d760
098b255c	0006d7b4
098f6ab1	0006d7f4
0993161e	0006d83a
099323dc	0006d850
09933fdc	0006d866
09935461	0006d83a
099367c1	0006d8aa
0994570a	0006d8c2
09946bcd	0006d920
09954714	0006d934
099776e5	0006d950
0998f3e6	0006d984
0999cef8	0006d9c0
099b153b	0006da06
099b9ab9	0006da4e
09a14aed	0006da98
09a29c44	0006dac6
09a3b170	0006db02
09a5afbf	0006db40
09a8f5a1	0006db8c
09ab7eab	0006dbc2
09adecef	0006dc0e
09afb389	0006dc50
09affcf9	0006dc80
09b00df5	0006dcc0
09b00eef	0006dce6
09b2217e	0006dd32
09b45b0a	0006dd60
09b522e5	0006ddac
09b5565f	0006ddd2
09b6b874	0006ddf4
09b81fc3	0006de32
09b96684	0006de4c
09b98e14	0006dea6
09ba51e5	0006dec6
09bb16e1	0006dee4
09bbd776	0006def8
09bcbbc7	0006df2a
09bcd2a1	0006df6a
09bde217	0006dfba
09c0fc2e	0006dfdc
09c13c82	0006dffa
09c5cddb	0006e066
09c65737	0006e0ba
09c66feb	0006e10c
09c8f9b5	0006e154
09ca0040	0006e1aa
09ca61fd	0006e1d2
09cca26c	0006e1f4
09d17619	0006e234
09d224fd	0006e25c
09d2d731	0006e2b2
09d406d3	0006e2ca
09d55a6c	0006e2f6
09d57afb	0006e32c
09d5d4b8	0006e360
09d62bcf	0006e38c
09d989db	0006e3b4
09da6169	0006e3ca
09dc3f1a	0006e404
09dc7020	0006e450
09def745	0006e4ac
09dfea76	0006e4e0
09e22ae5	0006e52a
09e261c4	0006e554
09e32202	0006e592
09e3393e	0006e5b6
09e3de20	0006e600
09e9f4c5	0006e63c
09eab080	0006e658
09f00175	0006e678
09f007bb	0006e678
09f0f785	0006e6d2
09f227ae	0006e71a
09f36a1a	0006e74a
09f38ecc	0006e784
09f39c0c	0006e7d4
09f720f6	0006e808
09f95fef	0006e852
09fa487a	0006e87a
09fc4ea1	0006e8e0
09fe081b	0006e90a
09feebd9	0006e930
0a004c4e	0006e962
0a00cbbf	0006e9c4
0a011c44	0006e9e0
0a0225da	0006ea0a
0a02564b	0006ea40
0a032804	0006ea58
0a03c33d	0006ea84
0a08f0c2	0006ea9a
0a0b14c8	0006eb04
0a0db692	0006eb5c
0a0dec62	0006eb7c
0a0e9e02	0006ebe2
0a0ea48a	0006ec30
0a0f2a6e	0006ecaa
0a0fbeda	0006ecc2
0a116c41	0006ece8
0a1212b5	0006ed08
0a13100d	0006ed26
0a134a69	0006ed4e
0a1440e5	0006ed8a
0a1522c0	0006eda4
0a1973f8	0006edd6
0a1a3210	0006ee06
0a1aab14	0006ee2a
0a1bdb7a	0006ee7c
0a1c9730	0006eed2
0a1f763e	0006eeea
0a1f7e90	0006ef3e
0a2120dc	0006ef5e
0a22c258	0006efc2
0a232a0a	0006eff6
0a24f351	0006f00c
0a2559ba	0006f046
0a273080	0006f066
0a285f30	0006f09a
0a29071d	0006f0b2
0a2971ce	0006f0d0
0a2a0b5e	0006f10c
0a2a84d3	0006f158
0a2bf5de	0006f17c
0a2c9d99	0006f196
0a2ef12f	0006f1ec
0a2f69cb	0006f218
0a32e9aa	0006f23e
0a334f5e	0006f286
0a347cd2	0006f2ba
0a35bd47	0006f2e8
0a3720e7	0006f348
0a38d183	0006f37a
0a39fbad	0006f3ca
0a3a2bc9	0006f3e8
0a3aabda	0006f428
0a3af9b6	0006f452
0a3c7171	0006f49e
0a3cb292	0006f4c4
0a3ce901	0006f51c
0a3db3df	0006f54e
0a3f5f41	0006f574
0a420299	0006f5ae
0a449b37	0006f5d2
0a44bf1e	0006f5fe
0a44e574	0006f624
0a4597b7	0006f662
0a502abe	0006f67e
0a5149c1	0006f700
0a52428d	0006f73e
0a53e1cb	0006f76c
0a56e613	0006f7a2
0a59241a	0006f7d4
0a592a47	0006f7f6
0a5df1cd	0006f820
0a5e1925	0006f83a
0a60d0b1	0006f860
0a60ea0b	0006f860
0a627815	0006f874
0a63742f	0006f8be
0a641f15	0006f8da
0a69fd46	0006f924
0a6b4996	0006f94e
0a6c6d94	0006f96a
0a6d4811	0006f99c
0a6d936b	0006f9dc
0a6dbfa0	0006fa1e
0a6e4438	0006fa54
0a6ec765	0006fa6e
0a70c91c	0006fa8a
0a71114a	0006fad8
0a73619a	0006fb1c
0a795058	0006fb4e
0a7ceba8	0006fb7a
0a7fb378	0006fbb4
0a7fcf20	0006fbd8
0a810325	0006fc06
0a86b9c8	0006fc32
0a89a22f	0006fc7a
0a8a4de1	0006fcb4
0a8bff36	0006fcca
0a8ff806	0006fcf4
0a90bae9	0006fd32
0a94f20d	0006fd76
0a9629e3	0006fd9e
0a9d2675	0006fdb6
0a9e61ae	0006fe06
0a9e96ae	0006fe30
0a9f2f25	0006fe88
0aa3a620	0006feb6
0aa62527	0006ff04
0aa6c486	0006ff24
0aa6ec30	0006ff42
0aa957ae	0006ff62
0aab54d0	0006ff92
0aab5fc2	0006ff92
0aadd11c	0006ffa6
0aae3aec	0006ffdc
0ab05ce1	00070028
0ab124ce	00070044
0ab18e4e	0007006c
0ab4f0f8	000700ae
0ab5797e	000700ca
0ab7f8c0	000700ec
0ab89449	00070144
0ab95f2d	0007015e
0ab99c4e	00070188
0abb5b86	000701aa
0abbc9bf	000701d4
0abc202c	00070210
0abc7694	00070262
0abd19b8	000702cc
0ac068aa	000702f2
0ac45b05	00070334
0ac5334d	00070372
0ac5fb6a	000703ea
0ac793b9	0007041c
0acc6505	0007042c
0acd252d	0007046e
0acda6aa	000704a4
0acdc51e	000704d0
0acf2e84	000704f6
0acfa7a7	0007051e
0acfab8d	00070546
0ad0886d	00070562
0ad356cf	00070598
0ad4f802	000705b2
0ad6297d	0007060a
0ad74e89	0007063a
0ad92d5f	00070688
0ad983d2	000706b0
0ada030f	0007070e
0ada4e3d	00070732
0adaa7f5	0007075e
0adae4f7	000707a2
0add41cf	000707c4
0ae141ed	000707e8
0ae3a768	00070810
0ae3c8fc	00070838
0ae537b4	0007087c
0ae5496d	000708c2
0ae74004	000708ec
0aee2cd6	0007090c
0aee337c	00070960
0aef7d45	00070978
0af02111	000709a4
0af0c10e	000709ce
0af1702d	00070a12
0af1db05	00070a6c
0af2f395	00070a82
0af39559	00070ac8
0af4a41d	00070b00
0af5a72e	00070b3a
0af6a383	00070b8c
0af837f2	00070ba8
0afaaafa	00070be8
0afbf68e	00070c00
0afc18bd	00070c2a
0afca5d9	00070c6a
0afdc1f5	00070caa
0affc57d	00070cd0
0b012510	00070cf6
0b015f3c	00070d34
0b043156	00070d58
0b05c864	00070d7c
0b060c48	00070db4
0b06e4fc	00070e04
0b08c8c0	00070e32
0b0bde8d	00070e6a
0b0c64f3	00070e9c
0b0da551	00070ed4
0b0e718b	00070efc
0b1428e0	00070f60
0b14b253	00070f86
0b150d66	00070fac
0b15e4ec	00070fce
0b16efee	00071002
0b172b38	0007105e
0b17acaa	0007108c
0b17ded8	000710c2
0b183010	000710f0
0b1b244b	00071144
0b1fdad2	00071170
0b1fe1a6	00071188
0b1ff3f9	00071188
0b2235eb	0007119e
0b2293cc	000711c2
0b25874f	000711ec
0b266f6a	0007121c
0b277d17	0007125c
0b289891	00071298
0b291d6a	000712e4
0b2960c1	000712e4
0b2964a2	000712e4
0b33ba91	00071338
0b3820e8	00071352
0b383a40	00071398
0b386bf5	000713de
0b38a725	0007141a
0b3c849f	00071442
0b4018d9	00071458
0b40a70f	00071488
0b40b295	000714c4
0b43e151	00071514
0b46f2cc	00071544
0b472f19	0007157e
0b4892b5	00071598
0b48c093	000715b4
0b497d80	000715dc
0b4cf981	0007163e
0b4eb974	000716a6
0b4fde17	000716c2
0b5238a8	000716ec
0b548a95	0007172e
0b5504dc	00071756
0b55e040	0007178a
0b569f0c	000717aa
0b59498e	000717d8
0b5af5f0	000717f8
0b5d2814	00071836
0b5d9bf5	0007186a
0b5fd810	000718a2
0b607dda	000718b8
0b610f16	000718e0
0b635719	0007190e
0b64d2ef	0007192e
0b650056	0007195a
0b650a2b	0007195a
0b65236f	0007195a
0b6528ee	0007195a
0b652b73	0007195a
0b652e04	0007195a
0b6542c4	0007195a
0b655653	0007195a
0b655af6	0007195a
0b657b47	0007195a
0b657dfc	0007195a
0b65ac32	0007195a
0b65dd4d	0007195a
0b672c96	00071970
0b687b9b	0007199c
0b688c3c	000719fe
0b6981f4	00071a34
0b720256	00071a4a
0b76f9df	00071a6a
0b7a1d0b	00071ad2
0b7ab94b	00071b1c
0b7d493f	00071b72
0b7dceb8	00071ba6
0b7eeb02	00071bda
0b82b81c	00071c24
0b846990	00071c60
0b880625	00071c88
0b8869ab	00071cbe
0b8899e7	00071cea
0b8affbe	00071d0e
0b8bd8e5	00071d2a
0b8f8824	00071d52
0b8fbeef	00071d8a
0b9233c2	00071db6
0b929353	00071e0a
0b929577	00071e2e
0b951d3f	00071e74
0b95885b	00071ec2
0b995a36	00071f1c
0b9a5ce1	00071f3c
0b9c6117	00071f5a
0b9e0690	00071f94
0b9e6323	00071fec
0b9ec370	0007202e
0ba014aa	00072068
0ba1b588	0007209a
0ba225f1	000720de
0ba3bd83	00072130
0ba466e2	00072140
0ba4e54c	0007217e
0ba52712	000721a6
0ba59eb8	000721ca
0ba6cfec	000721fa
0ba7237c	0007225a
0ba7cdc1	000722aa
0ba7d80b	000722de
0ba8ba74	00072330
0ba8d1ec	00072350
0ba9c7df	000723a4
0bb23cf5	000723d0
0bb25c82	000723f2
0bb49c32	00072416
0bb6821a	00072436
0bb74ddf	00072482
0bb8e6d7	000724cc
0bb9d7dc	000724f2
0bba8596	0007251c
0bba9822	00072536
0bbda8f8	0007255c
0bbe5dea	00072574
0bbece81	000725b8
0bbf53e1	000725e2
0bc19d9f	00072618
0bc2a0ad	00072644
0bc37571	00072670
0bc45373	0007268a
0bc57622	000726ce
0bc6f581	0007271c
0bc70fdf	00072760
0bc8124b	0007279a
0bc8246e	0007279a
0bc85df7	0007279a
0bca0905	000727b2
0bca58ed	000727c8
0bcd6cd5	00072802
0bd781ea	0007282e
0bd7bd7a	00072850
0bd7e17a	00072888
0bd849b0	000728ce
0bd88cee	000728fc
0be5118d	00072924
0bed92ab	00072944
0bede509	0007295c
0bede56f	0007295c
0bf20d3b	00072970
0bf36f88	000729b6
0bf42fc4	000729d8
0bf48524	00072a02
0bf676ee	00072a2e
0bf74999	00072a68
0bfa842d	00072a9e
0bfb668f	00072af4
0bfb8392	00072b40
0bfb9113	00072b52
0bfbb4f6	00072b40
0bfbb818	00072b40
0bfbcf8c	00072b40
0bfbec0d	00072b40
0bfdf63b	00072b66
0bfdfb5a	00072c2e
0bfe65b3	00072c5a
0bff0766	00072c7a
0c0009f9	00072c9e
0c023e5e	00072ce0
0c02889e	00072d0a
0c0496bd	00072d32
0c0506ed	00072d5e
0c08a59a	00072d7c
0c092475	00072da2
0c0b107d	00072dde
0c128aec	00072e22
0c155dc2	00072e44
0c1b4bd1	00072e8e
0c1f44ee	00072ece
0c22e5ae	00072f24
0c2451eb	00072f6e
0c24bb80	00072f8a
0c254cca	00072fb0
0c255ea6	00072fea
0c270d6d	00073000
0c2792dc	00073056
0c29a855	00073082
0c2b3b3d	000730ac
0c2d57da	000730d2
0c2f3cfd	000730f8
0c3090c2	00073120
0c30f48d	00073170
0c3156b4	0007319c
0c32d209	00073236
0c36b618	00073284
0c3896d4	000732b2
0c3a0f04	000732e4
0c3c91e2	0007330e
0c3e148b	00073320
0c3f94a2	00073386
0c429158	000733b2
0c432b17	000733e4
0c47d62d	00073414
0c484629	00073438
0c494bf8	0007345e
0c497de7	000734a2
0c4c07a9	000734be
0c4e081f	000734ec
0c511bbb	00073518
0c516cca	00073538
0c521a58	0007356e
0c530ab8	0007358c
0c53b7e2	000735aa
0c557de8	000735e0
0c55b756	00073614
0c55c4dc	00073660
0c57311b	00073678
0c576634	000736c8
0c586806	00073712
0c5965bb	00073762
0c5a3e94	00073796
0c5ad45b	000737b6
0c5bd0ba	000737d8
0c5c2905	000737f8
0c61404b	0007383c
0c6142f3	00073886
0c61d4d7	000738aa
0c6319dc	0007390c
0c656e68	0007393c
0c672d5f	00073968
0c693317	00073990
0c6b3311	000739b8
0c6c13e0	000739ee
0c702aff	00073a12
0c721c87	00073a3a
0c740f40	00073a68
0c76c533	00073ab0
0c78fefe	00073af0
0c7928fd	00073b44
0c7976d6	00073b8c
0c7bf094	00073bb0
0c7c0a17	00073be0
0c7ee3be	00073c44
0c820bf1	00073c6c
0c8392e3	00073cd2
0c83c73d	00073d0a
0c851cb4	00073d56
0c86447c	00073d70
0c865eb6	00073d88
0c88a433	00073d96
0c8b813f	00073db8
0c8ba547	00073dea
0c8bfd3b	00073db8
0c8d8393	00073e22
0c8dcc5b	00073e62
0c8ecf93	00073e98
0c8f8894	00073ec2
0c905b75	00073ee0
0c919514	00073f04
0c9241fe	00073f40
0c924d13	00073f60
0c9266c8	00073f7e
0c9435cc	00073f96
0c9475a6	00073fbc
0c9713bf	00074010
0c97a889	00074042
0c9806ca	0007407c
0c98904b	000740f2
0c992c9c	00074130
0c9cc211	00074168
0c9eaee6	00074180
0ca0c987	000741ca
0ca3c04f	000741f2
0ca594de	00074220
0ca59dc6	00074260
0cade53d	0007429a
0caf5be0	000742d4
0cb05dc6	000742f8
0cb11d70	0007431e
0cb3b0b0	00074352
0cb8462f	000743a4
0cb874f9	000743de
0cb8930e	000743fe
0cb8f863	0007442c
0cb9b381	00074476
0cba70f1	000744b2
0cbb79ea	000744ea
0cbcc8f5	00074524
0cbeb96a	0007455c
0cbf0937	00074584
0cc221c6	000745aa
0cc29c42	000745d6
0cc2b59b	000745f0
0cc2e555	0007460a
0cc6d769	00074622
0cc9903b	0007464e
0cca68ca	00074692
0ccc2d88	000746aa
0ccd1320	000746d8
0cd0e8ae	00074700
0cd33e90	0007472e
0cd5a95b	00074780
0cd5d34f	000747c2
0cd6c30b	000747fe
0cd70f2c	0007481e
0cd71f59	00074838
0cd74ce6	0007485a
0cd78cd2	000748a6
0cd8effb	0007492c
0cd9d0c9	00074972
0cd9f283	00074984
0cdaf70d	00074996
0cdcfce4	000749b0
0ce0984a	000749d6
0ce0a362	00074a0c
0ce13250	00074a32
0ce256cc	00074a7a
0ce2899e	00074aae
0ce36506	00074aec
0ce64c0f	00074b08
0ce6c30a	00074b66
0ce7b978	00074b9e
0ce7d958	00074b9e
0ce99661	00074bc4
0cec588e	00074c08
0cecf031	00074c60
0cee05fd	00074c74
0cee1144	00074ccc
0cf03cc1	00074d02
0cf0a712	00074d2e
0cf20588	00074d4e
0cf8e07e	00074d84
0cfa78b7	00074dd8
0cfa7c67	00074e06
0cfc03e6	00074e3a
0cfd7db3	00074e7a
0cfd960a	00074ea8
0cff6cf1	00074ecc
0cff7b08	00074f0c
0d00825b	00074f36
0d012524	00074f82
0d03d329	00074fc0
0d04d5d2	00075006
0d06886b	0007505a
0d06ca89	00075098
0d06d5fc	000750b0
0d076ee2	000750e2
0d0894ed	00075112
0d09edde	00075124
0d0a41ce	00075164
0d0b7646	000751ac
0d0e564c	000751d2
0d0e87fd	000751ee
0d0f3c36	00075238
0d0f768e	0007528c
0d0f95e1	000752b4
0d1027c3	000752e4
0d10d3c0	000752fe
0d113792	00075314
0d123473	0007533e
0d135438	00075378
0d173681	000753bc
0d182498	000753ec
0d187c87	0007542e
0d197e00	00075450
0d1b2197	00075480
0d1e87f9	000754c0
0d20c949	0007558c
0d21f162	000755c0
0d22afa0	000755f6
0d248266	00075644
0d24f47c	00075680
0d27f607	0007569a
0d283377	000756e0
0d28bbfd	00075714
0d2bc286	00075742
0d2c082c	0007579c
0d2c3cdc	000757f2
0d2c439a	00075816
0d2f5389	0007583a
0d3152dd	0007585c
0d3324a7	000758a6
0d338899	00075912
0d33e397	00075946
0d38b8b0	00075990
0d392df9	000759ca
0d3abce2	00075a06
0d3bfec6	00075a32
0d3d0086	00075a70
0d3d2fa4	00075a70
0d3d7c4c	00075a70
0d3d86e4	00075a70
0d3daa5c	00075a88
0d3daae5	00075a70
0d3db990	00075aa0
0d3dbb60	00075a70
0d3de52e	00075a70
0d3dfd85	00075a70
0d3e036d	00075aba
0d3ecebc	00075b1c
0d3fdf10	00075b52
0d3ff871	00075b6a
0d417c96	00075b88
0d439aad	00075bb0
0d449b59	00075bce
0d45cd2b	00075be8
0d46d11b	00075c30
0d498527	00075c5e
0d4a8596	00075c8e
0d4c2935	00075cb8
0d4c98c9	00075cea
0d4fa157	00075d06
0d4fe94d	00075d18
0d510a5e	00075d7c
0d531436	00075d9c
0d53c052	00075dc4
0d54ae7a	00075df2
0d56bccc	00075e32
0d597c1f	00075e46
0d5a9848	00075e6c
0d5ad97e	00075ea2
0d5b5c20	00075f22
0d5b60fb	00075f4a
0d5b8d19	00075f60
0d5c1182	00075fac
0d5c11ad	00075fe0
0d619f98	0007601a
0d61b47e	00076034
0d61b6b9	0007606c
0d61e1fb	0007608e
0d64074c	000760a8
0d64e1b5	000760d6
0d666b95	00076110
0d6687ee	00076170
0d672588	000761ac
0d676840	00076208
0d68b1d1	0007626a
0d68e1bd	000762da
0d6b26b0	00076304
0d6b9d76	00076324
0d6d2b69	00076362
0d6e3805	0007639c
0d75d6fe	000763c6
0d78634e	000763e0
0d79b46b	00076404
0d7ac90d	00076418
0d7afad5	00076436
0d7df6c7	00076460
0d7eee8c	000764a2
0d808439	000764c0
0d81154d	00076520
0d811872	0007653a
0d811976	00076550
0d81b4ce	0007653a
0d81c6ac	0007656a
0d827729	000765bc
0d8846ee	000765d4
0d89308c	000765ec
0d8de53d	00076628
0d8f571d	0007664c
0d8f729b	00076684
0d8f9fc7	000766be
0d91ae8c	000766d8
0d926650	00076714
0d9377f4	00076766
0d97aa2a	00076780
0d97cc4f	00076780
0d98b2a6	000767b6
0d99259e	000767d4
0d9b12d1	00076802
0d9bf096	0007681e
0d9e1d94	0007684e
0d9ed5a3	0007688c
0da6e895	000768ee
0da711cf	0007692a
0da74501	00076962
0da9dbac	000769a8
0daaece3	000769c8
0dab798a	000769e8
0daecf13	00076a34
0daf3da6	00076a58
0dafa8f8	00076a8e
0db0f620	00076ac4
0db13435	00076b10
0db19e6f	00076b40
0db47711	00076b6c
0db4d8a7	00076ba6
0db5756b	00076bc2
0db6ffb9	00076bec
0db79b1f	00076c16
0db7c781	00076c48
0db89683	00076cac
0dbec3e7	00076cda
0dbfe687	00076d24
0dc039e3	00076d48
0dc201ff	00076d80
0dc5d342	00076dc0
0dc682fe	00076e02
0dca83a2	00076e24
0dcd7e79	00076e5a
0dd6bfd9	00076e92
0dd763b8	00076eb4
0dd7f4ec	00076eea
0dd80e1c	00076f2a
0dd96018	00076f5c
0ddb3733	00076fae
0ddb75c1	00076ff6
0ddc07ae	00077032
0ddc0856	00077068
0ddcbb02	00077080
0ddd7c25	000770a6
0de242bb	000770d6
0de7561e	000770e8
0de91e64	0007712c
0de92d9c	0007714a
0de9fb90	0007714a
0debf515	0007715a
0ded55e9	00077180
0ded56ce	000771be
0df0bab2	000771e0
0df3d2e3	000771fe
0df53648	00077230
0df62541	00077266
0df78cb7	000772a8
0df890a6	000772e6
0df9290c	000772fc
0dfeaa89	0007734c
0dfec1eb	0007737a
0dff1cb1	000773ac
0dff8237	0007742c
0e017d3a	00077456
0e0237e5	0007749a
0e02c9a2	000774b8
0e04faa2	000774e6
0e05ed3b	00077502
0e0ac626	0007752e
0e0bc95d	00077574
0e0d6d38	000775d6
0e0d9453	000775f0
0e0e056d	0007760c
0e0ec3ab	00077628
0e0fc5db	00077642
0e12b42c	00077694
0e152a66	000776cc
0e176949	000776e6
0e198ca5	00077714
0e1a1760	0007774e
0e1bcd04	00077768
0e1df8ca	00077782
0e1fe9c6	000777b8
0e20d33c	0007781c
0e26d799	0007785c
0e2cc960	0007787a
0e2cfecf	0007789c
0e2ddd88	000778ce
0e306765	000778ee
0e3156bf	0007792c
0e331617	00077946
0e34f4a2	0007796a
0e354a96	00077988
0e3870da	000779d4
0e3878b4	00077a06
0e3955c3	00077a26
0e39d552	00077a72
0e3a0c5f	00077ad6
0e3eaee5	00077b18
0e3ef6cd	00077b40
0e428fca	00077ba4
0e430686	00077bc2
0e44ec9c	00077bea
0e464671	00077c16
0e46499f	00077c5a
0e47c1c9	00077c9a
0e4b4166	00077cbe
0e507b9b	00077ce0
0e542211	00077d3c
0e5426bc	00077d3c
0e542fff	00077d3c
0e543696	00077d3c
0e545332	00077d3c
0e557a10	00077d52
0e568e47	00077d98
0e5884cc	00077dc4
0e59e1a0	00077df8
0e5b25af	00077e2a
0e60037c	00077e4c
0e60d852	00077e96
0e658c0c	00077ed8
0e67054a	00077f14
0e67847f	00077f36
0e67cd16	00077f9e
0e6b2ad6	00077ff2
0e6b928a	00078046
0e6bcab1	00078046
0e702ffe	0007805c
0e713cfa	0007807e
0e72a80a	000780a6
0e761c60	000780d8
0e76fe11	000780f0
0e77dbe1	00078114
0e781369	00078132
0e794475	00078154
0e7a836b	00078172
0e7ab6aa	000781c0
0e7b3942	0007822a
0e7b5dbb	0007824e
0e7ed123	00078284
0e8377fb	000782c6
0e844426	000782f6
0e86202d	00078356
0e89c8fc	000783c8
0e8ab58f	000783fa
0e8e51c5	00078444
0e8f9ad3	00078472
0e905905	0007849a
0e92f424	000784ba
0e938297	000784ee
0e942ecf	00078522
0e959633	0007854a
0e961d1b	00078584
0e965d35	000785b2
0e9a85f0	00078614
0e9d124d	00078644
0e9d2bd8	00078660
0ea38712	0007867e
0ea3b11b	000786bc
0ea59579	000786f6
0ea7754d	0007872c
0ea7e6c6	00078754
0ea8f65e	0007879a
0eab0773	000787e4
0eac6487	00078806
0eac80f7	0007882e
0eae63ec	00078858
0eb22445	00078884
0eb51822	000788b0
0eb56873	000788d0
0eb65954	00078900
0eb69c3f	0007892c
0eb8d6cf	00078958
0eba4a72	000789c0
0ebbf336	000789d8
0ebd4ef6	000789fa
0ebf6f73	00078a3c
0ec0cf95	00078a6c
0ec19963	00078aa6
0ec258df	00078ace
0ec5591e	00078b0c
0ec879a1	00078b4a
0ec8e824	00078b68
0ec997f9	00078b7e
0ecb525f	00078b98
0ecd55cd	00078bae
0ecdef53	00078bd4
0ece6936	00078c0c
0ece8548	00078c3a
0ece86ba	00078c6a
0ed719a9	00078ca2
0ed73d9e	00078cdc
0ed76ae9	00078d0a
0ed844df	00078d38
0ed89176	00078d78
0eda6c4d	00078dbe
0edb92fe	00078de0
0edc4041	00078e28
0edc65ef	00078e78
0edcb7d3	00078e94
0eddad3b	00078eb4
0ede2681	00078eec
0edf686f	00078f1a
0ee02531	00078f62
0ee0dcbb	00078f7c
0ee1f38f	00078fae
0ee489e5	00078fd0
0ee4d55d	00078ffa
0ee5aa53	00079024
0ee5eafb	00079054
0ee95b94	00079086
0eea8c76	000790a2
0eebadaf	000790e0
0eec57c9	000790f2
0eecce72	00079146
0eed9258	000791ba
0eedcc60	000791d2
0ef3cd75	000791ec
0ef49c28	00079208
0ef68827	0007923e
0ef93263	00079272
0ef9a0af	00079294
0efd5e7e	000792c8
0f00c39a	00079318
0f031d4f	00079342
0f043c60	00079378
0f04b335	000793c4
0f053971	000793e6
0f05d8e2	000793fe
0f05e210	00079432
0f06a28b	00079456
0f0a7647	00079488
0f0ab020	000794b2
0f0cf55c	000794f8
0f0d7e35	00079518
0f0dd6ce	0007954c
0f0fa70e	0007959c
0f0ff5d3	00079612
0f12b7af	00079644
0f13338d	00079684
0f13a2ce	000796c6
0f13a8d9	000796fc
0f14409d	00079724
0f19ceaa	00079752
0f1b4959	0007977a
0f1bdb58	000797c4
0f1fbfc5	000797da
0f20c646	00079806
0f22e789	0007983c
0f24c38a	0007985e
0f26c9c4	00079888
0f2717d1	000798d6
0f27e494	00079908
0f28ef0d	00079930
0f293586	00079950
0f296bc0	00079960
0f2ad5c8	000799b2
0f304d08	00079a16
0f3634b6	00079a68
0f3638e1	00079a92
0f37062d	00079ada
0f378468	00079b02
0f378adc	00079b2c
0f3895b6	00079b5c
0f38aea2	00079b92
0f38b4ea	00079be0
0f39371b	00079c14
0f3da8df	00079c68
0f45558f	00079cc4
0f469c60	00079d12
0f480655	00079d42
0f489635	00079d5a
0f48b1ec	00079d72
0f4a05f4	00079d96
0f4abbeb	00079de0
0f534977	00079e22
0f53c240	00079e4e
0f57316a	00079ea0
0f5c8f16	00079ed8
0f60a782	00079f06
0f60ccc3	00079f32
0f64cbf7	00079f9c
0f6527d2	00079ff8
0f652cbe	0007a02a
0f67fa2e	0007a054
0f688c8c	0007a084
0f69ba97	0007a096
0f6ace5e	0007a0b6
0f6b1095	0007a0e2
0f6bbb20	0007a108
0f702a0e	0007a16a
0f719d07	0007a1b0
0f7264cb	0007a1d4
0f7293d1	0007a204
0f7389b7	0007a22c
0f74b459	0007a254
0f75ad64	0007a266
0f75b1e3	0007a290
0f75dc9f	0007a2d2
0f75f38b	0007a31a
0f7b0890	0007a34c
0f7c0e40	0007a36e
0f7dfb6f	0007a388
0f7e79ea	0007a3d2
0f7f58b3	0007a3ee
0f8097fa	0007a416
0f82f468	0007a452
0f83093b	0007a498
0f868fae	0007a4d8
0f875560	0007a512
0f8853c6	0007a57e
0f8c23ec	0007a59e
0f8c6a01	0007a5e4
0f8cf20f	0007a610
0f8ee63f	0007a672
0f8eecf5	0007a694
0f8f3d72	0007a6cc
0f920bb8	0007a6f4
0f9261ff	0007a710
0f92d12c	0007a76e
0f961348	0007a7d2
0f98ee9d	0007a81a
0f9cc2a8	0007a83c
0f9cd4f2	0007a866
0f9d9814	0007a8a4
0fa0c8c8	0007a8bc
0fa151d0	0007a8fa
0fa2095b	0007a914
0fa29732	0007a95a
0fa2af2f	0007a97c
0fa2e59e	0007a9aa
0fa4c2a1	0007a9e2
0fa56d34	0007aa4c
0faadd7a	0007aab0
0fae49f3	0007aad6
0faeeae9	0007ab1c
0faf18c3	0007ab4a
0fb5edde	0007ab78
0fb6520f	0007abc0
0fb7bb0b	0007abe8
0fb88b91	0007ac36
0fbe1575	0007ac6e
0fbe1b12	0007ac6e
0fbe3268	0007ac92
0fbe90e4	0007acba
0fbf1ec1	0007ad06
0fbf73ff	0007ad42
0fc0c991	0007ad7c
0fc0d3dc	0007adb4
0fc6e721	0007adde
0fc78a70	0007ae1e
0fc7cce7	0007ae36
0fc8c269	0007ae4c
0fcc5a38	0007ae6c
0fcde7c5	0007ae96
0fce1ffd	0007aec2
0fce3449	0007aec2
0fce43cf	0007aec2
0fce6579	0007aec2
0fcefa54	0007aec2
0fcfad42	0007aed6
0fd0361d	0007aeea
0fd08eca	0007af36
0fd315ec	0007af62
0fd64551	0007af9a
0fd6e2d8	0007afbc
0fd74d3f	0007b03a
0fd99ec9	0007b0a0
0fdb76f7	0007b0da
0fde5181	0007b0f8
0fdf37c0	0007b160
0fe1a385	0007b19e
0fe25d0f	0007b1b0
0fe385ee	0007b1e4
0fe387ff	0007b25a
0fe4fca4	0007b274
0fe6f33a	0007b28e
0fe7d626	0007b2bc
0fe8c9d4	0007b2e6
0fe9c762	0007b316
0feae93a	0007b346
0fec203e	0007b36a
0fec8968	0007b39a
0fec9f0d	0007b3be
0ff0d990	0007b3f8
0ff0f044	0007b40c
0ff30914	0007b432
0ff33014	0007b488
0ff40273	0007b4b0
0ff5167c	0007b4e8
0ff74c53	0007b508
0ff87fd5	0007b538
0ffa2abc	0007b56a
0ffb220a	0007b5a8
0ffb7719	0007b5e0
0ffe0a98	0007b628
0fff348b	0007b674
0ffface2	0007b696
10003307	0007b6d8
1001cee6	0007b702
1003940b	0007b71c
1008aec1	0007b750
100ef0ac	0007b77c
100f1694	0007b7b2
1010632d	0007b7d0
101128cb	0007b810
10124008	0007b864
1012d1aa	0007b892
1014b06e	0007b8b0
10161d9e	0007b92a
10186caa	0007b960
1018b473	0007b9c6
101a57f6	0007b9e6
101ae463	0007ba3a
101b396d	0007ba54
101e329f	0007ba76
101efd6a	0007bac8
101f2fc8	0007bb04
101fd78b	0007bb24
1021d96e	0007bb44
10232fcf	0007bb8e
1024c675	0007bbbe
10273744	0007bbe4
102dfd84	0007bc08
102f1da3	0007bc32
103085a5	0007bc64
1030ebb6	0007bcaa
1031a45f	0007bce0
103223dd	0007bd10
1034523f	0007bd4a
1034ceb4	0007bd78
10355266	0007bd94
10373fda	0007bdd2
1037a1fb	0007bdfc
10388f3e	0007be42
103a3807	0007be6c
103a6d25	0007be8c
103adf3b	0007bebc
103b0171	0007bee4
103bad7b	0007bf10
103e2a2b	0007bf58
103e55ca	0007bf84
103fa4fd	0007bf98
103fe7ad	0007bfbe
10418c5f	0007bffa
10427b11	0007c010
1045255b	0007c046
10455147	0007c06c
10458ff7	0007c0bc
1046531f	0007c0e6
1046f4e4	0007c110
1048c26a	0007c136
104fe6b8	0007c154
10505602	0007c172
1052d386	0007c19c
1053af0d	0007c1c8
10559f2b	0007c1e4
105734ea	0007c21c
105d0176	0007c268
105dbf1c	0007c28e
10638d92	0007c2e2
10660f53	0007c308
10685c68	0007c322
1068a342	0007c348
1069714c	0007c3aa
106b0198	0007c3ee
107390d1	0007c422
1073a641	0007c438
1073cbc2	0007c44e
1073df60	0007c422
10762867	0007c464
1077a3ae	0007c49e
1077e23a	0007c4e2
1079084e	0007c524
107b2c5a	0007c578
107b3041	0007c596
107b745a	0007c5e2
107bf64b	0007c602
107ff1c2	0007c642
1080546f	0007c65e
10865ded	0007c67e
10895704	0007c6a6
108a90de	0007c6f0
108d206e	0007c74c
10917786	0007c780
1094751a	0007c7b2
10968a8f	0007c7f6
109a0ec8	0007c81e
109a4313	0007c81e
109a912c	0007c83e
109ac320	0007c8be
109b5455	0007c8f4
109c2895	0007c93c
109e2065	0007c952
10a06989	0007c994
10a0759e	0007c9aa
10a38b77	0007c9c0
10a4c2dc	0007c9e8
10a9fcbb	0007ca14
10aad030	0007ca62
10ab4ac3	0007ca82
10acb111	0007caa0
10ad637b	0007caf6
10aebd74	0007cb30
10b0c451	0007cb6a
10b253e7	0007cbbe
10b52b01	0007cbf2
10b52c89	0007cc46
10b6c4c6	0007cc68
10b7615b	0007cca2
10b9d657	0007cd02
10ba32aa	0007cd80
10bd53aa	0007cd94
10c13c7c	0007cdce
10c15c2a	0007cdce
10c18e85	0007ce22
10c256dc	0007ce3e
10c2d5a5	0007ce6e
10c41269	0007ce9e
10c42038	0007cece
10c460ac	0007cefa
10c4cc55	0007cf2e
10c8b935	0007cf4e
10c9e250	0007cf76
10ca8346	0007cfaa
10cc64f0	0007d010
10cea8db	0007d03a
10d01f87	0007d060
10d5422a	0007d0a0
10d767a0	0007d0d6
10d7ae55	0007d104
10d92776	0007d144
10dbf6d0	0007d17c
10dc489e	0007d194
10dd7849	0007d1c4
10dd9437	0007d1e6
10de39fd	0007d232
10de83c2	0007d232
10def20f	0007d248
10df3c7f	0007d25c
10e05d9e	0007d2d8
10e1c7d1	0007d326
10e1c811	0007d326
10e518b3	0007d338
10e9755c	0007d366
10e9a9d4	0007d3a8
10ea274e	0007d3be
10ea5f61	0007d3f6
10ee9bf1	0007d412
10eea3dc	0007d44e
10eee3c1	0007d46c
10efdc48	0007d4ac
10f08be3	0007d4ec
10f1878c	0007d522
10f372a2	0007d538
10f89a24	0007d55c
10f8f1bf	0007d58e
10f9771f	0007d5b2
10f98790	0007d5f4
10fdc7b5	0007d616
10ffcad4	0007d67a
10ffd980	0007d6a8
11009cbd	0007d6c8
11012735	0007d6e8
11024c79	0007d700
1102e565	0007d746
11034e86	0007d78a
1103b6c9	0007d7aa
11047e4b	0007d7c6
1105bebd	0007d802
1106aa11	0007d83a
1106ddfb	0007d876
11073130	0007d8c2
110855b3	0007d8f6
110a8677	0007d92e
110af5ff	0007d94c
110afd6d	0007d978
110b74f0	0007d9bc
110d4502	0007d9f4
110d73e4	0007da32
110d749d	0007da9e
110e0000	0007dace
1114ab78	0007daf0
1114ebf9	0007dba6
11157237	0007dc02
1115d927	0007dc38
1116b2bf	0007dc56
1116e7f2	0007dcb0
1116eea1	0007dcee
111ad435	0007dd2e
111c6af0	0007dd48
111d982c	0007dd7a
111e22cd	0007ddce
111e3037	0007de0a
111f16a5	0007de28
111fcf31	0007de62
1123fa85	0007de9c
11246da8	0007dec0
11274aa4	0007dee2
11279507	0007df00
1127ec87	0007df1a
11285015	0007df90
11299e75	0007dfbe
112a5d80	0007dfdc
112a982b	0007e040
112d2bb5	0007e076
112d9885	0007e0b6
112df4e1	0007e104
1130e1ad	0007e162
1131077d	0007e1c4
11338a41	0007e1fc
1137b7e2	0007e246
113a9c49	0007e282
113c8eae	0007e2b8
113d5747	0007e2e0
113dce80	0007e2f8
113e74f6	0007e338
113eb98a	0007e35a
1145426c	0007e39a
114596d2	0007e3b8
1148648a	0007e3ea
1149d446	0007e41c
114a8b04	0007e450
114e7f83	0007e498
114ec348	0007e4ba
11519642	0007e4fe
1152f634	0007e524
115314cc	0007e546
11553c2d	0007e570
11589892	0007e590
115a278a	0007e5da
115bbfb9	0007e624
115ddec0	0007e65c
115e1740	0007e6c0
116047e8	0007e6e0
1160c829	0007e700
11617a26	0007e764
1163a392	0007e784
11643cf9	0007e7ae
11654582	0007e83a
116566ec	0007e862
11673a78	0007e88e
11675592	0007e8c0
11675776	0007e8e4
11688361	0007e914
11691251	0007e94e
116ac6ed	0007e998
116cc7e9	0007e9c0
116e1713	0007ea00
116e42c7	0007ea76
116eec1c	0007ea9e
1171d8eb	0007eab8
117377e4	0007eae4
117adf00	0007eb0c
117db8c8	0007eb2c
117ee053	0007eb4a
118197d7	0007eb96
118274f3	0007ebb0
1182adba	0007ebc6
1182b0a0	0007ebda
1182b798	0007ebc6
11833f01	0007ec02
1187be76	0007ec2c
11895981	0007ec4c
118a6c50	0007ec7a
118dd3a0	0007eca8
118e66ad	0007ecfa
1190f984	0007ed3e
119124b3	0007ed7a
1191b777	0007eda8
11924127	0007eddc
119333b4	0007ee0a
11934823	0007ee3c
119460ff	0007ee58
1196657d	0007ee6e
119753d6	0007ee9a
1197c026	0007eefa
119b0c89	0007ef12
119d4a57	0007ef5a
119f2f4d	0007ef6e
11a19dea	0007efb8
11a38984	0007f01a
11a48ad6	0007f032
11a661a7	0007f06c
11a84bbd	0007f0b6
11a9166a	0007f0e0
11aaa51c	0007f112
11abcf26	0007f14e
11acfd5b	0007f18c
11ad0ac7	0007f1a6
11aecbd8	0007f1f8
11affe5e	0007f21e
11b2269d	0007f260
11b24323	0007f29c
11b3b47b	0007f2c2
11b6128c	0007f2e0
11b85113	0007f366
11b8ad4f	0007f388
11b92090	0007f3e8
11bcb01e	0007f410
11bcea76	0007f432
11be8d14	0007f464
11bfc085	0007f4e0
11c4a0d9	0007f4fc
11c5defb	0007f514
11c6a8f1	0007f558
11c7cbbd	0007f5ae
11ca0135	0007f5de
11cd49d8	0007f614
11d03d1e	0007f640
11d19318	0007f684
11d19d05	0007f6b4
11d47ec3	0007f6d4
11d7e8e3	0007f70c
11d8ad56	0007f734
11d922c9	0007f754
11d9c414	0007f79c
11db4b97	0007f7b4
11dbe279	0007f7f4
11dc8c54	0007f814
11dd2d80	0007f82a
11dfe366	0007f85a
11e1e721	0007f8aa
11e63d3f	0007f906
11e76d57	0007f91c
11ea3e84	0007f93e
11ee128b	0007f98a
11f2005f	0007f9d6
11f2ddc4	0007f9f8
11f44e46	0007fa18
11f45705	0007fa42
11f55ddd	0007fa86
11f6d9ac	0007faae
11f81919	0007faec
11f8e4d8	0007fb3e
11f95268	0007fb72
11f956bc	0007fba0
11f9a911	0007fbe6
11fa0893	0007fc04
11fa519e	0007fc5a
11fa5aab	0007fc88
11fa9682	0007fcb0
11fbfacd	0007fcd6
11fd5ab1	0007fd0a
11fd63f1	0007fd0a
11fed729	0007fd20
1201008f	0007fd52
12013dc4	0007fd82
120314f6	0007fda0
12039519	0007fdb6
1206bef1	0007fe06
1207b689	0007fe54
12081df3	0007fe68
1208656c	0007fe84
12089c41	0007fedc
12091244	0007ff30
1209147e	0007ff4e
12096961	0007ffa8
120cc183	0007fff4
120d6c15	00080034
120f0ab1	00080066
1211597b	00080092
12133803	000800c6
1213d0f3	000800e8
1213fc1c	0008011e
12169074	0008014a
121995d0	0008016e
121a8dcf	0008018e
121a9945	000801bc
121b34b1	00080208
121b8d5b	00080242
121d31ee	0008027e
121e782a	000802ac
121f53a6	000802d0
122110d7	000802f8
12261479	0008034a
1229a850	00080382
122b3f59	000803ce
1230a3e8	00080430
1231095f	00080454
12320cb4	00080480
123268c7	00080480
1232add1	000804a0
123483f3	000804c0
12350728	000804f4
1235af39	00080526
12366165	00080570
123c1829	00080594
123cb1dd	000805bc
123d8abf	000805dc
123e4f39	0008061c
123e50c0	00080644
123ecee9	0008067e
12418264	000806ae
124714cb	000806fc
1247b37e	0008074e
1248055c	00080774
1248e31f	00080790
1249ba00	000807a0
124a3867	000807c4
124db665	000807e6
124dc06d	00080812
12524977	00080876
12528429	000808a2
12563433	000808ce
12591ed8	0008094a
125c2a7a	00080972
125c7851	000809a8
125e534d	000809ba
125ea3b5	000809f0
12600338	00080a12
126029fd	00080a56
12614c84	00080a78
1265973f	00080a8e
1265c74b	00080aba
12666911	00080ae8
12674f8a	00080b1c
126ae7df	00080b64
126d73c1	00080ba0
1272e0a6	00080bdc
1273b513	00080c04
1274abbe	00080c60
1275133e	00080c92
1275cb27	00080cc2
12760d23	00080d04
1278bfef	00080d58
1279513e	00080dae
127b5ba4	00080ddc
1281ba7e	00080e00
128271e7	00080e42
1282e9e1	00080e66
12832dcd	00080e92
128485cb	00080eac
1284c800	00080f46
12879300	00080f9c
12880c49	00080fd2
12885c34	00080fee
1288f83c	00081030
128a8a5f	00081050
128a997a	00081080
128f7568	000810ca
12900d52	000810fa
12922632	00081134
1293c471	0008119e
12953176	000811ce
129bcbcc	00081228
129daf5b	00081288
129e7062	000812ac
129fe9ca	000812d8
129fff7b	00081326
12a052fb	00081348
12a08741	00081364
12a0fa2d	00081382
12a250c9	000813d6
12a2e2c2	00081400
12a4a09d	00081420
12a6c00c	0008143c
12a7b2d8	00081480
12a80e82	000814ae
12a9a2b0	000814f8
12abc096	00081516
12aeedc2	0008153a
12b016af	00081570
12b2ad0a	000815ac
12b5a853	000815c2
12b75d75	000815d8
12b8fec6	000815fa
12b9b05d	0008161a
12ba0d70	0007c438
12ba70bf	0007c438
12bd85ef	00081678
12be5219	0008169e
12bea488	000816d6
12bf0c6b	00081724
12c12e00	0008174c
12c23407	000817ac
12c2c803	000817dc
12c92b6f	00081840
12c9b11e	00081840
12d05a9d	00081856
12d0810d	0008188a
12d1f319	000818aa
12d3232a	000818e2
12d54859	00081932
12d5f9a1	0008195e
12d7a388	00081984
12d81143	000819b0
12dc1a02	000819d0
12dd186e	000819f0
12dd3854	00081a58
12df53c9	00081a8c
12e0ae2b	00081aba
12e108e1	00081b0a
12e10fdf	00081b34
12e297e4	00081b50
12e4f7b5	00081b94
12e87745	00081bb0
12e953ae	00081bd2
12eb045f	00081c06
12ec69ee	00081c2c
12ee39db	00081c6c
12ef827a	00081c9a
12ef9d56	00081cb2
12efa1af	00081d00
12efbe05	00081d00
12efde3a	00081d1e
12f0c6c2	00081d46
12f111a6	00081dce
12f2a0c1	00081de8
12f2fd10	00081e28
12f3b234	00081e44
12f43333	00081e7e
12f5d266	00081ebe
12f605ec	00081ef8
12f612cb	00081ef8
12f6210a	00081f0c
12f62596	00081ef8
12f62738	00081ef8
12f629ef	00081f26
12f62b6f	00081ef8
12f63e73	00081ef8
12f64e55	00081f26
12f651e9	00081ef8
12f652c0	00081f26
12f6968e	00081f26
12f6eae0	00081ef8
12faf1cf	00081f3a
12fe45d3	00081f64
1301958b	00081fcc
1303977e	0008201c
13043bb1	00082054
130710fe	000820b2
13072784	000820f6
130bcddf	00082120
130e4c8c	00082140
13128f4d	000821a0
13129c0b	000821bc
1313d192	000821ec
1315a98e	00082214
13162a47	00082236
13162a5b	000822d6
1317e820	000822fe
1318e852	00082324
131b26af	00082370
131b4fdb	000823ae
13207991	000823f8
1322bec3	00082420
13239f91	00082452
1323bf1d	00082496
1323e452	000824ae
13244e5e	000824e6
132af6d6	0008250c
132bcead	00082534
132bdde9	00082574
132d6dbd	00082588
132d967f	000825ae
132e0554	000825ea
13312c5a	0008261a
133199f4	00082648
13345b5b	00082680
13362249	0008269e
13370100	000826c6
13393ade	00082712
133af8b9	0008274c
133c34d9	0008277e
133cd420	00082798
133eb174	000827b8
133f774b	00082808
133f7abd	0008283e
133f7eeb	00082858
1344d650	00082876
1346a274	000828aa
134a1d00	000828ec
134a2176	00082922
134a6b35	00082956
134ae430	00082982
134bc7bc	000829c4
134e4f58	00082a10
1352df26	00082a4a
13533370	00082a70
13564fc4	00082a9c
13565639	00082ac6
1358b8f7	00082afa
135a6756	00082b1c
135ac2b3	00082b74
135b2deb	00082bce
135ca041	00082c24
135d7fae	00082c56
135e0e54	00082ca2
1360e8d2	00082ccc
1361b8e0	00082d04
1361d2f8	00082d4a
13620414	00082d82
1362de0b	00082db6
13650c11	00082dec
1366a262	00082e3a
13671bb6	00082e68
136840a2	00082eaa
13684fdd	00082eca
13695288	00082f08
13698a51	00082f26
136b3234	00082f76
136cbaee	00082f9a
136cbcf1	00082fda
136d2a62	00083040
136ebf75	0008306c
136efd72	0008309a
1370f23f	000830ce
1371cd06	00083124
1371d4a1	0008314e
13748b16	00083188
1376d077	000831ae
13772e9f	000831fa
137a0f6a	00083228
137a2b52	0008323e
137bb196	0008327c
137c0918	000832b0
137c63f7	000832f0
137d4a05	00083330
137d87dd	00083354
137e68b7	0008337e
137ff69e	00083392
13816f7b	000833b2
13818d35	000833fc
1382fc53	0008343c
1383cef5	00083480
13852a8b	0008349e
13855bae	000834c8
1387463b	000834ea
138a21ef	00083540
138a4d62	0008359e
138ba059	000835d2
138f2310	000835ec
138f59df	0008360c
13900ce6	00083658
13912f8e	0008368e
13913656	000836de
13930795	00083754
1396138f	0008376c
1396ef66	0008379c
139720b8	00083802
139ac778	00083820
139bc161	0008386c
139ff39f	00083886
13a10932	000838c0
13a46ce9	000838fa
13a89670	00083918
13ab541a	0008395e
13b1e6c4	000839a4
13b3287f	000839d4
13b405c6	000839f2
13b5eeea	00083a14
13b5f7d9	00083a42
13b7bf08	00083a76
13b99892	00083a94
13be22fb	00083ab2
13be6bfd	00083af4
13bf61dc	00083b68
13c07fae	00083b92
13c0e653	00083bbe
13c35bde	00083be8
13c39f76	00083c26
13c47a10	00083c4a
13c4d424	00083c76
13c797d2	00083c8e
13c995dc	00083ce0
13cd5b28	00083d2e
13cd9bac	00083d4a
13cdf7f7	00083d4a
13cec574	00083d66
13cedba0	00083dc4
13cf26b3	00083e00
13cf7781	00083e28
13d01b94	00083e52
13d3f29d	00083ea8
13d49868	00083eda
13d4f67f	00083f02
13d6efda	00083f64
13d8099c	00083f98
13d87c7e	00083fc2
13daeba4	00084014
13db4a36	00084058
13dc2b30	00084074
13dd3742	000840a4
13dedd5a	000840f4
13e59398	00084140
13e645b9	00084192
13e79b85	000841d0
13e903c1	000841e4
13e931f1	0008420c
13ec929a	00084238
13ee4135	0008425a
13f3fe84	00084286
13f4db12	000842aa
13f5970c	000842d2
13f5fb8c	000842e8
13f68372	0008432a
13f81afc	0008436c
13faf1bd	00084388
13fbeffd	000843d2
13fc8792	000843f6
140119b0	00084412
14018583	00084450
1402ebd7	00084464
14030d43	00084480
1403836a	000844a4
1403d7bc	0008450a
1404abc5	00084524
14052d46	00084544
1406af6e	00084566
140a4120	000845a8
140aaf32	000845d4
140ab9b1	000845f6
140ccfca	00084612
140d9782	0008462e
140e0b6a	00084654
141097cf	00084692
1411efe9	000846b8
14127bb4	000846ec
1412ab06	0008470a
141412fd	00084742
14142315	00084758
141459ec	00084758
14146ac4	00084742
141743e7	0008476e
1418986d	000847aa
1418a345	00084806
1419b60a	00084844
141d86cb	00084896
14212560	000848ce
1421a646	000848f8
1421e55d	00084926
1421fb33	00084972
14233161	00084992
1425d00c	000849d6
1426be7e	00084a16
14285e95	00084a30
1429e824	00084a3e
142bc1fc	00084a6c
142dff9e	00084aa0
142e3bc1	00084adc
14325b8f	00084b10
1435f691	00084b2a
1437a553	00084b48
143db3db	00084b6a
143eb8bd	00084b8c
143f3dc9	00084bbe
143fb703	00084bde
14407f86	00084c02
1443edff	00084c1c
1448a624	00084c60
1449ca74	00084cb0
144d38ef	00084cc6
144ffa15	00084cea
14549f3c	00084d38
1454eb6b	00084d7a
1455979e	00084d98
145687e5	00084dd4
1456ad63	00084df6
14570a08	00084e44
1457d7ee	00084e6c
14588865	00084e96
1458ad3f	00084eb0
145d008f	00084ecc
145dbdf5	00084ef4
145e09a3	00084f0a
145e2bc5	00084f56
145e4d71	00084f84
145fe63c	00084fbe
14612d75	00084ff2
14617ec3	0008500a
1462866c	00085024
146313e8	00085054
14646a9d	0008508c
1464a727	000850be
14655b06	00085104
1466e118	00085160
14673b3d	0008518c
1467e4b6	000851b4
1468ce6e	000851d6
146ad6bb	000851f4
146c47c7	00085226
146d2620	0008524c
146d5ddb	00085264
146edaa6	0008527a
146efbcc	000852a0
146f6f31	000852b6
1470e344	000852fc
14735c10	00085342
14763b3a	00085372
14780865	000853a4
1478d965	000853d2
14791f92	0008543e
147a0803	00085460
147b95d7	000854b2
147fa51b	000854ec
147fe9f5	00085502
148189c7	0008551a
1481aa83	0008555a
1482f4a4	00085592
148b9f0f	000855c4
148e994a	000855da
148f409f	0008561e
1491e18a	00085660
1492befc	0008567a
1492ccb3	000856c6
1492f991	000856e4
14958aa9	0008570e
1497d692	0008574e
14990b1c	0008577a
149a1705	000857b4
14a1ebd2	000857e6
14a25b1c	00085822
14a4b6a2	00085852
14a59787	000858a0
14aa1773	000858c2
14ab14c6	000858e2
14ab5c3f	00085900
14af12ac	00085912
14b2b315	0008593c
14b57957	00085978
14b695a0	00085998
14b69b37	000859ce
14b6fb55	00085a08
14bdb5cd	00085a20
14be4024	00085a44
14be56df	00085a7c
14c14965	00085ad6
14c18507	00085b32
14c21a40	00085b68
14c255c4	00085ba4
14c3080e	00085bce
14c54742	00085c1e
14c6d3e8	00085c5e
14c85fd8	00085cb4
14c998b8	00085cce
14c9aca8	00085ce8
14c9e2f8	00085d22
14cc9a10	00085d5a
14da0439	00085d74
14da2d5d	00085de6
14dae503	00085e0e
14dbd9dc	00085e66
14dc2b11	00085eb0
14dca85c	00085f26
14dcba10	00085f4c
14dd5e12	00085f72
14dde0ee	00085fa4
14ddf84b	00085fc8
14df3750	00085fee
14dfa842	0008603c
14e0c4e8	00086052
14e0dff0	00086064
14e2479f	00086098
14e29dfa	000860de
14e34d9c	000860fc
14e36072	0008611a
14ea08e6	00086156
14eb43c3	0008619a
14eb9415	000861cc
14edbb3c	0008620c
14edfea1	00086222
14ee3118	00086278
14ee6861	00086278
14eeb67a	00086278
14eec08e	00086278
14eecfe5	00086278
14ef61a9	0008628e
14ef9c7d	000862d8
14f074f4	000862ea
14f0e201	00086328
14f196e6	00086380
14f43377	000863ba
14f5a2da	000863d8
14f720df	000863f4
14f901c1	00086430
14f94a0d	00086430
14f9f698	0008644a
14fc9159	0008647e
14ff35ab	000864b8
150600ce	00086516
150c8fc4	00086552
150ed65e	00086572
15108c5d	0008659e
15115fab	000865d2
1512090e	00086616
1514038f	00086644
1514d8a4	0008666e
1516c6fd	00086694
15193de3	000866ca
151e26b9	000866f4
1522bb3f	00086718
152566c1	0008674c
1527f5ee	00086776
152977dc	000867c4
152a3df9	000867de
152ef321	00086800
15301ead	0008682a
153145d4	00086852
153154eb	00086874
15320c59	0008689e
15338885	000868c8
1534ebec	00086900
153520d8	00086932
1536f56f	00086954
1538f391	0007714a
153a09bd	0008697e
153a4cbb	000869e4
153bd1cc	00086a02
15407205	00086a3a
15424c9d	00086a8a
1542a15a	00086ada
154478df	00086b08
1544c024	00086b5c
1546d08a	00086b7a
15477bef	00086ba4
154945eb	00086bce
154f55c6	00086c08
154fd0f1	00086c1c
154fd4ee	00086c38
15503523	00086c4e
155196bc	00086c72
1552eb8a	00086ca2
15535168	00086cd6
155677be	00086d32
15574bf8	00086d62
15574e4e	00086d62
155756d3	00086dba
155ece7b	00086df6
155fc309	00086e40
155fc983	00086e62
1560fd9e	00086e80
15620775	00086eca
15640e9f	00086f04
15659cb9	00086f20
1568a32f	00086f7c
156b0d9c	00086fb4
156e5271	00086fd8
156e6a38	0008702c
156e9fb2	00087050
156f01cc	000870ac
157582d5	000870f6
15769b47	00087116
157737d2	00087132
15773fd9	00087158
1579c966	0008716a
157bc5d1	00087192
157e49c2	000871ee
157e9188	00087218
1581970a	0008724a
158328f0	00087274
15849703	000872be
158572b0	000872f8
1586f998	00087338
15875893	0008735c
158ae433	00087378
158b540e	000873c2
158b99e3	000873de
158d7670	00087430
158e111d	00087446
1591b1b1	0008748c
1593ca4c	000874d6
159430cd	000874f8
159497bc	00087526
1595af2d	00087548
1597d543	00087560
15995fd3	00087598
159d6441	000875d8
159dd547	00087648
159e77fe	00087662
15a3fbc0	000876b6
15a4ad23	000876e2
15a5613b	0008772a
15a7b39e	00087748
15aa29f2	0008778a
15aa2ef9	0008778a
15aaa195	000877dc
15adba8d	00087800
15afe962	00087840
15b072ac	00087870
15b26831	000878ac
15b285d5	00087912
15b5586b	00087958
15b8c999	0008799a
15b8f676	000879fc
15bbe37a	00087a24
15bc6623	00087a50
15bf2c4c	00087a80
15bfdd40	00087ac0
15c03491	00087af8
15c13693	00087b1c
15c2182f	00087b56
15c24287	00087b86
15c246b8	00087ba4
15c26a47	00087bf0
15c2c6b5	00087c0c
15c2ed39	00087c22
15c596b4	00087c46
15c6f22a	00087c72
15c73302	00087cb2
15cdec33	00087cec
15d01264	00087d2e
15d0762e	00087d70
15d1d24a	00087daa
15d2203b	00087dc6
15d3af44	00087df4
15d4e8f9	00087e1a
15d5d37a	00087e46
15d7c8e8	00087e82
15d968dd	00087eba
15d9e970	00087ee8
15dad0b2	00087f0c
15dc32ba	00087f50
15e4c1be	00087f7a
15e8083e	00087fa6
15e8b2b7	00087fba
15e97126	00087fcc
15e9efad	00087ff2
15eb7b01	0008801e
15ec6eb5	00088038
15eddb1e	0008805e
15eeb97c	000880a6
15f48116	000880dc
15f52e88	0008812a
15f69a03	00088156
15f70194	0008818a
15fc0ece	000881c6
15fe3e6e	000881f4
1602b142	00088228
1604988e	00088248
160729b9	00088264
16093441	00088296
160a1b54	000882bc
160d0032	000882d8
1610b763	0008831e
1614591a	00088344
16155b1a	0008836e
161a1fad	000883de
161d7d36	00088422
161e603a	0008844e
162136cc	00088478
1622c723	00088498
162414cc	000884b6
16265b0b	000884ea
1626d198	00088526
16296f5b	00088546
162c81d9	00088588
162fd68e	000885ae
162fe875	000885d2
163027b8	00088616
1630e21c	0008864a
1630fdc4	000886ce
1631a336	00088700
16369d2e	00088742
16377fc2	0008876e
163e7da6	0008878e
163f9aa4	000887c0
1640b436	0008880e
1640cf4b	0008882c
1642d1d9	00088852
16437460	00088884
16447587	000888a8
16458d2c	000888d4
16477ec8	00088906
16479f79	00088954
16496114	00088976
1649aa65	000889b2
164a1acd	000889d0
164c5cf3	00088a14
164dc9d2	00088a60
164e7398	00088a92
16500486	00088ac8
16502109	00088ade
16519b89	00088b26
1652488e	00088b40
1653e752	00088b5c
165514fe	00088b78
16552330	00088bac
165a7703	00088be0
165bc340	00088c0e
165f9f5c	00088c30
16600894	00088c4c
1663106c	00088c90
16652924	00088cd2
1666a5ab	00088d0c
1666a636	00088d38
166742a2	00088d9c
166bda88	00088dce
166de000	00088df4
167268c7	00088e26
1672c987	00088e60
1672febe	00088eb0
16739cf5	00088efa
16755923	00088f2a
167af785	00088f4c
167e4a65	00088f70
167fd8de	00088f9e
168265a2	00088fd2
16842421	00088ff6
168df597	0008901c
1691bc08	0008907a
1691e4c6	00089086
16932f4d	000890b8
16960e0f	000890e6
1698caf0	00089118
1699f954	00089150
169a7e8c	0008918e
169c3fb8	000891aa
169e00c1	000891d2
16a017fc	000891f4
16a25b89	0008921c
16a38ea4	00089238
16a4ef03	00089254
16a59b75	00089282
16aa184f	000892a0
16aa4abc	000892e6
16ac52a0	00089302
16acf616	0008933c
16ade19f	00089398
16aec09d	000893ca
16b0f8b0	000893fe
16b181ae	0008944c
16b19cae	0008947a
16b34172	000894ac
16b3d442	000894e4
16b45b6b	0008950c
16b6e670	00089544
16b799a2	0008957a
16b7b599	00089592
16badaf4	000895d4
16baf558	000895d4
16bfa34b	000895ea
16c2ba70	00089600
16c671e9	0008963a
16c84bb2	00089666
16cb3098	00089698
16cb44f1	000896bc
16cbb3dc	000896f8
16cc504c	0008971e
16cfdb5d	00089754
16d28a30	00089784
16d3942f	000897b2
16d39cf8	000897de
16d3d9e7	0008983c
16d3ecc2	0008986e
16d4f830	0008988c
16d79109	000898a0
16dab1bc	000898dc
16dcbc68	0008990a
16dd2937	0008993a
16de0598	0008995a
16de7afb	0008999e
16de8710	000899d0
16de934c	00089a08
16dfbe3e	00089a46
16e17d5e	00089a8c
16e1e719	00089ab0
16e25fba	00089b22
16e6a41e	00089b5e
16e6c21b	00089b84
16e6def6	00089bb0
16e7c022	00089bcc
16e9809e	00089c24
16f05511	00089c64
16f19011	00089ca4
16f32bbc	00089cd4
16f3cbeb	00089d00
16f4182c	00089d26
16f45064	00089d50
16f4586b	00089d92
16f49c84	00089dba
16f4d388	00089dec
16f55ab5	00089e20
16f969ad	00089e80
16fa744b	00089eaa
16fbcd2b	00089eea
16fe1e89	00089f18
16fe9cf8	00089f4e
16ff2be7	00089f6e
17017243	00089fbc
1702bb2f	00089fe2
17030afa	0008a00e
1704006b	0008a04c
170550e6	0008a08a
1705ecc6	0008a0c0
1709ac67	0008a0e2
170abebf	0008a134
170cf49d	0008a16c
170f2df4	0008a1a2
17108134	0008a1e2
17108b60	0008a1fa
1711cd2f	0008a21a
17130ea7	0008a23a
171418f7	0008a260
1716b573	0008a2aa
17173b4c	0008a2d4
17176b33	0008a306
1718326e	0008a33e
171ba724	0008a3b6
171d3793	0008a3dc
171e1a94	0008a40e
171fd4c7	0008a43c
172146dc	0008a456
17218430	0008a456
1722a55f	0008a46c
17231da6	0008a49a
17239454	0008a4d0
1724a718	0008a4e8
172654be	0008a510
1729b4a0	0008a530
172a1c56	0008a568
172d1acf	0008a59a
172d7529	0008a5cc
172f371f	0008a60e
172f5c5c	0008a64c
1730b69e	0008a68c
17317c21	0008a6bc
173194ab	0008a6fa
173219ba	0008a71e
17334ef5	0008a750
1733d196	0008a7a2
173570eb	0008a7b8
1737684d	0008a7e2
173863be	0008a854
173b6df1	0008a8aa
173c9e9a	0008a906
173d0e08	0008a94a
173e5452	0008a96c
173e71ff	0008a992
173e92b7	0008a9c0
173e992a	0008aa14
173f449e	0008aa32
17421623	0008aa58
1744a3cd	0008aa84
17460e2f	0008aaa2
17475320	0008aade
17488e71	0008ab02
174aa6c2	0008ab2a
174bbfd0	0008ab50
174d75d6	0008ab72
174ebd76	0008abac
1750d7f9	0008abfa
1752f3f4	0008ac22
17588811	0008ac4a
175943bc	0008ac70
175d9fdd	0008aca6
175eae2d	0008acd4
17620782	0008acf6
1762a568	0008ad12
17658b68	0008ad52
1766c3da	0008ad94
17671b44	0008add4
176cb363	0008ae1e
176ce67a	0008ae1e
176d64c2	0008ae40
17725509	0008ae64
17738cbd	0008ae90
17758af0	0008aeac
1775cd92	0008aede
17781ba4	0008af02
177a7ee1	0008af58
177a7eeb	0008af58
177b13fa	0008af9a
177e78ab	0008afcc
177ebde2	0008aff0
177ed2f4	0008b032
177fef3f	0008b07a
178106c9	0008b098
178b32c4	0008b0aa
178ce140	0008b100
178d1216	0008b128
178ec891	0008b17c
178fe3ef	0008b1d0
1792203b	0008b20a
17930541	0008b23a
17932fa3	0008b256
179572c1	0008b27a
1797fd94	0008b2ea
1798b72f	0008b31c
17993501	0008b336
17999168	0008b358
179ac501	0008b396
179ad0ed	0008b3c6
179b86b6	0008b3de
179de9f5	0008b412
179f802b	0008b460
17a0608f	0008b47a
17a2730e	0008b4ca
17a47619	0008b4f2
17a4a215	0008b4f2
17a4d9e5	0008b502
17a5aba3	0008b554
17a5b78c	0008b584
17a65baf	0008b5bc
17aa4acd	0008b604
17aa4b73	0008b620
17aaa4e5	0008b63a
17aadb5e	0008b668
17ab35d7	0008b6a0
17ab77b4	0008b6e8
17ac586d	0008b700
17ae30f2	0008b72e
17aff1d1	0008b760
17b01c4d	0008b782
17b02619	0008b7d0
17b1a512	0008b842
17b287dc	0008b880
17b2cd0d	0008b8a6
17b30af1	0008b8e6
17b44014	0008b91e
17b4ef5f	0008b972
17b4fe1e	0008b994
17b7630a	0008b9c4
17b78044	0008b9f0
17b7b06b	0008b9f0
17bb9634	0008ba22
17bc1305	0008ba44
17bc891d	0008ba66
17be691c	0008ba82
17c01461	0008babc
17c20962	0008baf0
17c267df	0008bb2a
17c278bb	0008bb8e
17c29c20	0008bbfe
17c2b1a1	0008bc3a
17c504a1	0008bc78
17c75e71	0008bcac
17c7e327	0008bcc8
17c8b71e	0008bcf2
17cddc89	0008bd2e
17cf1f56	0008bd86
17d0e0f7	0008bdbc
17d3569f	0008bdf4
17d5afc4	0008be3a
17d729fb	0008be6e
17d72c8b	0008be88
17da14ab	0008be9e
17dabaf1	0008becc
17db95a7	0008bee6
17dd6058	0008bf0e
17ddd57e	0008bf46
17de11e9	0008bf7e
17dfe6d6	0008bfdc
17e0d732	0008c002
17e4e29a	0008c048
17e59088	0008c08a
17e5af1c	0008c09a
17e5c83a	0008c0ce
17e5e873	0008c0e0
17e5f140	0008c0f2
17e62b6e	0008c12c
17e6e790	0008c168
17e6e796	0008c168
17e6f6f7	0008c19e
17e744ee	0008c1c8
17e7b5ca	0008c1ee
17e89127	0008c224
17e8dac8	0008c24c
17e9d699	0008c274
17eb0759	0008c28c
17eb708e	0008c2be
17ec9227	0008c302
17ed7e05	0008c354
17eea8ae	0008c3ba
17f019bd	0008c3e8
17f0a1b4	0008c3fc
17f1836f	0008c432
17f1c0c2	0008c45e
17f3322a	0008c4aa
17f56576	0008c4f2
17ff079b	0008c52a
1800e679	0008c560
1800e6d6	0008c578
1800f642	0008c560
180354f7	0008c5ae
1804bee4	0008c600
1804f219	0008c630
18053685	0008c66e
18059aec	0008c692
18060510	0008c6a4
18071cbe	0008c6e0
180b8631	0008c6fa
180bad2b	0008c742
180c81c5	0008c76c
180d8fbc	0008c78e
180dda71	0008c7be
1810dcbf	0008c836
18115670	0008c85e
18129181	0008c8c4
18158fc6	0008c904
18198fab	0008c940
181a308e	0008c958
181b0367	0008c974
181d36eb	0008c98e
181e37d4	0008c9a8
181e55d8	0008c9d6
181fb668	0008ca1e
182078e4	0008ca3c
1821c536	0008cab8
1827388b	0008cb0c
18273dfa	0008cb26
1827acbe	0008cb56
1827f12c	0008cb84
18294895	0008cb9a
182a8b8b	0008cbbe
182acc4e	0008cbd0
182af6ae	0008cbbe
182c02a4	0008cbe2
182c0e78	0008cc24
182ff285	0008cc40
1833b998	0008cc6e
1833c92a	0008cca8
18348c98	0008ccd2
1834aa2a	0008ccf4
18378fd7	0008cd1e
18384c27	0008cd94
1839be02	0008cdbe
183a19e1	0008ce00
183b60c5	0008ce34
183b60f7	0008ce4c
183f9280	0008ce78
183fe9bb	0008cea4
184162bf	0008ced6
1841e66e	0008cf5c
1843c40f	0008cf7a
1843c87f	0008cfc0
1843f47e	0008cfd4
184423bd	0008cfea
18445905	0008cffe
1848a232	0008d034
18497c6a	0008d062
1849f578	0008d0aa
18502b6e	0008d0cc
18519936	0008d10e
18538301	0008d136
1855068d	0008d16c
18557009	0008d190
1855712b	0008d1e0
185614cf	0008d230
1856bb52	0008d256
1856ef35	0008d2a6
1856fb11	0008d316
185714eb	0008d336
18585871	0008d362
18586a91	0008d380
185d994d	0008d3a4
185e38d5	0008d3fc
185f272a	0008d432
186142c2	0008d45c
18638912	0008d4b2
18655f42	0008d4f6
18660fc5	0008d540
1868452b	0008d562
186b3fec	0008d5be
186ce4fb	0008d5da
186f9592	0008d600
186fc1ee	0008d62c
18708d7b	0008d64c
187382c6	0008d680
18743b39	0008d6aa
1877b4a2	0008d6d0
18794c5c	0008d73e
187a942e	0008d780
187b30af	0008d7c4
187de9aa	0008d806
1880ea5b	0008d85e
1881d3d2	0008d882
1887f2fe	0008d8a8
1889c2e0	0008d8be
188b12aa	000674ba
188b39d3	0008d92e
188b3fb2	000674ba
188b54ca	000674ba
188b58ce	000674ba
188c574d	0008d954
188c77ba	0008d9b6
188c8219	0008d9e0
188dddb4	0008d9f6
188df962	0008da2c
188e9c04	0008da76
189018bc	0008da88
1891f218	0008dab8
1894d854	0008daf6
189536d9	0008db18
189594af	0008db3e
1897e182	0008db58
1898087f	0008db8a
1898ce76	0008dba6
189e785f	0008dbc0
189f7c2d	0008dbd2
18a01898	0008dc0a
18a3fd62	0008dc4e
18a450dd	0008dc7a
18a84375	0008dca8
18a8d44e	0008dcc4
18adc714	0008dcf8
18b09c8c	0008dd40
18b156b6	0008dd78
18b27818	0008ddc0
18b2a6be	0008de58
18b4a60e	0008de98
18b4acc7	0008deb6
18b528ae	0008dee2
18b56c70	0008df16
18b6b51e	0008df42
18b8671f	0008df6e
18b910fc	0008dfa2
18ba0990	0008dfd2
18bc8ff2	0008e008
18bd0aa9	0008e048
18bdd0af	0008e05c
18c276c5	0008e092
18c58cb4	0008e0ee
18c693b3	0008e12c
18c6c436	0008e176
18c8b6c9	0008e1d6
18c968d4	0008e1fc
18cd31d1	0008e220
18cdc76e	0008e24e
18d12097	0008e278
18d183e8	0008e294
18d24be6	0008e2ca
18d29086	0008e2f2
18d2cfb1	0008e320
18d435b9	0008e348
18d45593	0008e364
18d6eaab	0008e392
18d80101	0008e3d4
18db67df	0008e3e6
18db7f8a	0008e414
18dff8a6	0008e430
18e0f6b5	0008e45c
18e2a1ee	0008e48e
18e2bb85	0008e4bc
18e2fadb	0008e4fc
18e39ecf	0008e522
18e4e9ae	0008e54c
18e6fbab	0008e5a0
18e7ce78	0008e5c6
18e83802	0008e60c
18eb8c61	0008e660
18ee0fbf	0008e69c
18f1ee22	0008e6be
18f319b3	0008e6e4
18f5d718	0008e754
18f6a0a9	0008e7a2
18f91613	0008e816
18f91fb1	0008e888
18fa0672	0008e8cc
18fa16e8	0008e8cc
18fa3be4	0008e8cc
18fd4386	0008e8e4
1900b397	0008e920
1900df93	0008e948
1901b3df	0008e974
1901b5bd	0008e9bc
1902deea	0008e9d6
19047805	0008ea00
1904a97e	0008ea3a
1909a6f9	0008eaa2
1909c63d	0008eac4
190b6e4a	0008eaea
190b8e9a	0008eb12
190ca266	0008eb38
190cba6e	0008eb38
190ccf98	0008eb4e
190f8347	0008eb7c
191411e3	0008ebd4
19148fb1	0008ebfe
19155921	0008ec5a
1915978c	0008ec80
191598ab	0008ec92
19159b11	0008ec92
1915a0a2	0008ec92
1915d16a	0008ec92
1915d39e	0008ec92
1915f37f	0008ec92
1916ba17	0008eca2
1919995d	0008ecde
191a73ac	0008ed04
191bdf52	0008ed4e
191cb4e5	0008ed74
191df977	0008ed92
191ece6c	0008edc2
19232542	0008edf6
19239cd7	0008ee24
1923ba9a	0008ee3c
192713c5	0008ee62
19275327	0008ee90
19285599	0008eeba
19286617	0008eed2
19295600	0008eef6
192ac090	0008ef1c
192be0f5	0008ef5e
192c24a6	0008ef80
192c450b	00085900
1930c3a0	0008ef98
1930e06c	0008efd2
19311915	0008efea
19321f37	0008f004
1934f9ad	0008f032
193506f7	0008f06a
193787cc	0008f084
1937ec23	0008f0bc
1938174b	0008f0f2
19396d8e	0008f122
193b60c9	0008f152
193ba55c	0008f18a
193c404a	0008f19a
193ca1bc	0008f1b8
193de8cd	0008f1f2
193df507	0008f220
193ea17e	0008f256
193f37b4	0008f286
1940f0f9	0008f30a
19424e95	0008f326
194466f9	0008f358
1946b816	0008f38c
1948f1ee	0008f3ac
1949bb63	0008f3c6
194a0433	0008f3f6
194a18b0	0008f3f6
194a76fc	0008f3f6
194aa81c	0008f3f6
194ad37c	0008f40a
194afa67	0008f430
194b45cc	0008f478
194bd2fb	0008f4d6
195285ab	0008f4ee
195355a6	0008f510
19563826	0008f54e
1956514c	0008f59c
195815dd	0008f5ca
195a2261	0008f5e8
195a2846	0008f618
195a94b9	0008f64e
195b22d4	0008f68e
195b549a	0008f6c8
195cb1b4	0008f6f6
195da7b4	0008f744
1960a624	0008f776
1961e1d7	0008f7a0
196354b9	0008f7c2
1965ed08	0008f7f0
196612b9	0008f80c
19672f56	0008f860
196a1ad6	0008f8a2
196c6299	0008f8d6
196c74f9	0008f908
196ea894	0008f948
196f055f	0008f96e
196f38ce	0008f9be
1972626e	0008f9d6
19729df7	0008f9fc
197341a6	0008fa34
197408a0	0008fa54
1975ffee	0008faaa
19770c16	0008faf0
19782b8f	0008fb2e
1979c55a	0008fb56
197a252d	0008fb7a
197aca0e	0008fbbe
197bd377	0008fbde
197dee82	0008fc54
19803b1f	0008fc7c
1980bc84	0008fcc2
1983853b	0008fd08
1983a2c1	0008fd50
19865457	0008fd84
1986806a	0008fda4
19886fc1	0008fdba
198888f3	0008fe0e
1989d39d	0008fe6a
198a3b15	0008fe9e
19916b2e	0008fed2
1991a99a	0008fef0
19946a8c	0008ff0c
1999a315	0008ff28
19a33dd1	0008ff68
19a50951	0008ff94
19a62d9e	0008ffcc
19a78423	0009000c
19a9ae9e	00090072
19ab9b4c	000900aa
19ae1238	000900ca
19b2c6d1	000900f8
19b318f6	00090142
19b62aee	000901c6
19b9bb3a	0009021a
19b9dfbd	00090244
19b9f36f	0009025a
19baf38a	00090292
19bc69d9	000902c2
19bca5e2	000902ea
19bda5a1	0009030e
19be3045	00090342
19bf1ca7	00090368
19c0f5ca	000903c0
19c18ec5	0009040a
19c45722	00090446
19c67fd2	0009048c
19c6d532	000904aa
19c7a5b9	000904f6
19ce51df	00090520
19cfac46	0009053c
19d0f5e1	00090562
19d43816	00090588
19d44bfa	0009059c
19d4d322	000905d2
19d65ea9	00090636
19d66c63	0009066a
19d85d60	0009068e
19db097e	000906c2
19dc34af	000906ea
19dd0ddb	00090702
19dd5ef4	0009075a
19e0987e	0009077e
19e11247	000907a2
19e5c54c	000907d6
19e74667	0009080a
19e79309	00090830
19e7a674	00090860
19e9fcc0	00090878
19e9ff0a	00090878
19ebfc78	00090888
19ee2aae	000908b2
19ef3e8b	000908ca
19efd2ee	00090900
19f20b46	00090930
19f33b41	0009094e
19f4825a	00090980
19f4949d	000909b6
19f4b9e5	000909d6
19f6e6a9	00090a18
19f72060	00090a36
19f7617d	00090a7a
19f7ca7d	00090aac
19fa96e4	00090aee
19faa7f9	00090b1e
19fd0d8e	00090b5e
19fe1c75	00090b88
1a018439	00090baa
1a038304	00090bc2
1a063cc8	00090bf0
1a08b6be	00090c16
1a0a41db	00090c6c
1a0f639c	00090c92
1a1142ce	00090cba
1a118ed6	00090cf8
1a1199b3	00090d2a
1a1353cc	00090d88
1a1357fa	00090db8
1a16cdc9	00090dee
1a191cb6	00090e44
1a195397	00090e8c
1a1a1afc	00090eda
1a1b0b76	00090f0a
1a1c5e48	00090f3e
1a204a75	00090f52
1a21d2a7	00090f86
1a221516	00090fde
1a29400a	00091024
1a29d450	0009104e
1a2c1256	0009109e
1a2ee802	000910b6
1a3183c5	000910f0
1a31b2e8	0009112a
1a31e8fe	00091160
1a342d08	000911a4
1a35f837	000911ea
1a395dad	00091214
1a3ad45b	00091242
1a3af6a6	00091278
1a3cd2c4	000912de
1a3cf69a	00091314
1a3f483d	0009133a
1a45075f	00091360
1a4814a3	00091390
1a48aaff	000913e6
1a4a0391	00091402
1a4ae536	00091440
1a4afffb	0009148e
1a4c99d7	000914b4
1a4cadbf	000914da
1a4dd858	000914fe
1a4e39b8	00091524
1a4f0fda	00091542
1a50fe66	00091580
1a5460a3	000915aa
1a54ac7c	000915cc
1a568821	0009160e
1a56f78a	00091656
1a572cca	00091690
1a578c90	000916f0
1a57e4a1	00091738
1a58ef58	0009175c
1a5a987b	00091782
1a5df79f	000917ba
1a600fb4	000917f4
1a609aff	00091812
1a60a221	0009183a
1a60d63f	00091862
1a62b386	00091898
1a63f3ae	000918d8
1a6492a3	00091918
1a67a797	00091970
1a68a263	000919b2
1a68ef4c	000919ca
1a6a8336	000919ea
1a6a9377	000919ea
1a6a99f9	000919ea
1a6aa1ef	000919ea
1a6aae0c	000919ea
1a6abc27	000919ea
1a6ac207	0005becc
1a6ac468	000919ea
1a6acb94	000919ea
1a6ad5e8	000919ea
1a6ad61c	000919ea
1a6ad88b	000919ea
1a6af1f5	000919ea
1a6aff5d	000919ea
1a6b7fa8	000919fe
1a6bd71d	000919ea
1a6c17c4	00091a2c
1a6d006c	00091a44
1a6d0c1f	00091a7c
1a6e58fe	00091ab8
1a6ef7df	00091ad6
1a702c4d	00091b12
1a717267	00091b32
1a76769e	00091b6a
1a788e63	00091b8e
1a79724b	00091bb6
1a7b541b	00091bd8
1a7d342a	00091c1a
1a7d4638	00091c38
1a7f7dc7	00091c82
1a7fc51e	00091cae
1a83147b	00091d10
1a84c605	00091d2c
1a854638	00091da4
1a878f5b	00091db6
1a8865d0	00091e04
1a8abc0c	00091e1a
1a8b3066	00091e46
1a8cb920	00091e82
1a8eb14d	00091eae
1a90d188	00091f00
1a916f20	00091f2a
1a924064	00091f5c
1a93062a	000843f6
1a9344bf	00091fc4
1a935969	00091ff0
1a962d32	00092016
1a974266	0009204c
1a98758a	00092072
1a9d6cd3	000920b4
1a9e4682	000920e6
1a9fbae9	00092112
1a9fdbd7	00092130
1aa15f56	0009214a
1aa19018	00092172
1aa1a306	000921ac
1aa1b2af	000921d4
1aa57668	000921e8
1aa5c867	0009222a
1aa5ddd3	00092274
1aa65ba6	00092296
1aa8f606	000922e4
1aa9ba7b	0009230e
1ab0663a	00092360
1ab09348	0009238a
1ab0ee0d	000923ac
1ab35ead	000923c8
1ab38060	000923ea
1ab502cf	00092414
1ab70183	0009242e
1ab796c3	00092450
1ab95381	0009248c
1abbd50c	000924ea
1abcb8f5	00092562
1abd7d41	000925a2
1abea3e5	000925c4
1ac18a98	000925d8
1ac1f2fc	00092606
1ac3fe37	00092628
1ac94e92	0009264a
1ac99f96	0009266c
1aca75bc	00092692
1acb8435	000926b0
1acdf238	000926f4
1ace87f6	0009272c
1ad32f72	0009277c
1ad40372	00092792
1ada34a9	000927b8
1ada5c2b	000927d8
1adad2df	00092820
1adc035e	00092842
1adcc4ec	000928d8
1ae181e9	00092900
1ae1feba	0009293e
1ae527fa	0009295a
1ae54ef3	0009299e
1ae5f0ac	000929d0
1ae95c63	00092a00
1aecacda	00092a42
1aed6cb0	00092a92
1aed9b43	00092aaa
1aedc00d	00092ac2
1aedd78a	00092afc
1aeddb13	00092afc
1aee0efa	00092b26
1aee5c4c	00092b36
1aee6856	00092b26
1aef6035	00092b48
1af2b041	00092b74
1af2e12a	00092bc0
1af32654	00092bea
1af34874	00092c36
1af34d4c	00092c36
1af8aa1b	00092c92
1afae80c	00092cb4
1afb158f	00092cee
1afc8da2	00092d0a
1afdf0f7	00092d66
1afe6660	00092d8a
1afe68f9	00092db2
1afee7e0	00092dd0
1aff0b38	00092e06
1aff854a	00092e36
1b010b06	00092e8a
1b020014	00092ec0
1b02008d	00092ec0
1b020183	00092ec0
1b0203d9	00092ec0
1b020649	00092ec0
1b0206d7	00092ec0
1b020785	0005becc
1b0207ee	00092ec0
1b020a07	00092ec0
1b020a0b	00092ec0
1b020aec	00092ec0
1b020b4f	00092ec0
1b020bd1	00092ec0
1b020d78	00092ec0
1b020dc3	00092ec0
1b020f42	00092ec0
1b021024	00092ec0
1b0210f0	00092ec0
1b021499	00092ec0
1b0214f8	00092ec0
1b021550	00092ec0
1b0215ce	00092ec0
1b0217a5	00092ec0
1b021875	00092ec0
1b0218ad	00092ec0
1b0218f7	00092ec0
1b021919	00092ec0
1b0219c8	00092ec0
1b021a44	00092ec0
1b021a68	00092ec0
1b021ac4	00092ec0
1b021c4f	00092ec0
1b021c52	00092ec0
1b021cc4	00092ec0
1b021dca	00092ec0
1b021e2b	00092ec0
1b021e31	00092ec0
1b021e57	00092ec0
1b021e84	00092ec0
1b021fc7	00092ec0
1b021fc8	00092ec0
1b021fd7	00092ec0
1b021fe6	00092ec0
1b02220f	00092ec0
1b022217	00092ec0
1b0223eb	00092ec0
1b02248b	00092ec0
1b022612	00092ec0
1b02270e	00092ec0
1b022740	00092ec0
1b0228da	00092ec0
1b022a6d	00092ec0
1b022b56	00092ec0
1b022b93	00092ec0
1b022e34	00092ec0
1b022f93	00092ec0
1b0230f3	00092ec0
1b02324f	00092ec0
1b02341e	00092ec0
1b023482	00092ec0
1b0234f8	00092ec0
1b0238a8	00092ec0
1b02391b	00092ec0
1b02391b	00092ec0
1b023c02	00092ec0
1b023cbd	00092ec0
1b0240d9	00092ec0
1b024252	00092ec0
1b024461	00092ec0
1b024509	00092ec0
1b02460b	00092ec0
1b0246dd	00092ec0
1b0249c5	00092ec0
1b024b5d	00092ec0
1b024b9e	00092ec0
1b024bbb	00092ec0
1b024c1d	00092ec0
1b024f34	00092ec0
1b024fbe	00092ec0
1b0250c0	00092ec0
1b025456	00092ec0
1b025484	00092ec0
1b0254dc	00092ec0
1b025846	00092ec0
1b025860	00092ec0
1b025864	00092ec0
1b025933	00092ec0
1b025c32	00092ec0
1b025c60	00092ec0
1b025c6f	00092ec0
1b025fa8	00092ec0
1b026019	00092ec0
1b0261ab	00092ec0
1b02664f	00092ec0
1b026d70	00092ec0
1b02715c	00092ec0
1b027333	00092ec0
1b02738e	00092ec0
1b02745d	00092ec0
1b027633	00092ec0
1b0279af	00092ec0
1b027d05	00092ec0
1b02823e	00092ec0
1b028286	00092ec0
1b028786	00092ec0
1b028951	00092ec0
1b02898b	00092ec0
1b028c93	00092ec0
1b028fcb	00092ec0
1b0291f0	00092ec0
1b0297f9	00092ec0
1b029ca7	00092ec0
1b02a119	00092ec0
1b02ab36	00092ec0
1b02adb2	00092ec0
1b02ae69	00092ec0
1b02b3d0	00092ec0
1b02b41f	00092ec0
1b02b613	00092ec0
1b02cc1a	00092ec0
1b02cc65	00092ec0
1b02dbaa	00092ec0
1b031537	00092ec0
1b0315f7	00092ec0
1b0319ff	00092ec0
1b041f98	00092ed6
1b042f4f	00092f04
1b06e2f0	00092f3e
1b07f392	00092f68
1b08dbf2	00092f8c
1b0b316e	00092fb6
1b0d2ddf	00092fee
1b0ddb22	0009301a
1b0f2664	00093068
1b1055be	0009309e
1b156831	000930b8
1b15ee94	000930ce
1b16fb4b	00093122
1b179bc0	0009315a
1b19b571	0009318c
1b1d2323	000931c8
1b1d5f7f	000931fc
1b1d79f8	0009321c
1b1dbb39	0009323a
1b211368	00093262
1b218674	00093262
1b21b899	00093288
1b240d0f	000932e0
1b242404	00093306
1b24bb33	0009332c
1b24dd7a	0009336a
1b261049	000933a4
1b2803e7	000933fa
1b285cc4	00093422
1b2b9ea6	00093448
1b2d7ab0	000934b4
1b2f1832	000934e4
1b2fd611	00093568
1b303465	000935b8
1b30f64e	000935d0
1b32e40a	00093600
1b344de1	0009363c
1b351f16	0009367e
1b36d4df	000936d4
1b3c31bd	000936fc
1b3e8a2a	00093744
1b3e9784	00093764
1b42cc98	000937ae
1b43460c	000937ca
1b441cad	0009380c
1b445c38	00093834
1b449ded	0009385c
1b452196	0009388c
1b4ad782	000938e6
1b4af604	0009391c
1b4baf49	0009395a
1b505f73	00093982
1b531d71	000939b6
1b550544	000939d0
1b561dac	00093a0e
1b563672	00093a30
1b5861f9	00093a80
1b5960be	00093aca
1b5d4fac	00093af6
1b60d8c5	00093b10
1b614c6e	00093b46
1b61b62b	00093b6a
1b620c63	00093b8a
1b62eadb	00093bba
1b6687a2	00093bde
1b66f906	00093c2e
1b678862	00093c54
1b69200d	00093c82
1b697381	00093c82
1b69c675	00093c9a
1b69fea3	00093c82
1b6a35f0	00093cb6
1b705789	00093cca
1b719a2e	00093cec
1b7266c0	00093d28
1b74731b	00093d74
1b780a34	00093d9a
1b788fdd	00093dca
1b7a6b61	00093de8
1b7a80a2	00093e12
1b7b557a	00093e3e
1b7ea500	00093e6c
1b8169ad	00093e90
1b838661	00093ed8
1b86328a	00093f22
1b89eb96	00093f62
1b8aa427	00093fce
1b8af335	00093ffe
1b8be075	00094022
1b8e8a42	00094048
1b8ea9a8	00094084
1b8efe99	000940b8
1b90ef79	000940da
1b96cab8	00094106
1b975ebd	00094124
1b99e11c	00094150
1b9a7e98	00094176
1b9bb94b	0009419a
1b9d62ed	000941be
1b9de923	000941f8
1b9e7333	00094240
1b9f3fc8	0009427c
1b9f679f	000942cc
1ba007a5	000942f8
1ba4bffe	00094336
1ba70f59	0009435a
1ba75331	00094392
1ba92f2b	000943c2
1ba969da	0009442a
1baaaa12	00094454
1bab9ce9	0009447a
1bac6258	000944a2
1bad6413	000944c2
1baeea55	000944dc
1bb077ae	00094532
1bb13fa0	0009454a
1bb22eb3	00094586
1bb59755	000945b6
1bb8d2b4	0009460a
1bbc1bec	00094644
1bbd6e2f	00094688
1bbf6e25	000946ba
1bc01e9b	000946dc
1bc0cee0	00094718
1bc1b62a	0009473a
1bc1f5bf	00094768
1bc2e9cd	000947a6
1bc3e990	000947c0
1bc8868a	000947d6
1bc94da6	00094826
1bcc0ff3	0009486e
1bcce35d	00094884
1bced5b1	000948c0
1bd421b1	000948fe
1bd43744	000948fe
1bd438a0	000948fe
1bd448e5	00094914
1bd48080	000948fe
1bd4b58e	000948fe
1bd4eadc	0009494c
1bd5ebc4	000948fe
1bd6248a	00094964
1bd71076	00094992
1bd72b74	000949ae
1bd74563	000949c8
1bd76bbc	00094a10
1bd8728b	00094a26
1bd940cc	00094a70
1bda844d	00094ad8
1bdc1f21	00094b0e
1bde5681	00094b5a
1bdeb3d2	00094b84
1be17817	00094ba2
1be35149	00094be4
1be35dae	00094be4
1be79d27	00094c08
1be7a3fd	00094c40
1be8a204	00094c7e
1be9f321	00094ca4
1bea4f22	00094cc2
1beb15cd	00094cec
1becad19	00094d08
1becba95	00094d2c
1bed8345	00094d40
1bedce93	00094d7a
1bf3a7f5	00094d9e
1bf41659	00094dc4
1bf44a37	00094ddc
1bf45cae	00094e22
1bf8d44b	00094e70
1bf91e6e	00094e82
1bf9f1fb	00094ea2
1bfc7b7a	00094ec2
1bfc843c	00094ee8
1bfcd59d	00094f18
1bfec6af	00094f46
1bfff065	00094f88
1c02e93e	00094fa8
1c033d21	00094fd6
1c045e45	00094fec
1c059bc7	00095016
1c067b3d	00095040
1c06ec8e	00095060
1c085177	000950ac
1c098fea	000950e2
1c09e4ae	00095102
1c0c7525	0009513c
1c0fdf6c	00095170
1c1011f2	0009519c
1c1011fa	000951e6
1c110e71	0009522c
1c11a17d	0009524a
1c11fd23	00095272
1c123ebe	00095298
1c15b12b	000952ee
1c16f581	00095318
1c19b67c	0009533e
1c1a885c	00095372
1c1a8c5d	000953ae
1c1b0fe4	000953cc
1c1c42b9	000953e8
1c1cc91f	00095414
1c1e9f58	00095446
1c1f8bdc	00095464
1c216578	0009549a
1c22a8cb	0009550a
1c241657	0009556e
1c261163	00095584
1c28d2cb	0009559c
1c2901b6	00095604
1c2bb6ca	0009562a
1c2c7cc6	00095656
1c2c9900	00095684
1c2cdd26	000956a6
1c2d40a5	000956cc
1c2e241b	000956e2
1c31a369	000956fc
1c332ae8	0009572c
1c34f939	0009575c
1c36bd85	00095794
1c37fe64	000957b8
1c38eb7c	000957f0
1c399b01	00095804
1c3a2a2b	00095828
1c3b4ec4	00095858
1c3bf3a7	000958ac
1c404480	00095904
1c40e99b	0009594c
1c434112	0009597e
1c43505f	000959c4
1c44e613	00095a2a
1c44f279	00095a4c
1c456d51	00095ab8
1c45ae01	00095aea
1c45c908	00095b04
1c47e9c6	00095b2a
1c484bf4	00095b58
1c48bec2	00095b84
1c48d502	00095bba
1c4fa56a	00095be4
1c4fb367	00095c1a
1c511d28	00095c42
1c5205a9	00095c6e
1c530a99	00095cb2
1c55c2b2	00095ccc
1c582dc9	00095cf8
1c5931a7	00095d58
1c594d82	00095d74
1c5a623e	00095dbc
1c5dc11f	00095dea
1c5dc829	00095e08
1c5dd49f	00095e08
1c5e1d5b	00095e24
1c5edba8	00095e80
1c6509e8	00095ebc
1c6526d1	00095ebc
1c654ccc	00095ebc
1c654f77	00095ebc
1c656d11	00095ebc
1c659bd7	00095ed6
1c659d14	00095ed6
1c69259e	00095f12
1c69d020	00095f40
1c6d46b7	00095fac
1c6e5ef0	00095fda
1c706dc1	00095ffe
1c711b17	00096024
1c71b54a	0009603c
1c7202c4	0009605a
1c729979	00096096
1c72cfc7	000960b6
1c73e97c	000960dc
1c744ca7	00096106
1c76a0ab	00096144
1c780554	0009615a
1c781c05	00096186
1c7ae610	000961ee
1c7c7191	00096212
1c7d5a0a	0009624c
1c7dd493	00096270
1c7e08e1	000962aa
1c7e9623	000962e2
1c7ea428	00096310
1c7ee670	00096352
1c837273	000963ce
1c87629c	00096406
1c89aef4	0009642e
1c8a4d9f	0009645a
1c8b9463	00096480
1c8bf0fc	000964ac
1c8c3c3e	000964f6
1c8c74b3	00096510
1c8d3bcf	00096526
1c8de31b	0009654c
1c936503	00096574
1c940e8f	0009659e
1c965ad3	000965dc
1c99c87d	00096610
1c9d06f0	0009663e
1c9d1efa	00096668
1c9ddf6d	00096694
1c9ff856	000966ae
1ca15235	000966c6
1ca866fa	0009671c
1ca8b5e7	0009675e
1ca8c205	0009677c
1caa10be	000967c4
1cab85f0	000967f4
1cabceae	0009684c
1cac48ed	00096894
1cad344c	000968d2
1cadb601	000968f4
1cae6774	00096928
1caef0f6	00096958
1caf51f6	00096998
1caf85ba	000969b8
1cb0e9b5	000969dc
1cb24551	00096a2a
1cb4e1ce	00096a48
1cb864cf	00096a74
1cb95530	00096a92
1cba0df4	00096ab0
1cbb503f	00096ade
1cbca4ce	00096b5a
1cbff7df	00096b8c
1cc063e1	00096baa
1cc47396	00096be6
1cc4a2d9	00096c1a
1cc51e31	00096c48
1cc57500	00096c8e
1cc72cac	00096cc8
1cc767fc	00096d10
1cc7d363	00096d56
1cceadfd	00096d84
1ccf35df	00096db6
1cd23a11	00096dd8
1cd49ca4	00096e0e
1cd52591	00096e28
1cd5b287	00096e56
1cd66ec5	00096ea0
1cd7b653	00096ebe
1cd7ea13	00096ee0
1cd8108d	00096f32
1cd9dba3	00096f74
1cdb29c5	00096f96
1cdbecdf	00096fe0
1cdde3ac	0009700e
1cdffb4f	0009704e
1ce0a25f	00097074
1ce12e07	000970b8
1ce1b22a	0009712a
1ce4ceb1	0009715a
1ce5bfd3	00097188
1ce66856	000971ac
1cea01ff	000971d2
1ced9349	000971f6
1cf49269	00097224
1cf6ac5e	0009724a
1cf6fcb8	0009727e
1cf8d5f9	000972ac
1cf932ba	000972c8
1cfc3082	000972f2
1cfc4d95	0009730e
1cfcb80d	00097320
1cfcdd85	00097342
1cfeea48	00097366
1d018e20	0009739c
1d039160	000973be
1d04ca67	000973d2
1d060b1d	000973ee
1d085f8f	00097422
1d0946ab	0009743e
1d0b805e	000974a6
1d0bad4e	000974a6
1d0bc1ee	000974a6
1d0ffab6	000974b8
1d103dad	000974da
1d121c0c	000974f6
1d139e75	00097518
1d141c8a	0009757e
1d167a15	000975b0
1d179b33	000975ca
1d182177	000975de
1d18b78c	00097626
1d19f5a8	0009766c
1d1a9aa2	0009769e
1d1be9ae	000976ce
1d1e7cc0	000976f4
1d22269b	00097736
1d259d6b	00097764
1d2a9217	00097792
1d2b3df2	000977ba
1d2cf93d	000977ee
1d2d4c49	0009780e
1d2f2f61	00097840
1d2f9a65	00097862
1d30a993	0009789a
1d321e83	000978d0
1d3243ba	000978f2
1d32492a	000978f2
1d33141d	00097910
1d3805ee	0009793a
1d3858e2	0009797c
1d3bb57f	000979ae
1d3c1562	00097a2a
1d3cb8dc	00097a52
1d3e6d78	00097a6c
1d4112b1	00097a88
1d413d1e	00097ada
1d41956c	00097b10
1d41d261	00097b5a
1d432e85	00097b80
1d445511	00097b9e
1d454f40	00097be8
1d47c1fb	00097c28
1d47f221	00097c68
1d49135f	00097c90
1d4a8efc	00097cc6
1d4ae551	00097d3a
1d4f9f2c	00097d82
1d5236bd	00097daa
1d529e5b	00097dde
1d52ce83	00097e18
1d5676d1	00097e46
1d5b9274	00097eac
1d5d2ce5	00097ec0
1d5d6d7b	00097f18
1d5dcb3e	00097f18
1d5ec39b	00097f3c
1d5f247e	00097f5c
1d5f3ac0	00097f80
1d616358	00097fc0
1d61a2b1	00097ff0
1d62228f	00098014
1d63740c	00098046
1d640077	00098072
1d6513ab	000980a6
1d67b096	000980c0
1d6c0ef9	000980f4
1d6e0921	00098156
1d714d0f	0009818e
1d7426f7	000981ae
1d76c170	000981dc
1d7a54be	00098206
1d7b4ee1	00098222
1d7b8a09	00098262
1d7cfaca	000982a4
1d7e813e	000982c6
1d80fd5e	000982e2
1d81d8ed	000982fa
1d83bb3c	0009831c
1d85c07d	00098348
1d85fb11	0009838c
1d88168b	000983bc
1d89379f	000983d8
1d895093	000983f6
1d896b20	00098446
1d89fcd9	00098462
1d8b600d	000984a6
1d91014d	000984ec
1d975594	0009851a
1d97b8d7	0009856a
1d99148f	00098596
1d99385d	000985c2
1d9a19ef	000985de
1d9abb62	0009860e
1d9bd9bc	00098626
1d9c31fd	00098682
1d9c6576	000986b4
1d9ce281	000986e6
1d9e75cb	00098704
1d9ffc85	00098764
1da01cdb	00098798
1da07a2d	000987ca
1da26a18	00098806
1da2cdef	00098862
1da427b0	00098884
1da47efb	000988a0
1daa9087	000988bc
1daaad32	000988f0
1daaca6d	0009891c
1dab6a27	00098958
1dacbc67	00098980
1daf1e66	000989a4
1db0ae76	000989d0
1db40791	000989ee
1db805aa	00098a08
1db9d639	00098a28
1dba0b4c	00098a5a
1dbb02aa	00098a6e
1dbbf4cf	00098a9c
1dbdffea	00098ad4
1dbfef7d	00098b04
1dc0ab9a	00098b2e
1dc2ab7d	00098b56
1dc2f77a	00098b74
1dc32d9d	00098b92
1dc5fccd	00098bb2
1dc7b4fc	00098bd0
1dc99d5c	00098c00
1dcac8e9	00098c2c
1dcd2201	00098c6e
1dcd9014	00098cac
1dce5974	00098cd2
1dd04aa1	00098cf4
1dd27dc5	00098d2e
1dd5d012	00098d4a
1dd6b3b1	00098d80
1dd93631	00098db0
1ddb8478	00098dfc
1ddbde61	00098e54
1de08eed	00098eba
1de45739	00098eea
1de79d8a	00098f2e
1de7a0ed	00098f64
1de9e238	00098f8c
1dea5278	00098fa2
1dea52d3	00098fd0
1dee3b20	00098ff8
1df0c43c	00099024
1df0f916	0009904c
1df2076b	00099078
1df587c9	000990b8
1df6f67e	00099100
1df86dd9	00099126
1df9c76e	0009914c
1dfe44b9	0009917e
1e0599a7	000991e0
1e05f934	000991f6
1e092daa	0009923a
1e0bbe38	0009926a
1e0d5342	000992bc
1e0d69bb	000992ec
1e0e07f6	00099302
1e0e614a	0009934a
1e13a0ec	00099382
1e14297e	000993ae
1e19bc06	000993d2
1e1a04e1	00099446
1e1aa074	00099484
1e1c29b1	000994ae
1e1c2faa	000994d8
1e1c917e	00099504
1e200190	00099558
1e21c1fd	000995a0
1e225e1c	000995c6
1e247bbf	000995f8
1e29302c	00099632
1e296abe	00099656
1e2a8319	00099674
1e2bbdae	000996b8
1e2d996b	00085264
1e34dd8d	000996e8
1e350031	00099706
1e352159	00099722
1e38d0b0	0009973c
1e39f892	00099768
1e3a319c	00099786
1e3a4de4	000997c6
1e3b626a	000997f0
1e3c20d6	00099842
1e3c5f05	0009986a
1e3d3b66	000998b4
1e3de5cd	0009991c
1e3e8a54	0009994e
1e3ee564	00099976
1e3efbbd	00099976
1e3f0ea3	000999ce
1e41933e	000999f0
1e46e856	00099a10
1e480f27	00099a6a
1e4877c8	00099ab6
1e492864	00099ad2
1e4b6f69	00099afc
1e4cc628	00099b38
1e4d0e76	00099b78
1e4d740c	00099bac
1e4e40f1	00099bd0
1e4ff0a6	00099be4
1e5344e5	00099c02
1e55794c	00099c30
1e56b1c6	00099c72
1e578850	00099cbc
1e5a6d6d	00099cec
1e5eaa93	00099d1c
1e5f4e91	00099d78
1e6376e7	00099da4
1e65bedf	00099dee
1e67ca39	00099e18
1e6bfde3	00099e5a
1e6d52fb	00099e94
1e6e0a49	00099ec4
1e6e56ea	00099ee2
1e6ec811	00099f06
1e6efcf4	00099f4c
1e6f991d	00099f62
1e70ccc7	00099fac
1e737c8a	00099fca
1e754e09	00099ffe
1e76b52c	0009a018
1e76c2ac	0009a050
1e771491	0009a088
1e798170	0009a0c8
1e79f5dc	0009a0ec
1e7b37e2	0009a104
1e7bb27a	0009a148
1e7c2233	0009a176
1e7f88da	0009a1a0
1e7fb48d	0009a1c4
1e802142	0009a1dc
1e85a7f6	0009a202
1e86ff42	0009a268
1e87db53	0009a29c
1e88ad4a	0009a2ca
1e8cb14e	0009a2ec
1e8daee4	0009a314
1e8e52f0	0009a356
1e8e7b1d	0009a380
1e91303a	0009a3b8
1e927689	0009a3d6
1e932666	0009a402
1e943b0d	0009a430
1e9666bf	0009a45c
1e9a4634	0009a484
1e9c84ed	0009a4d6
1e9df4c4	0009a4fc
1e9e2c99	0009a51c
1e9e8322	0009a574
1e9ebd2a	0009a58e
1e9f5d24	0009a5a8
1ea0ce2d	0009a5c8
1ea35c1d	0009a626
1ea434b7	0009a656
1ea43783	0009a68a
1ea5242d	0009a6d2
1ea5716a	0009a734
1ea574e4	0009a772
1ea8adb9	0009a7a6
1eabf6eb	0009a7da
1eacb38e	0009a7f4
1eae5785	0009a832
1eaf248f	0009a83e
1eaffae1	0009a854
1eb1f9cd	0009a86c
1eb307a5	0009a8b0
1eb4baed	0009a8e8
1eb9422d	0009a906
1eba5236	0009a91e
1ebaec5f	0009a954
1ebe4652	0009a9c8
1ebf1fe8	0009a9f0
1ec60a9d	0009aa18
1ec78b78	0009aa32
1ec8e0a1	0009aa66
1ec8f34b	0009aa88
1ecad82f	0009aab0
1ecdd03e	0009aade
1ed030a3	0009ab08
1ed0b7f0	0009ab38
1ed0c7c0	0009ab5c
1ed7844d	0009ab90
1ed8ce1b	0009abba
1ed912b4	0009abec
1edbffab	0009ac12
1edc7482	0009ac4c
1ede734e	0009ac66
1edf1210	0009ac88
1ee12f8f	0009acae
1ee270bb	0009acd0
1ee59b1f	0009ad0a
1ee607c9	0009ad56
1ee85f22	0009ad82
1eea52fb	0009adae
1eea55b8	0009adc6
1eec19eb	0009adee
1eec5200	0009ae04
1eed0759	0009ae1c
1eee73a2	0009ae6c
1eefe0a5	0009ae9c
1ef0d6c2	0009aec6
1ef1be29	0009af0e
1ef20866	0009af32
1ef2aea2	0009af5e
1ef44d7f	0009afb2
1ef4e72a	0009afe6
1ef512b6	0009b004
1ef592b6	0009b018
1ef5ed1d	0009b042
1efad5b5	0009b070
1efbd427	0009b0a0
1f03220c	0009b0d4
1f03382d	0009b0d4
1f034c5a	0009b0ea
1f0378f7	0009b0d4
1f037ca1	0009b0d4
1f03949a	0009b102
1f03a774	0009b0d4
1f05a976	0009b12a
1f06ee75	0009b182
1f08fc7f	0009b1ca
1f09a716	0009b220
1f0a5e60	0009b25c
1f0e58b4	0009b296
1f0f4b80	0009b2c6
1f0f52d8	0009b2fc
1f0f9120	0009b33a
1f0fea45	0009b34c
1f112c2d	0009b386
1f1257a3	0009b3ac
1f13d45b	0009b3ee
1f15df8b	0009b452
1f162faa	0009b480
1f169b76	0009b4b0
1f19972c	00086278
1f19ccf2	00086278
1f19d7a0	00086278
1f19d82f	00086278
1f19ff14	00086278
1f1bfb4f	0009b4fc
1f1ebf8e	0009b536
1f1f37d5	0009b596
1f257c7e	0009b5da
1f27c8aa	0009b622
1f2cdc5c	0009b644
1f2dac2f	0009b682
1f2e64a1	0009b698
1f2e7431	0009b6e4
1f2ed752	0009b6fc
1f2f247a	0009b722
1f32e950	0009b748
1f34b5a5	0009b786
1f352385	0009b806
1f380a73	0009b828
1f380e9f	0009b828
1f3871c6	0009b828
1f38e53c	0009b8a8
1f3ae8da	0009b8ee
1f3d8dd8	0009b92a
1f3e03b7	0009b958
1f3e5770	0009b958
1f407058	0009b97e
1f4189ba	0009b9b6
1f41bd5a	0009b9fe
1f4613e0	0009ba18
1f4881fd	0009ba66
1f49e7d2	0009ba86
1f4ba970	0009baec
1f4c1edf	0009bb16
1f4d07d5	0009bb6c
1f4d2b17	0009bbc0
1f4d8008	0009bbf0
1f4f7459	0009bc22
1f505b4a	0009bc3a
1f52c185	0009bc58
1f544eef	0009bca4
1f584f2b	0009bcc8
1f58d9be	0009bd00
1f5908c1	0009bd66
1f5929c9	0009bd66
1f592f48	0009bd7a
1f59be6d	0009bd8e
1f5ab989	0009bdbe
1f5b205e	0009be02
1f5b3fc4	0009be1a
1f5c787c	0009be2c
1f5d8d9f	0009be7e
1f5dd15a	0009bebc
1f5e510d	0009bf1c
1f60ca2e	0009bf68
1f639349	0009bfce
1f63f1ce	0009bffe
1f64a35a	0009c010
1f6670fb	0009c04c
1f671a57	0009c086
1f677378	0009c0a4
1f6801fb	0009c0ca
1f685daf	0009c0ea
1f6b7477	0009c11a
1f6baa1f	0009c15e
1f6be46d	0009c15e
1f6d0673	0009c19a
1f6e5dfa	0009c1cc
1f6f8523	0009c1f8
1f6f8b4b	0009c236
1f72732b	0009c258
1f72b6f5	0009c2a4
1f7625ba	0009c2e2
1f790b31	0009c32c
1f795741	0009c352
1f7c377c	0009c388
1f7f77ee	0009c3c2
1f7fddb3	0009c402
1f832138	0009c416
1f84467c	0009c458
1f84afe6	0009c486
1f872998	0009c4c8
1f873682	0009c50c
1f8ab8cf	0009c528
1f8b944a	0009c56c
1f8cc263	0009c590
1f8d9404	0009c5ae
1f8eb501	0009c5c6
1f8eed3c	0009c5e4
1f92ea1e	0009c638
1f933aa3	0009c668
1f943234	0009c694
1f94f96a	0009c6b8
1f95c05e	0009c6d6
1f97e12b	0009c702
1f99c0dd	0009c74a
1f9ad294	0009c778
1f9c188b	0009c7ac
1f9c4627	0009c7ea
1f9e2c52	0009c81e
1fa46977	0009c84a
1fa4717d	0009c890
1fa5f9b1	0009c8bc
1fa80e30	0009c8da
1fa811eb	0009c8f6
1fa8a593	0009c920
1fac9e0d	0009c94e
1fadadeb	0009c996
1faec617	0009c9cc
1faf1300	0009ca1a
1faf36f1	0009ca36
1fb1163b	0009ca82
1fb5b553	0009caa8
1fb64535	0009cac8
1fbbd546	0009caf4
1fbbff28	0009cb2a
1fbd2322	0009cb6a
1fbda7be	0009cb92
1fbe4304	0009cbc4
1fbf8475	0009cbd6
1fc17bd9	0009cc22
1fc38fa0	0009cc7a
1fc590a5	0009ccde
1fc67d0e	0009ccfe
1fc80039	0009cd24
1fcb0bfa	0009cd38
1fce5428	0009cd72
1fcea416	0009cd90
1fd0efe1	0009cdb6
1fd14570	0009cdcc
1fd32870	0009cdec
1fd4011a	0009ce1a
1fd4cfc9	0009ce52
1fd6abf8	0009ce9a
1fd7addd	0009cf10
1fd91ed2	0009cf2c
1fe2ba57	0009cf4c
1fe4c441	0009cfae
1fe5f9e1	0009cfde
1fe6020b	0009d024
1fe625fa	0009d05a
1fe6a5ec	0009d092
1fe6e745	0009d0a6
1fe9d282	0009d0e2
1fea3277	0009d11c
1feb0742	0009d134
1fec1dd9	0009d17e
1fec9c0d	0009d1ca
1fed39e5	0009d208
1feeef8e	0009d21c
1fef1c99	0009d232
1fefbcc9	0009d26a
1feff58a	0009d2ae
1ff02255	0009d2da
1ff12b23	0009d314
1ff2279b	0009d348
1ff23fb7	0009d3a6
1ff46e49	0009d3c8
1ff5bf5e	0009d3f2
1ff6e35a	0009d40a
1ff8a5b5	0009d436
1ffa561b	0009d462
1ffa5bee	0009d48a
1ffa8e3c	0009d4c8
1ffbb105	0009d4e4
1ffdbfc1	0009d50e
1ffdc7d9	0009d53e
1ffea05f	0009d56a
1fff0d17	0009d5d4
200277a3	0009d610
200736eb	0009d624
200768e8	0009d638
2008baa2	0009d672
200c4cb5	0009d6ca
200e45ff	0009d6f2
200f5bef	0009d718
2010f4d8	0009d744
201200da	0009d77a
2012aa8c	0009d7a2
20139c3f	0009d7d0
20144799	0009d808
2014581a	0009d83c
2017ca6c	0009d866
2017f9b5	0009d87a
2018daa9	0009d8b6
201917b5	0009d8e2
201adac8	0009d902
201c03d3	0009d950
201e8b51	0009d9ba
201e9e11	0009d9e2
201fb1a2	0009da1c
2020248b	0009da3e
2025b3e8	0009da70
2026aa92	0009dab4
20279991	0009dada
202976ab	0009db02
202b1a9d	0009db26
202b6c4a	0009db42
202c4f10	0009db5a
202f0ef1	0009db7c
202f1dd7	0009db7c
202f2782	0009db94
2032df10	0009dbac
20336302	0009dbe4
2034b7bd	0009dc0a
20362dd7	0009dc6a
20377ee6	0009dca2
203a6aca	0009dcc4
203ddac0	0009dcde
203fadd7	0009dd0c
2042d11e	0009dd50
2044c0e3	0009dd92
204825e5	0009de0c
20482eb9	0009de2a
20486e4a	0009de5e
2048ba55	0009de92
204c301c	0009dec6
20506ad8	0009df02
20558644	0009df26
2059f746	0009df6a
205a27e3	0009dfae
205d1f30	0009dfc6
205e3f2b	0009dff6
205ed5a4	000974a6
205f991c	0009e014
205fbbf6	0009e03e
2060fea5	0009e08c
2061ade4	0009e0b0
206503e9	0009e0de
2065b770	0009e11c
20666fcb	0009e164
20673073	0009e1a2
206ab484	0009e1bc
206ac8ad	0009e1e4
206c7712	0009e1fe
206dcfe3	0009e236
206e8cd5	0009e28e
206fd376	0009e2a2
20737b83	0009e2c2
2073ecee	0009e2f4
2076d068	0009e32a
207841da	0009e360
2078b631	0009e374
207a6390	0009e3bc
207c98a4	00064230
208351ae	0009e3ea
2083835d	0009e41c
208445dc	0009e44a
20861ce9	0009e47a
20862f57	0009e492
208abda9	0009e4c4
2091b6b7	0009e4f4
2091e903	0009e544
209206cc	0009e582
2096f673	0009e59a
209909b4	0009e5f4
209e3b64	0009e632
209fffc9	0009e664
20a2d080	0009e6b8
20a33899	0009e6f6
20a338e5	0009e72a
20a3af49	0009e76a
20a5298e	0009e79a
20a54716	0009e7c0
20a65777	0009e7fe
20a67f71	0009e814
20aa54af	0009e828
20aa83eb	0009e842
20ab0cb5	0009e85e
20adb5dc	0009e8aa
20b481dd	0009e8d6
20b67c49	0009e8ea
20b84018	0009e916
20b916ef	0009e942
20b93380	0009e970
20bb4537	0009e9a6
20bba7fe	0009e9d0
20bdf0b7	0009e9f0
20bef5b7	0009ea08
20bf190a	0009ea1c
20c0879d	0009ea4e
20c2caed	0009ea6a
20c379a6	0009eaa0
20c4252a	0009eacc
20c7ed99	0009eb0c
20c816ed	0009eb5a
20c87506	0009eb9c
20c8ed00	0009ebdc
20c94b96	0009ec06
20c9c832	0009ec36
20cdd896	0009ec52
20d18fd6	0009ec94
20d267b3	0009ecc2
20d62721	0009ecec
20d73525	0009ed14
20d87aaf	0009ed52
20d90b83	0009ed7a
20d95a68	0009edb8
20d95f14	0009edcc
20d9a776	0009edf8
20d9d699	0009ee2a
20dc338b	0009ee6c
20dfe787	0009ee96
20e184c6	0009eeda
20e31a97	0009eef2
20e4e797	0009ef14
20e698f2	0009ef34
20e809d5	0009ef7c
20e81561	0009efb0
20e94728	0009efc4
20ea8999	000974a6
20f19084	0009efe0
20f3f531	0009eff2
20f3fa05	0009f032
20f3fcbc	0009f060
20f5acf4	0009f0a2
20f64309	0009f0d0
20f7144f	0009f12a
20fc6596	0009f14c
2102e59f	0009f160
2103e244	0009f196
2104943e	0009f1ba
2104a48d	0009f1ea
2105887d	0009f244
21070669	0009f2a4
210768c2	0009f2ca
21081da7	0009f2fa
21082311	0009f330
2108ce2a	0009f36a
210ad5e7	0009f39a
210cd74c	0009f3c4
210d8fb4	0009f3f4
210ef9d6	0009f470
21124520	0009f490
211601e0	0009f4be
21186116	0009f4da
2118cb8b	0009f51c
211d51b3	0009f52e
211dcf88	0009f56a
211ef6d2	0009f5a4
21221d42	0009f5f2
21228d52	0009f60e
21235c12	0009f62e
21236f44	0009f668
2123caeb	0009f69c
21243a39	0009f6ec
2125f609	0009f710
212a0575	0009f744
212a10a1	0009f75c
212cc80b	0009f770
212d9e00	0009f7ca
212df3a2	0009f80a
212f0e7f	0009f822
2133dc51	0009f83e
2134bfbc	0009f862
2135048a	0009f876
2135cd1e	0009f8a0
21371a28	0009f8e4
2137479f	0009f918
213aa326	0009f950
213b1a52	0009f980
213cf834	0009f9d4
213ed72a	0009fa14
213f9289	0009fa42
2140eb91	0009fa5e
21420738	0009fa88
21435801	0009fb00
2143a0b5	0009fb24
2143a454	0009fb46
2143bd19	0009fb86
214452b0	0009fbb0
2148c84b	0009fbce
21494f95	0009fc24
214c1acb	0009fc56
214ca414	0009fc7e
214d18f7	0009fcc6
214f86c6	0009fcf8
21504d54	0009fd18
2150d682	0009fd3c
2151206a	0009fd5c
21517aed	0009fdbe
21524121	0009fe24
21537f72	0009fe72
2153926d	0009feac
2154e86d	0009fec8
215567d7	0009ff12
21584df8	0009ff2c
2159cd0e	0009ff46
215c590e	0009ff62
215c6235	0009ffa0
215dfe89	0009ffd0
215e0e85	000a002a
215f9105	000a0050
216410e7	000a0080
216797bf	000a00aa
21684b26	000a00e8
21695487	000a010e
21695a29	000a0176
216b5f80	000a0194
216d410b	000a01ae
217234be	000a01ca
2173949e	000a0212
21763898	000a0252
2176eade	000a028e
2177739f	000a02b2
21792503	000a02ec
21797056	000a030e
217a0f20	000a0354
217a42be	000a036a
217a4c96	000a0394
217ac37d	000a03ce
217c0d80	000a041a
2181f51d	000a0458
2182f89f	000a0480
2183e1f6	000a04a8
21869923	000a04ec
21881746	000a052e
2189894a	000a0562
218a2a07	000a05b6
218a6c9b	000a05d2
218b3be3	000a062e
218c2a61	000a064e
218f4535	000a0692
2193d883	000a06ce
2193fe21	000a06f0
21940867	0009fd3c
2195c18c	000a071a
21965d57	000a0740
219a2856	000a0780
219db915	000a07d0
21a00496	000a07ee
21a106e0	000a081c
21a17a2b	000a0874
21a27b00	000a08a2
21a38340	000a08c2
21a38482	000a08ea
21a40a4c	000a0926
21a53016	000a0942
21a63be8	000a095e
21a69a2c	000a0996
21a8736b	000a09ea
21abb144	000a0a08
21afa449	000a0a68
21b0050c	000a0a7e
21b0e455	000a0ab0
21b39568	000a0abe
21b5bff7	000a0ad6
21b63e4d	000a0b32
21b6cd95	000a0b7e
21b77847	000a0bb6
21bbf112	000a0bd2
21bef25f	000a0c18
21bffeea	000a0c38
21c0e373	000a0c5c
21c15af3	000a0c86
21ccc33b	000a0cc2
21cdab7c	000a0cf0
21cf0979	000a0d24
21cf857c	000a0d52
21d31d86	000a0d7c
21d37022	000a0dc0
21d49dbc	000a0dea
21d667d8	000a0e1e
21daa7ce	000a0e4a
21daa814	000a0e92
21db42c4	000a0eca
21ddf876	000a0eec
21de4e17	000a0f0e
21df924f	000a0f68
21e0cea2	000a0fa0
21e197cc	000a0fb8
21e29111	000a1018
21e2b113	000a1018
21e38a5c	000a1034
21e99030	000a1056
21ea74aa	000a1080
21ed1203	000a10c4
21ee0dc0	000a10ee
21f1657c	000a112a
21f65f34	000a114c
21f6afd8	000a1166
21f74dc9	000a1182
21f99455	000a11bc
21fc39b5	000a11e2
21ff54cd	000a11f6
21ff7fa6	000a121a
22006ae4	000a1260
22008bc2	000a127a
2201253c	000a1298
22019454	000a12f6
2203f827	000a132e
22049418	000a134e
2205c66b	000a1380
22073574	000a139e
220ab75e	000a13bc
220f1774	000a140e
2210b8da	000a1430
221199f0	000a1496
2214ef87	000a14ee
22156e78	000a151e
221853ad	000a1554
2218cf86	000a1582
22194221	000a15bc
2219b233	000a15e2
221cf501	000a160c
221e4318	000a1644
2220fc5a	000a1676
22210455	000a1696
2221d909	000a16c8
2222328e	000a1700
22243c1b	000a1736
2224e147	000a1770
2225b95b	000a178e
2226e213	000a17a8
222873c8	000a17ce
22288b0a	000a1826
222a6aaf	000a1844
222c08c8	000a18aa
222d3857	000a18d6
222e2f37	000a1908
2232fd4f	000a1960
22340155	000a19a6
2234733e	000a19e2
22356326	000a1a2e
22360001	000a1a54
2237d1cf	000a1a76
22386d60	000a1ab4
2238d55c	000a1afc
2238fccd	000a1b1a
22391b8f	000a1b4c
223aa6d6	000a1b78
223b1c62	000a1bb8
223bbcef	000a1bfc
223c4a91	000a1c1e
223d696b	000a1c38
2245911b	000a1c7c
2246b0e0	000a1ca0
2247480a	000a1cea
224ab984	000a1d22
224b2552	000a1d5c
224da199	000a1da0
224dfaf2	000a1da0
224f7ff1	000a1db4
225040eb	000a1dcc
2251b114	000a1e0a
22564c79	000a1e26
22570049	000a1e6a
22577aec	000a1ea8
22586184	000a1ec4
22594608	000a1ee4
2259d3db	000a1efe
225a6173	000a1f3e
225bcfd1	000a1f9a
225f2dee	000a1fba
22602a83	000a1fee
226030a0	000a2018
226408fc	000a203c
22658bc1	000a2062
2266471f	000a2094
226a6ab5	000a20e8
226b68fb	000a212e
226bb58d	000a2162
226bfa09	000a218e
226c2385	000a21b0
2271a79c	000a21de
2272ac53	000a21fe
22739f7b	000a2234
2274290b	000a226c
2276ec18	000a228e
22772d94	000a22de
2278bb05	000a2300
227bd1e5	000a2358
228029b4	000a2374
22805927	000a23a2
22859a87	000a23c6
2285c2fe	000a23de
22897c71	000a23f8
2289d1ed	000a2412
228b09fc	000a2432
228d01f5	000a2452
228d6b17	000a2490
228de0cf	000a24be
22910f88	000a24ec
2292897e	000a251c
2294ef36	000a2540
2296ac61	000a257c
2296afbc	000a2590
22989929	000a25b2
229a10fa	000a25e0
229bf66a	000a2604
229c11c9	000a2620
229d53e4	000a268c
229e66db	000a26b2
22a05e57	000a26da
22a2885f	000a2702
22a2c8bc	000a2726
22a2ff52	000a276c
22a47429	000a279a
22a49c38	000a27c0
22abbe28	000a2834
22ae728c	000a28a8
22af9776	000a28dc
22afd700	000a28fe
22b0d099	000a291e
22b0ffdc	000a294a
22b342ad	000a299a
22b38355	000a29f0
22b4d6a4	000a2a44
22b9537f	000a2a5a
22b9ac24	000a2a8e
22b9acd7	000a2a8e
22ba85bc	000a2ab0
22bd782c	000a2ad6
22c5b3c6	000a2afa
22c6b402	000a2b34
22c7fcf1	000a2b80
22cb0d56	000a2ba4
22cc4b43	000a2bf6
22ccfcb7	000a2c10
22cd0314	000a2c46
22ce4bea	000a2c6e
22d2d2bd	000a2cd4
22d6da39	000a2cf0
22d782da	000a2d32
22db3057	000a2d52
22db4929	000a2d80
22de3565	000a2d9e
22de4671	000a2dc2
22df14f8	000a2e1a
22df8f04	000a2e70
22e10b7f	000a2ea4
22e15266	000a2f0c
22e17595	000a2f26
22e2f61b	000a2f68
22e392ac	000a2f96
22e56f39	000a2fc6
22e5fdff	000a300c
22e6d54e	000a3036
22e9bb79	000a306e
22ea0988	000a30a0
22ea899c	000a30a0
22ea8ac5	000a30a0
22ea97f4	000a30a0
22eaa846	000a30a0
22eab945	000a30a0
22eab975	000a30a0
22eac04d	000a30a0
22eacf3e	000a30b2
22eaf106	000a30a0
22eaffb3	000a30a0
22ee5cfe	000a310c
22ef4c01	000a3134
22f4aca8	000a3154
22f700b0	000a3172
22f702ba	000a31aa
22f79ade	000a31d4
22fa23cc	000a321a
22fa865d	000a3272
22fbecd2	000a3298
22fd0cbd	000a32c4
22fde039	000a32e6
22fed859	000a32fe
22ff1d7f	000a338e
22ff8930	000a33ae
23004c06	000a33ee
23015b0c	000a340a
2301b0aa	000a3434
23020260	000a3478
2308b52e	000a34aa
230a6c13	000a34d2
230b0708	000a3518
230b4a25	000a3544
230c5767	000a3582
230c5c03	000a35a8
230c7e21	000a35fc
230cac59	000a3636
230cbb2a	000a366a
230d8e6b	000a3694
230e32cf	000a36d6
230ea279	000a36e2
230f04d0	000a3718
230f2e05	000a3748
231040e4	000a377a
23139f5e	000a37de
23159550	000a3810
2316a795	000a385a
23174d11	000a3884
23187723	000a38ce
23190f76	000a38f4
23191318	000a3922
2319691c	000a3922
231d0fdc	000a3938
231d3b42	000a3954
231df0ac	000a397c
231f18d2	000a39d4
23216f0c	000a39f4
2321812b	000a3a40
23229096	000a3a72
2323ab6e	000a3aa0
23266242	000a3ada
232a8e3b	000a3af0
232b64a8	000a3b14
232d28c8	000a3b54
23331227	000a3b98
233431a5	000a3bb4
2336ac57	000a3bcc
2337d0f0	000a3c1a
2338ec62	000a3c42
2339350c	000a3c6a
233a9cfd	000a3c9e
233c2415	000a3cd0
233cff52	000a3cf8
233dcbed	000a3d1e
233fa3ce	000a3d3e
23403b50	000a3d76
23423747	000a3dac
234284ac	000a3dac
2343c5f4	000a3dbc
2343eb44	000a3dd8
2344c4d1	000a3dfc
2346a419	000a3e66
23482862	000a3e98
234a5f9c	000a3eca
234c7b6f	000a3ef4
234cc83c	000a3f42
234d29a2	000a3f86
234d64e8	000a3fe8
234ddece	000a4012
234f2714	000a403e
23514310	000a4076
2353919c	000a408a
23544f41	000a40be
2355f93b	000a40d2
23568c55	000a40f4
235a9400	000a4110
235b368b	000a4152
235b6422	000a416a
235d1a6c	000a419e
23600fcc	000a41ea
236052f3	000a4234
2360f252	000a425a
2364b27c	000a4280
2365f569	000a42ac
2366144c	000a42e0
2367b448	000a4306
23690586	000a4326
23693e39	000a4362
23698408	000a4390
2369fb7f	000a43be
236c95b9	000a4404
236caf23	000a443e
236d0797	000a4494
236e5fb0	000a44b0
2370a349	000a44e8
23714063	000a451e
23736289	000a455a
23750767	000a4586
237560c8	000a45d0
237c12c0	000a45fa
237ceaf5	000a4624
237e2ced	000a464c
237fed67	000a466e
2383f292	000a4698
23878a69	000a46da
238a0cdc	000a470c
238b1ac5	000a472a
238b2cbe	000a4754
238b70bd	000a477a
238ca200	000a47a6
238e47b1	000a47ea
238ed85e	000a47ea
23902876	000a4840
23907ed5	000a485e
23944f37	000a488a
2397dee0	000a48a6
239819d5	000a48e0
2398224a	000a4918
239853e5	000a494c
23988c76	000a496a
239aabbd	000a499e
239c34b1	000a4a00
239cfe9c	000a4a28
239d9d50	000a4a50
239e0755	000a4a64
239e6335	000a4a9e
239ebdd7	000a4af8
23a0982a	000a4b20
23a14eba	000a4b62
23a34eac	000a4b9e
23a6cb32	000a4bce
23a76f7b	000a4c28
23a77262	000a4c7e
23a87a6d	000a4cb2
23a87c4d	000a4d00
23aa4ac9	000a4d3c
23ae980e	000a4d74
23b156eb	000a4d9a
23b16d78	000a4db4
23b38b00	000a4e04
23b78f05	000a4e26
23b8b18e	000a4e6a
23b9edad	000a4ea0
23ba99ce	000a4ecc
23bca7e7	000a4ef6
23bcf87d	000a4f4a
23bd9ff3	000a4f84
23c13e02	000a4fa8
23c162b6	000a4fba
23c35c9f	000a4ffc
23c448c5	000a501c
23c4ce3f	000a5076
23c50ad4	000a50a2
23c5b7a5	000a50e6
23c5db3f	000a5124
23c743de	000a513a
23c88410	000a5150
23c88494	000a5182
23c8de50	000a51a8
23c91d15	000a51d0
23cad989	000a5220
23cb7440	000a526a
23cba016	000a528e
23ce8216	000a52c2
23cea0dc	000a52f8
23ced371	000a5320
23d4bf69	000a5360
23d4d202	000a53c8
23d8aee0	000a53fc
23db37f8	000a5428
23dbe9f6	000a545c
23dcfcef	000a54b0
23e0dd6a	000a552a
23e3dca9	000a558c
23e5043f	000a55ca
23e6d603	000a5602
23eaf4ad	000a561a
23ef31d6	000a569c
23f3a361	000a56da
23f41ced	000a5720
23f46609	000a5766
23f490c5	000a5782
23f749dd	000a5808
23f8457b	000a5852
23ff5edd	000a5882
23ffe42b	000a58c8
24023eba	000a58fa
2406d048	000a5912
240a384f	000a594e
240b8da2	000a596c
240b9e99	000a59cc
240ba09d	000a5a0c
240bac1c	000a5a2c
240c8571	000a5a5c
240d3590	000a5a9e
240fb928	000a5ac0
24101e04	000a5b0a
241248d1	000a5b54
2414ad09	000a5b6c
24156c75	000a5b96
2418f719	000a5bb2
2418f8bb	000a5bb2
241a8c63	000a5bd8
241d5d4d	000a5c08
2427de06	000a5c24
2427f6b0	000a5c40
242867a3	000a5cb0
242b603d	000a5cfc
242c0df2	000a5d32
242c9f9a	000a5d6c
242cb653	000a5da0
242d7200	000a5dd0
242e8d65	000a5dec
24301b2a	0006ceaa
2430202d	0005beb8
24308879	000a5e08
243202a5	000a5e44
2432c61a	000a5e72
2432ce51	000a5e8e
24341192	000a5eac
2434a394	000a5eca
24364d74	000a5ee8
2438f342	000a5f54
2439169d	000a5f76
243fd943	000a5fae
2440e393	000a5fd8
2449765f	000a6020
244ac5b0	000a605c
244c6369	000a6088
244deaf9	000a60ee
244e6530	000a6122
24501eb7	000a6164
2450e5ee	000a61c2
24512be2	000a6222
24525d0e	000a6242
24551915	000a6268
24551eee	000a6268
24555932	000a6268
2455fc45	000a6268
245a2b90	000a627e
245c0bcd	000a62ae
245de488	000a62f0
2462ad25	000a630e
2462fda6	000a630e
246378a7	000a6326
246550c8	000a635a
2468f016	000a63a6
246b957c	000a63c8
2470942d	000a63f4
2470cd8e	000a640e
24721eb5	000a6428
2477c8f1	000a645e
24791a58	000a647e
247d818d	000a6492
247dd073	000a64d6
2480f8f0	000a650c
248149be	000a6534
24821dfe	000a6568
2483e1ca	000a65ca
24853be1	000a65e8
2488482e	000a661a
24891aea	000a667e
24897ab7	000a66a4
2489e4c4	000a66a4
2489efb8	000a6702
248a57c7	000a6722
248b4f2f	000a674a
248ceec5	000a6796
248d7f92	000a67e0
248eb947	000a6810
249066de	000a683e
2494f61d	000a6860
24958c6f	000a6898
2496c493	000a68e0
249b3559	000a693a
249bda9f	000a6954
249d374f	000a6986
249d9e17	000a69dc
249d9e62	000a69fc
249df955	000a6a3a
249e2dc0	000a6a98
249e4548	000a6ae4
24a0d1fd	000a6b0c
24a0d82d	000a6b50
24a328dd	000a6b72
24a5b99b	000a6bb6
24a63f05	000a6bec
24a8241d	000a6c2a
24a82c5d	000a6c2a
24a858a7	000a6c2a
24aa1475	000a6c42
24ab25af	000a6c64
24ac40de	000a6c84
24ac7b1f	000a6cb0
24ad5ab2	000a6ce8
24ae068f	000a6d04
24af8c2d	000a6d1a
24b0c657	000a6d48
24b114d7	000a6d6c
24b33626	000a6d98
24b34fd2	000a6db4
24b7420d	000a6df0
24b858dc	000a6e40
24b8e5bc	000a6e98
24b947d8	000a6eca
24ba5be2	000a6eee
24ba96de	000a6f44
24bbdb2b	000a6f6c
24bd06f0	000a6fac
24be110b	000a6fe2
24c16051	000a700e
24c2178c	000a703c
24c2f371	000a7068
24c324ae	000a709a
24c3dc19	000a70c0
24c3ff31	000a7108
24c5c1be	000a7124
24c5da0c	000a714a
24cb4716	000a716c
24cbe384	000a718e
24ccc489	000a71b4
24ccf28b	000a71fa
24ceaa14	000a7216
24cf1576	000a725a
24d0acd6	000a72a6
24d14f62	000a72e8
24d1e413	000a732c
24d20906	000a7362
24d22a03	000a7388
24d5c13f	000a7412
24d6594a	000a7460
24d6f0a8	000a749c
24db7b3c	000a74d8
24dbba36	000a7508
24e0ef39	000a7544
24e12eda	000a7598
24e25ac1	000a75d6
24e5732d	000a75f0
24e5ffab	000a762e
24e62d28	000a7668
24ea322e	000a76bc
24eb030f	000a7710
24eb9d26	000a7738
24ed11c8	000a777a
24ef051c	000a77b2
24ef34c2	000a7820
24ef6d43	000a7856
24f0b202	000a7890
24f1753b	000a78ba
24f1846f	000a78f0
24f4acd0	000a7914
24f4cb09	000a7976
24f97ebb	000a79ae
24fba223	000a79de
24ff8943	000a79fe
25005e7e	000a7a22
25010bd7	000a7a56
2504ad9b	000a7a9a
2505183d	000a7abc
250577ab	000a7ae6
2509416f	000a7b18
250d829b	000a7b42
250de95c	000a7b5a
250ed89d	000a7bb8
251295f9	000a7bec
25137ba4	000a7c0e
25171f2a	000a7c2e
2517ac9f	000a7c60
2517df3e	000a7c8c
2519c7f2	000a7cb6
251a46ed	000a7ce2
251af005	000a7d12
251cf850	000a7d32
251d2c9f	000a7d5a
251ebce9	000a7d86
2520aa19	000a7dae
25211b83	000a7dfa
25220067	000a7e6e
25222e16	000a7eb0
2524a986	000a7ec6
252c0210	000a7efe
252d1220	000a7f18
25308b83	000a7f32
2531c1df	000a7fb2
2531dd7b	000a7fde
25346951	000a8006
25346cf6	000a804a
2534a2a7	000a80b8
2538ed5a	000a80fa
2540e4f2	000a8140
25426578	000a817c
2544f807	000a81a4
25460acc	000a81dc
254666c5	000a8224
25474a7c	000a825e
2548279b	000a827a
2548fea6	000a82b4
25490f92	000a82e0
254abd29	000a834a
254c14fd	000a8372
254e4536	000a8392
25521af8	000a83de
255221c2	000a841e
2552d8ef	000a845c
25543225	000a8490
2554d8c3	000a84b8
255599af	000a84f4
255708d3	000a854a
25579520	000a8566
25586ca1	000a858c
255a00e8	000a85c4
255ac964	000a85e4
255ce95f	000a8604
255da365	000a8634
255e9794	000a8686
25613fe6	000a86b4
2563f735	000a8700
2564f3ab	000a8728
256621fa	000a877e
25686428	000a87fe
256a56e0	000a8838
256a8fe8	000a888c
256ae12d	000a88be
256aed24	000a88f2
256b15bb	000a8912
2570e78a	000a8938
2571d3e6	000a8982
25764517	000a89ca
2576e671	000a89f4
2578f284	000a8a30
257bc153	000a8a50
257e0765	000a8a9a
257e962a	000a8ab4
258027f3	000a8af0
258116f1	000a8b32
2583a073	000a8b62
25858c77	000a8b84
258702ad	000a8ba8
25873b51	000a8bc6
25886f2f	000a8c06
2589ade9	000a8c1c
258a2c3d	000a8c58
258aebeb	000a8c76
258b9c51	000a8c94
258bb766	000a8cb8
258bf408	000a8cfe
258e478f	000a8d3e
258fd6ec	000a8d88
2592c53e	000a8da2
25971a20	000a8dc6
2597cb6f	000a8e12
259dde6c	000a8ecc
259e93a2	000a8f0a
25a39516	000a8f4c
25a4e847	000a8f74
25a60a84	000a8fda
25a6b9bc	000a9012
25a894e5	000a9038
25a9ae65	000a906c
25ab1135	000a90a2
25ab36aa	000a90c2
25abb1af	000a90f2
25ae8d6f	000a9110
25b11cc7	000a9138
25b20598	000a915a
25b52c35	000a91de
25b6c526	000a9212
25b7a7a0	000a92c0
25b97d7a	000a92f2
25bb79a9	000a9322
25bb7d53	000a9370
25bcd218	000a93b0
25bd9de3	000a93d4
25beb920	000a93ee
25c1d450	000a9416
25c34138	000a944e
25c67c42	000a947a
25c6cf83	000a94c2
25c79d0c	000a950a
25c8a0b5	000a9562
25c9489c	000a957c
25cb223d	000a95a0
25cbd556	000a95cc
25cc733d	000a95f0
25cf68b4	000a9604
25d221e3	000a9632
25d5cef7	000a965c
25d63780	000a96a6
25d86d4a	000a96ee
25d8afc8	000a9740
25d8f3dc	000a9740
25daaeaf	000a9752
25db207f	000a9780
25dbce55	000a97b0
25e03ae7	000a97cc
25e08546	000a97e0
25e0bfaa	000a9824
25e171b8	000a9844
25e3c084	000a9890
25e44051	000a98c2
25e4b47b	000a98ea
25e4e71b	000a9930
25e6570e	000a9980
25e6588b	000a99b2
25e6ee8a	000a99d4
25e74d39	000a9a18
25ea784b	000a9a78
25ece668	000a9abc
25eecbd0	000a9aec
25ef9de3	000a9b32
25efb07d	000a9b4c
25f01e6d	000a9b72
25f0e0da	000a9bbe
25f67f01	000a9bfe
25f78f82	000a9c2a
25f9a67b	000a9c68
25fa746c	000a9ca2
25fbfc35	000a9cc2
25fc21ae	000a9d42
25fc345f	000a9d42
25fc7cce	000a9d42
25ff42f8	000a9d60
260330b6	000a9d82
260485de	000a9dae
260497e5	000a9de2
2604b55e	000a9e3c
2605f6e8	000a9e60
26079730	000a9e98
26087801	000a9ec2
2609ac1a	000a9f1c
260a7f99	000a9f40
260ae966	000a9f76
260c78fd	000a9fa0
260db944	000a9fe0
260f4480	000a9ffc
260f672d	000aa024
26104e3a	000aa092
2611f044	000aa0ea
2612e898	000aa144
26158051	000aa1a2
2615e594	000aa1d0
26186469	000aa1fa
26187c51	000aa1fa
2618a258	000aa23a
26199c4f	000aa27a
2619a8e2	000aa27a
261a1266	000aa298
261a687f	000aa2ae
261acf5d	000aa300
261af6e2	000aa32a
261b5907	000aa3a6
261c8bfb	000aa3d0
261d1aaf	000aa3f4
261dbd17	000aa42c
261f0772	000aa452
261f7969	000aa474
262292fc	000aa498
2622ed99	000aa4e8
26247f8d	000aa53c
2625803e	000aa582
2626a6b2	000aa5d4
2627adaf	000aa602
2628b4e5	000aa62e
2628d235	000aa65a
262dc205	000aa682
2630f976	000aa6bc
2631672e	000aa702
263356be	000aa738
26348672	000aa780
2635b740	000aa7ca
26363a7d	000aa7fc
263673c9	000aa816
2636a079	000aa82c
26377261	000aa892
263826a3	000aa8cc
2639c0c9	000aa8f8
263b0059	000aa934
263d193d	000aa976
263d9b0f	000aa9b8
263d9ec1	000aa9d6
2641b12a	000aaa10
2641ec62	000aaa2e
26441727	000aaa4e
264bac54	000aaa68
264c2d34	000aaaac
264c5f2a	000aaac6
264e66f9	000aaaf8
264ecbb0	000aab30
2652191f	000aab76
265282cd	000aab9a
26530657	000aabc2
265566d6	000aac0c
2656eca7	000aac5c
265aef0c	000aac8e
265eb19b	000aacb0
26647bc7	000aacec
26663e81	000aad14
2667c9e2	000aad42
266b0f56	000aad6c
266d3fa5	000aadac
266ddf96	000aae0e
266e27b8	000aae3e
2671365e	000aae8a
2671553c	000aaec6
2672c2a1	000aaee0
2673b4af	000aaf26
2673d36d	000aaf26
26747a5f	000aaf38
267526d1	000aafa6
2679bd22	000ab00c
267b69c2	000ab03e
267d707b	000ab06e
267d7e70	000ab0a4
267ebd84	000ab0be
26817fc6	000ab100
26826203	000ab134
26880cad	000ab152
26884da8	000ab168
268b8def	000ab1a2
268e387b	000ab1dc
268fe528	000ab24a
2690323e	000ab282
2693dc20	000ab2ca
26957e10	000ab2ea
26985a85	000ab322
26988c79	000ab388
269c2662	000ab3b6
269cf394	000ab3f4
269d2b42	000ab428
269e6371	000ab464
269ee650	000ab488
269f0805	000ab4aa
269f8479	000ab4c8
26a08f59	000ab4f6
26a5ca09	000ab520
26a63dac	000ab54a
26a9d965	000ab574
26ac0d02	000ab59e
26aea0e0	000ab5c4
26aff8b8	000ab62e
26b037aa	000ab65a
26b072c9	000ab68a
26b17206	000ab6c6
26b3230d	000ab6f2
26b403e0	000ab712
26b4be32	000ab748
26b5da08	000ab7a8
26bbc87c	000ab7d6
26bccf3c	000ab80c
26bf697d	000ab86a
26c0b35e	000ab884
26c154fd	000ab8c4
26c791cb	000ab8ec
26c97301	000ab926
26c984dd	000ab974
26cadf45	000ab9ae
26cb542e	000ab9e4
26cf5098	000aba00
26d06ee2	000aba30
26d134b7	000aba7e
26d2468c	000abaa6
26d449d1	000abaca
26d48281	000abaf2
26d5613e	000abb4e
26d5eb4d	000abb6e
26d61d0e	000abbb6
26d92359	000abbd0
26d93c00	000abbf6
26db6fa0	000abc24
26de91f2	000abc54
26df350e	000abc6e
26dfa65a	000abcae
26e1ee01	000abce0
26e36778	000abd22
26e57596	000abd40
26e585ef	000abd64
26e7150d	000abd7e
26e7b55c	000abdca
26e8abab	000abe08
26e8c2e0	000abe36
26e98043	000abe54
26eb8f8d	000abe70
26ecfed1	000abe90
26ed3bf2	000abec0
26eeb852	000abef6
26efb4ca	000abf20
26f02609	000abf4e
26f199b3	000abf80
26f27690	000abfa4
26f32edc	000abfc8
26f4483f	000ac014
26f73130	000ac03a
26f73f15	000ac086
26f92042	000ac0de
26f96969	000ac0f0
26facdd9	000ac12a
26fc4f4a	000ac14e
26ff63d9	000ac176
27001ecd	000ac1ea
2700ca9c	000ac230
2700dc0d	000ac266
27018734	000ac28e
27026c4d	000ac2e6
27027086	000ac322
2704865b	000ac35e
27060651	000ac384
27083342	000ac3c4
27086b74	000ac3f4
2708eda2	000ac418
270903b8	000ac43c
270971ce	000ac45c
270fbc03	000ac4c6
27108c8f	000ac542
27138b11	000ac570
27143fde	000ac592
2715d291	000ac5ba
2715f149	000ac5d8
27177666	000ac5f2
271fbe99	000ac65c
271feeee	000ac67a
2720a0d8	000ac6c6
27220daa	000ac6fc
2722c04a	000ac73e
2722e307	000ac762
2724dca9	000ac782
2724e6a4	000ac7bc
272c957c	000ac7fa
272ce7d1	000ac81c
272e260c	000ac836
272e3f3c	000ac874
272fa018	000ac8a0
2733a07d	000ac8d0
273466a7	000ac8f0
27346718	000ac950
27356ed1	000ac976
2738b7cd	000ac9a2
273b4f46	000ac9f0
27406757	000aca32
2740ee9e	000aca4c
2742a03c	000aca88
2742c45f	000acabc
2742f64b	000acae8
274526a5	000acb10
274604a1	000acb3e
27463643	000acb64
2746c819	000acbac
274f8cf6	000acbc8
2750d5e6	000acbf8
2751e007	000acc2a
2751e100	000acc2a
27542227	000acc58
27552a02	000acc84
2757a509	000accb6
27581748	000accca
2759e5bd	000accf0
275d7073	000acd30
275e52c0	000acd5c
27618c51	000acd7a
27621f23	000acda8
27629b45	000acdc8
27639960	000acddc
2765f00a	000acdf4
2766eb3a	000ace94
276ab39f	000aceb0
276b7755	000acede
276cda3c	000acefa
276e184b	000acf30
2770a729	000acf64
2770e97c	000acfa2
2771d5f2	000ad01c
2772a2c3	000ad052
27735f84	000ad08c
27736e1c	000ad08c
2773f16a	000ad0de
277628e8	000ad11a
277731c5	000ad176
2778fc58	000ad1a2
2779cca6	000ad1e6
277d2777	000ad242
277d8f1f	000ad264
277fb993	000ad2a0
27828dfb	000ad2d6
27829882	000ad2fa
278484d2	000ad336
27849f35	000ad360
2785dc8a	000ad38e
27881166	000ad3b6
2788735a	000ad3ce
2788f52d	000ad3b6
27895f72	000ad3ea
2789bb7c	000ad434
278a1ec7	000ad44a
278ab9b8	000ad484
278d9849	000ad4b6
27902f97	000ad4fa
27936b38	000ad536
279493e2	000ad56a
2795bfdb	000ad59a
2796067d	000ad5ba
27989059	000ad5d6
279a0074	000ad604
279a39f2	000ad620
279a9920	000ad63a
279c883f	000ad67a
279ebec4	000ad6ce
27a28188	000ad71c
27a4a50e	000ad742
27a5db69	000ad7a8
27a60142	000ad7ce
27a61b23	000ad80e
27a72b21	000ad82e
27a78904	000ad8a4
27a8f1c8	000ad8c0
27aa4a00	000ad8ee
27abdb53	000ad94a
27ac98fd	000ad982
27af9226	000ad9d0
27b090c2	000ada02
27b0f1da	000ada16
27b164ca	000ada60
27b17de3	000ada92
27b5c9d1	000adaac
27b75c2d	000adaf6
27b8a02c	000adb34
27b8a548	000adb5c
27ba89b5	000adb82
27be7a09	000adbc6
27bf16b6	000adbf6
27bf7098	000adc0c
27c23a88	000adc2c
27c6afb5	000adc60
27c8752b	000adc78
27c8c4fc	000adc9a
27c94d7a	000adcf4
27ca49ff	000add2a
27cb49dc	000add56
27cbd15e	000add88
27cc4aee	000addae
27cef6b5	000addfe
27d1ef6f	000ade32
27d4a7db	000ade4e
27d7179e	000ade76
27dc0bfd	000ade88
27dc23f8	000adea0
27dd9883	000adf18
27df1825	000adf58
27e02edc	000adf78
27e4c3a4	000adfb6
27e5f7cc	000adfde
27e68c59	000ae00c
27e6c739	000ae04e
27eae544	000ae08c
27ec5efd	000ae0d0
27ecfe45	000ae10c
27ee89ed	000ae130
27f081d5	000ae176
27f1071d	000ae1b0
27f2f268	000ae1c8
27f35c2e	000ae1ec
27f3a3dc	000ae22a
27f3fb2b	000ae25a
27f5bd92	000ae28e
27f767f9	000ae2ba
27f78c7a	000ae2f0
27f8b585	000ae32c
27fb93a2	000ae350
27fbf219	000ae38c
27fe840a	000ae3f2
27fe94e9	000ae40c
28017bd9	000ae434
2802173c	000ae464
280374bf	000ae48c
2803eb15	000ae4d8
2805ef42	000ae50a
2807e6d4	000ae542
280ac465	000ae55e
280c1994	000ae582
280d02c2	000ae5d6
280d1ca7	000ae606
2811dcb5	000ae630
2814530f	000ae656
281474d9	000ae690
28148f77	000ae6b0
2817c269	000ae6dc
2817e7bf	000ae6fa
281c0193	000ae722
281c0a31	000ae760
281cadce	000ae7ac
281d8a36	000ae7c8
281e2a70	000ae7f2
28299a99	000ae812
28299e19	000ae83c
2829b00c	000ae862
282e5a4e	000ae8a0
282eb60c	000ae8ee
28331820	000ae930
28332075	000ae930
28332dbc	0009adee
28334069	000ae930
28337040	000ae930
2833bc67	000ae948
2834c694	000ae966
28376a2f	000ae984
28377c38	000ae9a6
283bafde	000ae9cc
28403f51	000ae9fc
28408b67	000aea1a
2842700e	000aea68
2844d4c7	000aea9c
28461107	000aeab0
2846156d	000aeab0
2846ae68	000aeae2
284a9bc4	000aeb06
284c0690	000aeb86
284c1b2b	000aebb0
284c905f	000aebde
284d196f	000aebf2
2851a9c0	000aec22
2854de1b	000aec5c
2859334d	000aeca6
285b025c	000aecc6
285b73e2	000aed02
285ca7f2	000aed48
285ea1dc	000aed78
285ff57e	000aed98
2864d52a	000aedbe
286533e5	000aedfa
28663a1a	000aee4c
28663e34	000aee4c
28696c6b	000aee8e
286d6b3d	000aeeba
287041c7	000aeef2
2870a26c	000aef5c
28712775	000aefb0
2873247a	000aefcc
287416b8	000af000
287548de	000af032
2879a215	000af07e
287c71d1	000af0ee
287cd049	000af124
287d9760	000af13a
287f043f	000af16c
2881ab59	000af1b2
2881b9f2	000af200
28827b5f	000af234
28838792	000af296
2883f806	000af2bc
28840570	000af304
28876ea7	000af336
288b211b	000af370
288b5d96	000af392
288c17c7	000af3fe
2892f095	000af444
2893ba6f	000af474
2894ab01	000af4a4
28957fd9	000af4e2
2897838e	000af508
2898dc4f	000af53a
289a5544	000af570
28a0e31b	000af594
28a1548b	000af5b0
28a4110b	000af5ee
28a49660	000af648
28a6aa19	000af676
28a98f0c	000af6ae
28b143d9	000af6d8
28ba7867	000af70a
28bd2d0e	000af75e
28bdd927	000af794
28beb8f5	000af7c2
28c023a2	000af7f0
28c40a79	000af856
28c5f671	000af876
28c86b86	000af8c4
28c93e64	000af8ee
28c9d4e4	000af924
28ca3021	000af93c
28d1b47e	000af958
28d2781d	000af978
28d30241	000af9a0
28d36811	000af9be
28d3bc61	000afa08
28d3cc79	000afa20
28d89c1c	000afa5e
28d95d02	000afa96
28d963fc	000afada
28dd7115	000afafa
28ddcdc0	000afb16
28ddd067	000afb16
28deb991	000afb66
28ded060	000afb82
28df24b4	000afbbe
28e11ee3	000afbe0
28e1a978	000afc08
28e28309	000afc32
28e6fc5d	000afc5a
28e78be2	000afc82
28e7b604	000afcac
28e80b1a	000afce2
28e851a8	000afcf8
28e85968	000afce2
28e92af7	000afd0e
28e9ba7f	000afd38
28ea1c1d	000afd60
28eedf94	000afdaa
28efeabb	000afdcc
28f19168	000afde6
28f3ef54	000afe1e
28f514ec	000afe50
28f61eaa	000afe7e
28f655a6	000afeb4
28f71138	000afed0
28f7b667	000aff06
28f818a8	000aff52
28f828e5	000b0008
28f9c904	000b0058
28f9d21e	000b00be
28f9f790	000b00e4
28fea049	000b012c
2902bd91	000b015c
2902c628	000b0184
2903006b	000b019e
29034aba	000b01c0
29083faa	000b01e6
290962da	000b0210
290a3e60	000b0224
290ad152	000b0224
290af586	000b0224
290afe43	000b0224
290bdc87	000b023c
290de2b4	000b028e
2913e7e2	000b02aa
291454cd	000b02ea
29147707	000b0306
2916962e	000b034c
2916aded	000b036a
2916ae8f	000b039c
29171b24	000b03e6
29182a7b	000b0412
2918325c	000b044c
29188745	000b0476
29189482	000b0492
2919ee0b	000b04ac
291c1237	000b04d0
291d4f6e	000b0508
291f1e2e	000b0534
2920117b	000b0572
29214b4c	000b05a4
29230ba6	000b05d8
2924b135	000b0612
29281685	000b065c
2928ec14	000b068a
2928fadf	000b06b0
29292ad5	000b06ee
292b3a26	000b073e
292cb779	000b077a
292d3edb	000b07aa
292d7050	000b07c2
29323b2c	000b07f8
2933106b	000b0810
2933d411	000b0836
2936752a	000b0860
293803cd	000b088c
293968ea	000b08b8
293caf36	000b08de
293cd9df	000b08f4
293d0817	000b090e
293f0d4b	000b0954
29458f58	000b0980
294a8b12	000b09b0
294a9b23	000b09d2
294ae97d	000b0a06
294ca496	000b0a50
294d7623	000b0a9c
294efb7e	000b0ac6
294f99b7	000b0b04
2953a545	000b0b32
2953dc0a	000b0b68
295540e3	000b0bb4
29575081	000b0bec
295904d8	000b0c1a
295df553	000b0c56
295f93b5	000b0c74
296666b1	000b0ca4
296744ff	000b0cc2
29676df6	000b0cd8
296b7d9a	000b0d06
296d1a95	000b0d32
296d6b3d	000b0d56
29727643	000b0d76
2976bcfc	000b0d9e
29777fcd	000b0dce
2978e26c	000b0e0e
2978e50e	000b0e30
29798245	000b0e4e
297abcc4	000b0e6a
297ca242	000b0ea2
297e9d57	000b0ec6
297ea990	000b0ef4
297fc60d	000b0f38
29800e3d	000b0f7e
29813f3d	000b0fae
2982ac1a	000b0fe8
29832a4f	000b1032
2984f145	000b105a
2986d1e3	000b1082
2989d06f	000b10c8
298b46d0	000b10fa
298d0b08	000b1128
298f1e09	000b1160
298f5cf6	000b119c
299307ab	000b11c2
2996fada	000b1202
29983e41	000b122a
299c5331	000b1248
299ec38a	000b1266
29a151cf	000b1278
29a383d5	000b12d8
29a5d7f2	000b131a
29a9325c	000b133c
29ab42cd	000b1390
29aced14	000b13da
29ad02c2	000b13fe
29af367c	000b143a
29b363c7	000b147e
29b43953	000b14b6
29b5f6b3	000b14dc
29b905a1	000b14fa
29b90622	000b1552
29ba2743	000b159a
29ba47de	000b15bc
29bb3987	000b15e6
29bdfdbe	000b1626
29c0d765	000b1654
29c1e11c	000b168c
29c23a6b	000b16b8
29c27f8b	000b16de
29c3b4f7	000b1704
29c63987	000b1774
29c63d74	000b17a4
29c9aeb3	000b17c0
29c9ba91	000b17ea
29cb53e5	000b180a
29cb8356	000b181e
29d09b6f	000b1862
29d3021b	000b1898
29d309c8	000b18c6
29d31567	000b18c6
29d32b44	000b18c6
29d368df	000b18c6
29d84906	000b18de
29d9a5b3	000b192c
29dac6ac	000b194c
29e0d142	000b197c
29e63015	000b198a
29e717fb	000b19a4
29e9417e	000b19c8
29e98d37	000b19fc
29ebf0ad	000b1a38
29ecaecb	000b1a56
29eec6b5	000b1a8a
29f0579b	000b1ac2
29f0b401	000b1ade
29f167e4	000b1b20
29f4b653	000b1b40
29f59536	000b1b54
29f7a9f0	000b1bac
29f7d7e2	000b1bdc
29f8c35c	000b1c04
29fa8bd6	000b1c28
29fb76ec	000b1c66
29fbc9dc	000b1cb8
29fc6822	000b1cd0
2a002a14	000b1cfc
2a014329	000b1d22
2a01590c	000b1d5a
2a0159b9	000b1d5a
2a033636	000b1d8a
2a03c09d	000b1da4
2a049592	000b1de8
2a04bfe3	000b1e18
2a070d54	000b1e3e
2a079551	000b1e82
2a0acb36	000b1ec8
2a0b4e35	000b1ee4
2a0bea1c	000b1f0e
2a0cb33b	000b1f40
2a1053f0	000b1f60
2a10e301	000b1f9a
2a127acb	000b1fd6
2a12c452	000b200a
2a12e84a	000b2028
2a13dfcb	000b2058
2a14bfde	000b2098
2a15225e	000b20b6
2a15dad0	000b20e4
2a160718	000b2128
2a168fe7	000b2146
2a16de69	000b2170
2a18d5b1	000b21b0
2a1a29d0	000b21de
2a1ae59f	000b2228
2a1b5311	000b227e
2a1bf009	000b22be
2a1ce94c	000b22f8
2a1d7478	000b2320
2a1d8626	000b239a
2a21123c	000b2410
2a219996	000b2448
2a21a007	000b2468
2a26182c	000b249a
2a28c0f9	000b24b6
2a2b23b0	000b24d2
2a2f1f6c	000b24f2
2a2fe90d	000b253c
2a2ff746	000b255e
2a3059a1	000b2582
2a321b2d	000b25be
2a32eddc	000b2604
2a32f3e4	000b2630
2a34fe57	000b2656
2a35e1e9	000b2690
2a368a69	000b26d0
2a3756ed	000b26f2
2a3aee15	000b272e
2a3b17d0	000b276a
2a3bbc4c	000b27a2
2a3cc7a4	000b27f2
2a3d0bea	000b2816
2a3f745b	000b2856
2a41b7ae	000b2892
2a42a494	000b28d4
2a43445e	000b2902
2a449064	000b2918
2a466ea1	000b2938
2a4a63ca	000b2972
2a4b278a	000b299c
2a4d7edc	000b29d8
2a4f6dc3	000b29fe
2a4f7d16	000b2a26
2a517d9b	000b2a68
2a523f28	000b2ab0
2a54782f	000b2ada
2a55e49e	000b2b3a
2a55f17a	000b2b6a
2a57e31a	000b2b8e
2a5ec34c	000b2bb2
2a602abe	000b2be0
2a603f94	000b2be0
2a6068af	000b2be0
2a619cad	000b2bf4
2a61a65e	000b2c28
2a61ee75	000b2c5a
2a63103c	000b2c74
2a6608c0	000b2cbe
2a683c54	000b2ce0
2a69ae22	000b2d02
2a6b69c9	000b2d1e
2a6c8a0a	000b2d4c
2a6eeec6	000b2d90
2a7036f0	000b2dbc
2a7b9121	000b2df8
2a7e3d45	000b2e16
2a7ea2c2	000b2e5a
2a7f78fc	000b2e88
2a801c14	000b2eb2
2a81a95c	000b2efe
2a820b03	000b2f3a
2a8372e9	000b2f5c
2a83a49c	000b2f98
2a83e174	000b2fbe
2a84a59e	000b2ff6
2a858c7e	000b3026
2a8590a8	000b306e
2a85ab65	000b3088
2a85b882	000b30a2
2a85e5ef	000b30cc
2a868361	000b30f2
2a8703be	000b3120
2a893d68	000b3146
2a89d5b6	000b316c
2a8c162d	000b317e
2a8c5b16	000b31a6
2a8cc0d4	000b31d0
2a8f2ba4	000b3200
2a8fe30c	000b3220
2a9051bd	000b3258
2a928abc	000b3286
2a92d17c	000b32e8
2a940d2d	000b3324
2a9445e8	000b334e
2a9667ef	000b337e
2a96d228	000b33b6
2a974403	000b33d8
2a978553	000b33d8
2a978ea0	000b33d8
2a97923d	000b33d8
2a9bbbd9	000b33ee
2a9d1aa8	000b340a
2a9d9d6e	000b3424
2a9da951	000b3424
2a9f7ab7	000b3444
2aa07d66	000b346a
2aa2a94f	000b34a6
2aa4209e	000b34c4
2aa6885f	000b34ec
2aa7abc3	000b352e
2aa879b8	000b358c
2aa916d6	000b35b6
2aaac70d	000b35dc
2aab845e	000b360e
2aaba96c	000b363e
2aabc117	000b366e
2aad974f	000b369c
2aadb019	000b36cc
2ab16086	000b3722
2ab17716	000b3754
2ab485cb	000b3772
2ab49116	000b3790
2ab64b0c	000b37ae
2ab6cb95	0007aed6
2ab770cc	000b37c6
2ab88ced	000b37e8
2ab98c01	000b3802
2abbff01	000b383c
2abd03d8	000b388c
2abd2d6e	000b38ac
2abd6886	000b388c
2abd6a1a	000b38e2
2ac07af7	000b3900
2ac4e92c	000b3918
2ac60e1a	000b393e
2ac99b76	000b3996
2aca4052	000b39d2
2acc1034	000b39f0
2ad02020	000b3a1a
2ad0461a	000b3a3c
2ad16869	000b3a7a
2ad172e7	000b3a98
2ad19bff	000b3af0
2ad3dce9	000b3b34
2ad6e3b8	000b3b5a
2ad7fd3f	000b3b92
2adb5f7f	000b3bae
2adbc21e	000b3bde
2ae04425	000b3c06
2ae1214e	000b3c42
2ae35335	000b3c7c
2ae7634b	000b3c92
2aebad02	000b3cb8
2aed0dd4	000b3cee
2af13f44	000b3d2e
2af5293d	000b3d4a
2af53e2b	000b3d84
2af5a456	000b3dc6
2af69847	000b3de2
2af9ee3d	000b3e34
2afab78d	000b3e5e
2afc40df	000b3e8a
2aff9f7e	000b3ec2
2b00e7ac	000b3ef4
2b0385cc	000b3f0a
2b0420dc	000b3f28
2b04cc8f	000b3f40
2b058ed7	000b3f6c
2b05c34e	000b3fda
2b06002a	000b3ff2
2b0805e2	000b400c
2b080923	000b4032
2b0f672e	000b4050
2b1232f5	000b409e
2b154083	000b40b6
2b18c34c	000b40ea
2b19a698	000b410a
2b1a3032	000b4158
2b1b1f40	000b4184
2b1bf25e	000b41a2
2b1cf40d	000b41fc
2b2529ef	000b4232
2b264d84	000b42a0
2b26f2e7	000b42d2
2b28ac1c	000b42ea
2b28f531	000b42fe
2b2c27db	000b434a
2b2c82fe	000b4366
2b2c8b8f	000b437c
2b2ce3b5	000b4366
2b2f7d17	000b4394
2b2fb1a3	000b43aa
2b316be9	000b43cc
2b31fc44	000b4428
2b325d94	000b4486
2b329ed1	000b44ca
2b342e29	000b44f8
2b35f495	000b4524
2b369e0b	000b4558
2b3a4f97	000b4596
2b40f7aa	000b45bc
2b41ad77	000b45e2
2b43226f	000b462c
2b467767	000b4678
2b49ab4f	000b46ae
2b4bc66d	000b46e4
2b4c60fc	000b471c
2b4ecd8b	000b4772
2b52a681	000b47d4
2b52cec5	000b47ee
2b52d6ec	000b4856
2b536967	000b486a
2b5d6806	000b48cc
2b5fba6b	000b492e
2b66e602	000b4958
2b671e94	000b4988
2b697d49	000b49b0
2b6a1828	000b49cc
2b6a4273	000b4a26
2b6ec7a6	000b4a40
2b6ee465	000b4a92
2b7182ab	000b4ac6
2b7308e1	000b4afe
2b74854e	000b4b1c
2b75233c	000b4b3a
2b766dcd	000b4b56
2b79db5b	000b4b8a
2b7b6df2	000b4bb4
2b7d1fe7	000b4be8
2b7d78c9	000b4c2e
2b7dda79	000b4c4c
2b7e1d36	000b4ca8
2b814397	000b4d1c
2b87f3fa	000b4d4e
2b8a23ea	000b4d76
2b8c2f5c	000b4d9e
2b8e3be6	000b4de4
2b91af53	000b4dfa
2b91bde2	000b4e2c
2b943a48	000b4e66
2b96be8a	000b4e7c
2b986104	000b4ea4
2b9870f7	000b4ea4
2b98fa05	000b4ec0
2b9a8be9	000b4eda
2b9c6baf	000b4efe
2b9f9204	000b4f3e
2ba15cb7	000b4f86
2ba4e685	000b4fe8
2ba52a2d	000b4ffc
2ba61d34	000b501c
2ba810de	000b5050
2ba89867	000b5088
2bad2937	000b50b4
2bae30f6	000b50f2
2bae4463	000b5116
2bb47084	000b5132
2bb4dbd3	000b5152
2bb50b0d	000b517a
2bb6ddb2	000b51d0
2bb7f325	000b51f8
2bb87e2e	000b522a
2bbb8255	000b5254
2bbcb559	000b527a
2bbe3649	000b5296
2bbe63c4	000b52ba
2bbefbd0	000b52dc
2bbf77ee	000b52f8
2bc2860b	000b5312
2bc43107	000b533e
2bc442c4	000b5368
2bc5ab4c	000b5384
2bc5cf8a	000b53d8
2bc76ae0	000b53fe
2bc7f6c6	000b544c
2bc8ad78	000b5478
2bc8b1ae	000b54a2
2bc9fbe3	000b54d2
2bce0cf8	000b5506
2bd35e7b	000b551c
2bd36ce3	000b5582
2bd46494	000b55de
2bd4fdff	000b55f6
2bd5c998	000b5664
2bd70225	000b567e
2bd70b21	000b56a2
2bd77773	000b56ce
2bd90378	000b56fc
2bda13ee	000b574e
2bda962e	000b5792
2bdb1588	000b57be
2bdb8f60	000b57ea
2bdbb507	000b57ea
2bdbd1e7	000b5802
2bdbd99a	000b57ea
2bdc6d31	000b581c
2bdcf5ec	000b5838
2bde6f14	000b5890
2bdf4a3b	000b58d0
2bdf9dbb	000b5916
2be01a66	000b594a
2be5b73e	000b5990
2be65e88	000b59c2
2be7b40a	000b59e6
2be81174	000b5a08
2be90abf	000b5a4c
2bed0db8	000b5a72
2bf012e7	000b5a9e
2bf21381	000b5aba
2bf21ba5	000b5aba
2bf22e9f	000b5aba
2bf23bae	000b5aba
2bf2a100	000b5aba
2bf3ea1d	000b5ad2
2bf41a91	000b5afe
2bf6ea7d	000b5b3a
2bf8b6d8	000b5b78
2bfbc34e	000b5ba2
2bfd6a06	000b5bcc
2c00361e	000b5be8
2c037e38	000b5c28
2c0627ef	000b5c58
2c0642b8	000b5c96
2c06c7e0	000b5cb6
2c070202	000b5d4a
2c0790b2	000b5d86
2c0832f3	000b5da4
2c0b44e5	000b5e3a
2c0c7139	000b5e7e
2c0d5411	000b5ec8
2c0e8f0d	000b5ef2
2c101cc0	000b5f26
2c1417cb	000b5f4a
2c163349	000b5f82
2c172123	000b5fa6
2c1c393a	000b5fe2
2c1d12e3	000b6010
2c1de293	000b6038
2c1f13b3	000b6062
2c1f1d09	000b60a4
2c1fc49a	000b60c2
2c23c006	000b6112
2c23e481	000b6144
2c269115	000b61a8
2c27d1a9	000b61f2
2c2b2f09	000b6224
2c2bd24d	000b623e
2c2ef601	000b6268
2c307a44	000b6290
2c325fb7	000b62ac
2c32f2a6	000b62d0
2c350795	000b6312
2c3805af	000b634a
2c3a0fea	000b6386
2c3ae203	000b63ae
2c3c7f08	000b63ea
2c3d1ae5	000b643c
2c3db542	000b6474
2c3e9be4	000b6492
2c3f2985	000b64c6
2c3fa3bb	000b64ee
2c3feeaa	000b6506
2c413008	000b6526
2c415e7f	000b6550
2c41e1cf	000b6572
2c4531a4	000b6596
2c4533cf	000b65de
2c45b9c3	000b6618
2c46ec74	000b663c
2c49b0fb	000b6660
2c49db3f	000b669c
2c4b1363	000b66ae
2c4bf525	000b66d6
2c4c1c24	000b670c
2c4d1237	000b674a
2c4eef8b	000b676e
2c507349	000b679a
2c50d8fc	000b67f4
2c554001	000b6816
2c561f38	000b6834
2c582659	000b6852
2c5a08ab	000b6880
2c5a3571	000b689a
2c5cca11	000b68c8
2c5ea227	000b68f0
2c5ee540	000b6932
2c60202b	000b694e
2c60439b	000b6982
2c62b1b1	000b699c
2c62f950	000b69fe
2c63d324	000b6a46
2c65712a	000b6a78
2c6638b1	000b6ab6
2c668761	000b6ab6
2c669f14	000b6ab6
2c66aa11	000b6ab6
2c66d603	000b6ab6
2c66dd13	000b6ab6
2c66e595	000b6ab6
2c66f3ed	000b6ab6
2c66f44b	000b6ab6
2c6777d7	000b6aca
2c678007	000b6ae4
2c680b8b	000b6b1a
2c6a5a25	000b6b42
2c6a8c38	000b6b66
2c6ab389	000b6b98
2c6c567b	000b6bbe
2c6e8ed8	000b6bf0
2c6e94fe	000b6c4a
2c7122e8	000b6c74
2c735cdb	000b6c8e
2c736c24	000b6cb4
2c7403ff	000b6d0a
2c793dc9	000b6d48
2c79c8c8	000b6d92
2c7c721a	000b6db2
2c7cb222	000b6dfe
2c7e39d2	000b6e16
2c7e4e42	000b6e70
2c7e99ee	000b6ea4
2c7f0f71	000b6ed4
2c7f324b	000b6ef8
2c82d643	000b6f2c
2c87b95a	000b6f44
2c88b124	000b6f72
2c8c110d	000b6f8e
2c91e90c	000b6f9a
2c949602	000b6fd6
2c955035	000b7014
2c957193	000b705a
2c97ba0c	000b7092
2c9962b1	000b7104
2c9a1db7	000b712e
2c9b680a	000b716c
2c9e3023	000b71c6
2ca00eae	000b721e
2ca2cbe3	000b7256
2ca49ef2	000b729e
2ca523a3	000b72c8
2ca711e8	000b7312
2ca7c434	000b7356
2ca86e8b	000b738e
2ca9389e	000b73ba
2cab24e2	000b741a
2cabe72f	000b7450
2cad7c15	000b7466
2caf1680	000b7486
2cb08048	000b74a8
2cb17d53	000b74d8
2cb29d0b	000b7506
2cb3c2ae	000b7552
2cb4f45a	000b7580
2cb6f29a	000b75de
2cb81736	000b7618
2cb888c8	000b7634
2cb8dace	000b7674
2cba8d31	000b76d0
2cba967e	000b76f6
2cbb2647	000b771a
2cbdfa8f	000b7764
2cc60ff1	000b7782
2cc83b4c	000b77bc
2cc9dfc3	000b77f8
2ccd140d	000b7838
2ccea286	000b7862
2ccfa575	000b788e
2ccfee52	000b78b4
2cd12ed7	000b78fa
2cd4b508	000b7926
2cd56163	000b796a
2cd6a567	000b7988
2cdb5900	000b79b4
2cdc48ee	000b79e4
2cdc4c04	000b7a44
2cdc7097	000b7a60
2cdd57f4	000b7a9c
2cddc6c4	000b7aea
2cdf17c9	000b7b4c
2cdffce2	000b7b76
2ce4f373	000b7b96
2ce6ee53	000b7bc8
2ce7dfa2	000b7c1e
2cea256b	000b7c60
2ceb6079	000b7c84
2cee38bc	000b7cf0
2ceefcc6	000b7d1a
2cefc757	000b7d42
2cf04a03	000b7d6a
2cf17690	000b7d94
2cf20ca9	000b7ddc
2cf24569	000b7df4
2cf24e04	000b7e16
2cf2ed9a	000b7e42
2cf3bdec	000b7e64
2cf51b81	000b7e80
2cf5ed06	000b7ece
2cf6142f	000b7f08
2cf62640	000b7f08
2cf635d4	000b7f08
2cf6583b	000b7f08
2cf7297e	000b7f18
2cf9bc2a	000b7f42
2cfa1ad7	000b7f6c
2cfa8a00	000b7f8c
2cfb3bb9	000b7fae
2cfb42b7	000b7fe0
2cfb6254	000b8006
2cfbb3c8	000b802c
2cfbc920	000b803e
2cfc1cf4	000b8054
2cfd316a	000b8074
2cfd65c6	000b808a
2cfd84f2	000b809e
2cff1078	000b80e8
2d02259b	000b8104
2d02be18	000b8130
2d03aec0	000b8150
2d03e1d1	000b81ae
2d04f54e	000b81e4
2d05d61f	000b81fe
2d064f4a	000b8234
2d08ded6	000b8256
2d0a4d2b	000b826e
2d0ac72f	000b82dc
2d0c66f4	000b8332
2d0e9789	000b8378
2d0ec6d1	000b83b6
2d0fa444	000b83fe
2d10e9c9	000b8462
2d123eac	000b8498
2d18ba8b	000b84ba
2d1959e9	000b8502
2d19e789	000b854c
2d1e979a	000b8576
2d203001	000b85a2
2d20dc77	000b85c4
2d27d528	000b85f2
2d28aa1d	000b8614
2d28b796	000b8614
2d293a59	000b8628
2d2b5d4f	000b8668
2d2c2a0e	000b86b0
2d2c977e	000b86d2
2d2d5591	000b86ec
2d2dedc0	000b870e
2d2f1247	000b873e
2d30657b	000b8768
2d330db7	000b8792
2d338e37	000b87ba
2d36b59b	000b87e2
2d374964	000b8812
2d385c7a	000b883a
2d3880ff	000b885e
2d397d05	000b888e
2d3a3278	000b88d4
2d3a94ef	000b890a
2d3ac0e0	000b891e
2d3acfa9	000b8964
2d41a4c2	000b8986
2d458474	000b89be
2d46f33f	000b89e6
2d494194	000b8a18
2d4c953e	000b8a54
2d4d17f9	000b8a8c
2d4e7171	000b8aa6
2d53d73c	000b8abe
2d53ecce	000b8b02
2d55d3f1	000b8b44
2d57af4d	000b8b8a
2d593e31	000b8bc8
2d5a32ae	000b8c1c
2d5e21aa	000b8c3c
2d5ec4ee	000b8c78
2d5f0141	000b8c8e
2d6186e7	000b8cb4
2d643c9d	000b8ce6
2d64d802	000b8d4e
2d66dd6d	000b8d74
2d68420d	000b8dac
2d6be726	000b8dc4
2d6cf5c2	000b8de2
2d6d3517	000b8e62
2d6e136f	000b8e80
2d71a105	000b8ea8
2d71d38f	000b8ee2
2d731026	000b8f0e
2d731c53	000b8f36
2d74661b	000b8f6c
2d74d04f	000b8fbc
2d752ea2	000b8fea
2d768875	000b9018
2d76d95b	000b9058
2d777e25	000b90a2
2d7a5911	000b90f2
2d7bc2d9	000b911e
2d7c1442	000b914a
2d804d91	000b9174
2d8223a7	000b91b8
2d835957	000b91d4
2d849b94	000b920c
2d86164a	000b9238
2d865152	000b9238
2d8656b0	000b9238
2d8659eb	000b9238
2d865d85	000b9238
2d865f47	000b9238
2d866058	000b9238
2d8663ec	000b9238
2d866675	000b9238
2d8669df	000b9238
2d8677c2	000b9238
2d867c17	000b9238
2d867d66	000b9238
2d867f04	000b9238
2d86b74f	000b9238
2d878e00	000b924e
2d884ed5	000b9272
2d8aabd9	000b929e
2d8be13c	000b92e0
2d8c1dde	000b932c
2d8c6bc2	000b9368
2d8d287a	000b93b2
2d8e7f78	000b93fa
2d90170e	000b9420
2d903bec	000b9440
2d95306c	000b9488
2d96714d	000b94ce
2d9780bc	000b94f2
2d9c66c0	000b9530
2d9cf236	000b956e
2d9efa87	000b9594
2d9fe12b	000b95b2
2da4c31c	000b95ce
2da63716	000b95ea
2da78ddd	000b9616
2da8b3f1	000b9650
2dae8ed7	000b9692
2daeaf9d	000b96bc
2daf333b	000b96d6
2db21d45	000b96f2
2db3daee	000b9722
2db4117e	000b9750
2db4ce16	000b9770
2dbaed81	000b9794
2dbbbd14	000b97d0
2dbca62f	000b97e4
2dbd16aa	000b980e
2dbe9d42	000b984c
2dbf9084	000b986e
2dbfe9fa	000b98cc
2dc1f84c	000b990e
2dc27fdd	000b9964
2dc793e9	000b9984
2dc94511	000b999c
2dc98c05	000b99ce
2dcdff59	000b9a14
2dce88cd	000b9a36
2dd06eeb	000b9a4a
2dd08951	000b9a7a
2dd4ef8c	000b9aba
2dd50a75	000b9af8
2dd57047	000b9b3a
2dd5739a	000b9b64
2dd6ebba	000b9b80
2dd72927	000b9be2
2dd92dda	000b9c2a
2dd9d0ef	000b9c4c
2dda3bea	000b9c98
2ddaaa25	000b9cb0
2ddb394b	000b9ce2
2ddc5452	000b9d14
2ddd2944	000b9d76
2de2b2b4	000b9d8e
2de2f881	000b9dd0
2de596bb	000b9dee
2de60a19	000b9e16
2de74d9c	000b9e6a
2dee3abf	000b9e94
2defa085	000b9eba
2df039f8	000b9ed4
2df267a3	000b9f0a
2df31615	000b9f24
2df54b93	000b9f36
2df75f47	000b9f5e
2df909f7	000b9fc0
2dfa2dd5	000ba000
2dfa7f4d	000ba05c
2dfb7d71	000ba080
2e005485	000ba09e
2e01c4d3	000ba0ce
2e07abc2	000ba138
2e096083	000ba16c
2e0e6830	000ba1bc
2e0f0577	000ba1ea
2e101e00	000ba202
2e119536	000ba226
2e163482	000ba242
2e185ed5	000ba24e
2e18a657	000ba2aa
2e19fd3b	000ba2c8
2e1b52a1	000ba2e8
2e1c35e6	000ba320
2e1d3a66	000ba338
2e1e64ea	000ba36e
2e2008e1	000ba3ae
2e211502	000ba3d6
2e2125bd	000ba3fe
2e22544d	000ba444
2e233c3a	000ba478
2e255644	000ba49e
2e259058	000ba4cc
2e2a5c32	000ba514
2e2b434e	000ba53a
2e2d22b0	000ba584
2e30fe7b	000ba5b2
2e34e469	000ba5d6
2e352b06	000ba608
2e357463	000ba648
2e358b22	000ba680
2e36fb04	000ba69c
2e38750e	000ba6c6
2e3cb8ef	000ba6f0
2e3f783e	000ba712
2e416f94	000ba742
2e41824a	000ba772
2e41b74e	000ba79e
2e4320fe	000ba7b8
2e467a1f	000ba7e0
2e48d023	000ba81e
2e4aa974	000ba876
2e4baf97	000ba8aa
2e53402d	000ba8d4
2e5362cc	000ba910
2e573d2e	000ba93e
2e589741	000ba970
2e593be4	000ba9ac
2e5979f3	000ba9ce
2e5a4b5c	000baa1c
2e5e1019	000baa34
2e5e21ac	000baa64
2e60ac57	000baa76
2e60e41f	000baa94
2e6665d6	000baabc
2e66aa50	000bab02
2e66b8a4	000bab2a
2e6998a2	000bab6c
2e6a292e	000babae
2e6cb6e2	000babe8
2e6d25eb	000bac18
2e6d57ba	000bac46
2e6dccfa	000bac84
2e6e0c65	000bacb2
2e728a22	000bacd8
2e7475db	000bad14
2e7505f4	000bad46
2e751bc0	000bad46
2e75c2e7	000bad58
2e75ceff	000bad78
2e7a490f	000bad92
2e7a5b7d	000badc2
2e7aec67	000badee
2e7c8b40	000bae3a
2e7ea23c	000bae6a
2e7f03e3	000bae7c
2e80ecf1	000bae9a
2e814c36	000baec0
2e815114	000baee2
2e841c11	000baf1c
2e846721	000baf38
2e85d212	000baf56
2e871eb8	000baf70
2e87ae9d	000bafae
2e8aef9c	000bafee
2e8bd7fd	000bb004
2e8cc84e	000bb048
2e8d20f6	000bb068
2e8e78d0	000bb082
2e8fcd4a	000bb0a2
2e8fd1ad	000bb0e2
2e92a7b6	000bb10c
2e93d92e	000bb146
2e94690b	000bb172
2e963ba1	000bb1c2
2e975c8a	000bb1ec
2e97fb4e	000bb214
2e981235	000bb258
2e9cf005	000bb272
2e9d801f	000bb2bc
2e9d81bd	000bb2f0
2e9fd0e1	000bb346
2ea0103c	0009adee
2ea04733	0009adee
2ea07181	0009adee
2ea098e4	000bb386
2ea0b0be	000bb39c
2ea26b49	000bb3e6
2ea5029c	000bb428
2ea5753f	000bb45a
2ea617c4	000bb47c
2ea92738	000bb4a4
2eab4113	000bb4e2
2eab63b2	000bb52c
2eae1c79	000bb560
2eae5a53	000bb592
2eaf1249	000bb5d0
2eafbf80	000bb5f0
2eb18e56	000bb62e
2eb1d7f4	000bb662
2eb390cd	000bb694
2eb59170	000bb6ac
2eb8191d	000bb6e2
2eb827d8	000bb72c
2ebb0311	000bb756
2ebb4241	000bb79a
2ec0e0a4	000bb7ce
2ec2708a	000bb7f8
2ec2a485	000bb852
2ec38473	000bb878
2ec7e21b	000bb8a4
2ec7e67d	000bb8d8
2ec98e96	000bb900
2ecc0268	000bb93c
2eccf042	000bb96a
2ece64aa	000bb9aa
2ecedd5f	000bb9de
2ecf1d51	000bba32
2ed02a45	000bba5a
2ed0b1b7	000bba86
2ed0c8bb	000bbaca
2ed1a107	000bbb14
2ed250b5	000bbb50
2ed2c7ee	000bbb6a
2ed668b0	000bbbb6
2edbcdb6	000bbbe0
2edc1666	000bbbf8
2edf715c	000bbc0c
2edfe3ea	000bbc4c
2ee19166	000bbc9a
2ee1958f	000bbcfc
2ee1b605	000bbd4e
2ee1e556	000bbd88
2ee2e9b3	000bbdb6
2ee2f6ec	000bbdfa
2ee4fd2b	000bbe24
2ee51744	000bbe7c
2ee53bfb	000bbe7c
2ee57697	000bbeba
2ee615f0	000bbee2
2ee904e7	000bbf12
2eea6267	000bbf2e
2eeae38a	000bbf4a
2eeae931	000bbf86
2eec4aec	000bbfaa
2eece39c	000bbfe2
2eedc30f	000bbffc
2ef0b1cf	000bc032
2ef3a7f9	000bc05a
2ef4b5cd	000bc07c
2ef50f92	000bc090
2ef5c682	000bc0c0
2ef5dab4	000bc102
2ef5edc4	000bc11e
2efb1dfc	000bc152
2efbb219	000bc16c
2efbf5e4	000bc152
2efec6de	000bc1ba
2efeca25	000bc1e4
2f0055ad	000bc228
2f05ada6	000bc24a
2f081788	000bc2b0
2f08b5e4	000bc2d4
2f090489	000bc312
2f09222f	000bc382
2f092302	000bc382
2f09cb1d	000bc396
2f0b547c	000bc3be
2f0da16d	000bc432
2f0f1882	000bc49c
2f0f89fd	000bc4f2
2f10f328	000bc50c
2f12f646	000bc52a
2f142dfd	000bc566
2f148f11	0006e3b4
2f158a68	000bc59c
2f16c4c5	000bc5ce
2f16d9d9	000bc600
2f1cc6f3	000bc636
2f203dac	000bc65a
2f21fa5b	000bc68c
2f2293ef	000bc6a4
2f23ed29	000bc6c0
2f245156	000bc704
2f27ae04	000bc726
2f2801ef	000bc73e
2f280a46	000bc770
2f284cee	000bc7a4
2f2a992b	000bc7ce
2f2e9def	000bc812
2f2ffc2c	000bc842
2f32151e	000bc88c
2f32e4a0	000bc8b2
2f34088a	000bc90a
2f35f165	000bc96c
2f3891cb	000bc998
2f3962bf	000bc9aa
2f3ac14c	000bc9d8
2f3b23fe	000bc9f6
2f3d7bc3	000bca12
2f3ee9d7	000bca72
2f437fb3	000bcaa2
2f43c993	000bcad2
2f443ed5	000bcb00
2f44fb52	000bcb2a
2f48b2d7	000bcb50
2f48dc53	000bcb82
2f494384	000bcbb4
2f4b5d5e	000bcbf2
2f4bc6cf	000bcc2e
2f4cc45a	000bcc84
2f4f0456	000bccb6
2f4f2eef	000bccd6
2f5085fd	000bcd0e
2f518d1a	000bcd32
2f51d649	000bcd84
2f53cde3	000bcdaa
2f55d09c	000bcddc
2f564b24	000bcdf2
2f59ee14	000bce08
2f5b276b	000bce32
2f5fffe4	000bce72
2f61624d	000bce92
2f6638c1	000bceba
2f66808e	000bcef4
2f68a0b3	000bcf30
2f68a35a	000bcf6a
2f6b035b	000bcfa8
2f6c020e	000bcfce
2f6caea3	000bcffc
2f6cdc22	000bd044
2f6dd784	000bd090
2f6de04b	000bd0ba
2f6ed1eb	000bd0e0
2f702bf8	000bd112
2f7173a4	000bd132
2f71e698	000bd190
2f751829	000bd1b6
2f760422	000bd1f2
2f76b763	000bd24e
2f799659	000bd274
2f7c510c	000bd2da
2f7d063f	000bd2fc
2f7d6ab3	000bd324
2f7e2dc3	000bd344
2f7ee507	000bd384
2f7f3823	000bd3ba
2f8072d2	000bd422
2f82254b	000bd43e
2f85d850	000bd48a
2f87e51b	000bd4b8
2f881565	000bd4f6
2f887782	000bd514
2f8bbbd1	000bd536
2f8bcf12	000bd562
2f8c1e3c	000bd5b0
2f8cd21c	000bd5e2
2f8dbf50	000bd610
2f8de9a8	000bd688
2f8f32b7	000bd6d4
2f8f5ecb	000bd6f8
2f9089c1	000bd71e
2f911188	000bd748
2f92c6e0	000bd772
2f940567	000bd7cc
2f94ada1	000bd7e6
2f95b704	000bd804
2f95c946	000bd824
2f9a0a8b	000bd83c
2f9b1f0f	000bd86e
2f9cc987	000bd882
2fa059ea	000bd8c6
2fa1e2eb	000bd92e
2fa35d70	000bd94e
2fa3bb72	000bd9aa
2fa5ee83	000bd9c8
2fa6a1d3	000bd9ea
2fa72d78	000bda0c
2fa76fe2	000bda2a
2fa82fda	000bda54
2fa951ea	000bda84
2faab25b	000bda98
2fab565a	000bdacc
2fab9632	000bdaee
2fabe419	000bdb38
2faca18d	000bdb7a
2fad606a	000bdbca
2fafcfbc	000bdc16
2fb00375	000bdc40
2fb7225b	000bdc94
2fb865bb	000bdcce
2fb89b4f	000bdcfc
2fb97eec	000bdd24
2fb99a64	000bdd5c
2fbd57b9	000bdd94
2fbdb8d3	000bddea
2fbf874b	000bde0e
2fc34d8a	000bde34
2fc39828	000bde50
2fc527fd	000bde6e
2fc680ac	000bdea6
2fc79aec	000bdee4
2fc869c0	000bdefc
2fc8bb40	000bdf42
2fc8fd4c	000bdf82
2fca092a	000bdfac
2fcb0d15	000bdff4
2fcb8307	000be01c
2fcedab9	000be04a
2fd076d5	000be068
2fd1980c	000be0b8
2fd1aec0	000be0ee
2fd27ede	000be128
2fd52c30	000be16a
2fd61136	000be18c
2fd6c0a0	000be1be
2fda022e	000be1e4
2fda0451	000be20e
2fda0cc2	000be258
2fda18a9	000be2c4
2fdb99b3	000be2ea
2fdc98bd	000be310
2fde1fcc	000be330
2fde2c5d	000be366
2fded9af	000be39e
2fe34d64	000be3da
2fe6cdff	000be428
2fe7115d	000be446
2fe76e08	000be474
2fe78a26	000be486
2fe8d0a1	000be4ac
2fe90e95	000be4d2
2feb75c8	000be504
2fec7989	000be54c
2fee1e0e	000be588
2fee9616	000be5ae
2fef0efb	000be5d8
2fef72da	000be612
2ff090c7	000be638
2ff197ba	000be69a
2ff487e6	000be6b6
2ff48bbb	000be6e6
2ff4a109	000be6b6
2ff5feb7	000be702
2ff81de3	000be776
2ff8310d	000be78c
2ff8d773	000be7bc
2ffce870	000be7e0
2ffff1c9	000be7fa
300045f3	000be812
3000704b	000be832
30030f8a	000be850
300618d5	000be880
300637fa	000be892
30063ec1	000be892
30065ad5	000be892
30067e00	000be8ac
3008730f	000be8dc
3008bedc	000be908
300a2464	000be93a
300d31c3	000be994
300f1a7f	000be9f6
300fb399	000bea34
300fbc99	000bea76
30124bc2	000beaa0
3013d3a8	000bead8
3013ef4d	000beb00
301c28a9	000beb3c
301e23d4	000beb64
301f6342	000bebac
30201e81	000bebca
30205b4b	000bec22
30234dad	000bec62
30236eb2	000beca6
30241e1f	000becda
3024313b	000becf4
30257a13	000bed3e
3026a842	000bed66
30274cb5	000bed9e
302851fa	000bedd8
302a13b3	000bee22
302a18b3	000bee4a
302bd6a2	000bee96
302bef31	000beebe
302d22c7	000beef0
302e0ea5	000bef16
302e88f0	000bef50
3032345f	000bef70
3039bfdb	000bef8c
3039c324	000befb0
303a2d78	000bf000
303c5652	000bf03a
30405157	000bf088
3040f9dc	000bf0b0
3040fa71	000bf0ea
304118fb	000bf114
304256e3	000bf166
30425b00	00084742
3042a9c0	00084758
3043ca21	000bf198
30445223	000bf1cc
3045def4	000bf20c
3046c5b0	000bf250
30478be8	000bf27a
30478d9e	000bf2bc
3049811d	000bf2ec
304a23e8	00067904
304a2928	00067904
304a2ba6	00067904
304a9acb	000bf30a
304b43d4	000bf338
304b70ac	000bf386
304b94de	000bf3c6
304bbdb7	000bf416
304c9931	000bf48a
30501755	000bf4a8
3051842b	000bf4c6
3051e7f3	000bf4f0
3054ca11	000bf536
30553741	000bf562
3055393c	000bf57a
3056889b	000bf59e
30584ca5	000bf5c4
305a6032	000bf5f6
305c8490	000bf644
305cf724	000bf66a
305f11e7	000bf69e
305f292f	000bf6d6
30647ecb	000bf6fa
3065a7cf	000bf71c
30668194	000bf76a
3069abb8	000bf7ae
306af892	000bf7d2
306dae68	000bf7f0
30706304	000bf828
30715595	000bf864
30728a1a	000bf89e
3072fc1f	000bf8d6
30781299	000bf90a
30781358	000bf93c
307ac5c4	000bf990
307e12a3	000bf9ac
307e5946	000bf9ea
307eade0	000bfa32
307f8a68	000bfa66
307f9b06	000bfa84
307fb050	000bfaa4
30804884	000bface
308088b4	000bface
308159f0	000bfae8
30834936	000bfb12
3083633f	000bfb46
3083c93d	00067904
3083cd0c	000bfb9e
3084648d	000bfbc8
30886096	000bfc14
308a2a43	000bfc78
308abe26	000bfcac
308cbe09	000bfce0
308edf00	000bfd02
308ff790	000bfd2c
3090c613	000bfd72
30928a6e	000bfd8a
3092fee8	000bfdb4
3093db74	000bfe08
309449b4	000bfe40
309472b5	000bfe78
3098302f	000bfeb6
309913a1	000bfed0
309c785d	000bfef4
309facf2	000bff32
30a0fac4	000bff60
30a2f5dc	000bff92
30a72080	000bffcc
30a820c9	000c000c
30a84218	000c0024
30a9ea05	000c006e
30a9eed6	000c00b6
30accd75	000c00e2
30acd713	000c00fa
30ace7c6	000c00fa
30ad1f98	000c0110
30ad4a6d	000c014a
30ad8687	000c017e
30aef9ea	000c01a8
30af663b	000c0200
30b182a6	000c0232
30b2eb74	000c0256
30b3a551	000c0280
30b5ce7e	000c02aa
30b605a7	000c02c6
30b6fd95	000c0330
30b71cf5	000c0354
30baa461	000c039a
30baef96	000c03be
30bf8d3a	000c03d4
30c007a7	000c0426
30c110d5	000c0496
30c1143b	000c04e8
30c3a82b	000c0504
30c61a17	000c0522
30c8e88d	000c058a
30c9072c	000c05ac
30ca33b3	000c05e6
30cd7b8a	000c0610
30cdaf25	000c0658
30cf9549	000c0696
30d0b3b4	000c06ca
30d0d756	000c071c
30d0e053	000c071c
30d2aa55	000c0732
30d2eb0b	000c075c
30d7c44b	000c079c
30d942de	000c07e6
30db1943	000c0806
30db46dd	000c0836
30db6faf	000c088c
30dd13a0	000c08b0
30de9bda	000c08ea
30e05109	000c091a
30e05faf	000c091a
30e168b3	000c0948
30e24e3b	000c096e
30e29bd0	000c0996
30e376b6	000c09c0
30e39ddd	000c0a20
30e4ecb5	000c0a50
30e69575	000c0a86
30e73170	000c0aa6
30e7dc8e	000c0ace
30ec2dbb	000c0ae6
30efd816	000c0afe
30f02e5f	000c0b24
30f42414	000c0b7e
30f46ac7	000c0b98
30f5f54a	000c0bd0
30f5fd50	000c0be6
30f619ea	000c0bfe
30f67e10	000c0c20
30f7b397	000c0c50
30f8b11e	000c0c96
30fe5c4d	000c0ce0
30ff59ff	000c0d0e
3106de9a	000c0d62
3107b16e	000c0d9c
3108e6d6	000c0dd6
310925c9	000c0e08
31094335	000c0e3c
310a4aa3	000c0e50
310a5220	000c0e84
310b3b18	000c0eda
310c2deb	000c0f2e
310c4b79	000c0f56
310d47e4	000c0f7c
310e291c	000c0fde
310e3d23	000c1026
311025fc	000c1046
31106aea	000c1046
31144ac2	000c1058
3116065b	000c107e
3116502f	000c10ce
31178908	000c1128
31180311	000c1158
31198538	000c117c
311af242	000c11b0
311b3926	000c11c8
311b60da	000c11f8
311bb347	000c121e
311d2c79	000c124c
311d576e	000c127c
3120e416	000c12c2
312130fd	000c12e4
3123250a	000c12fc
31241eff	000c1336
31247ae2	000c136a
3124ec56	000c1380
312509dc	000c13b2
312571fb	000c13ce
312663bd	000c141a
31275c8e	000c1446
31281135	000c149e
31285c09	000c14f0
312945d9	000c1512
3129511b	000c154c
312f396d	000c1584
31311e65	000c159a
3131ce6c	000c15c8
313434e0	000c1612
31348324	000c162e
3136a73d	000c165c
3136c37d	000c168c
3136f123	000c16dc
31378f10	00084ff2
31382c88	000c1726
313b7908	000c175e
313cb43e	000c179a
313ccd06	000c17cc
313f8ad9	000c1818
3143f97a	000c183c
3145c2c6	000c18c8
3145c740	000c18f6
3148895c	000c191c
314c9f9b	000c193a
314deb78	000c197a
314e990d	000c199e
314eb47f	000c19b4
3152ea21	000c19ca
31540a06	000c1a18
31556098	000c1a2a
31571aca	000c1a78
31582a0a	000c1aa6
315885bb	000c1ac8
315943c3	000c1b24
31596df1	000c1b58
3159beef	000c1b74
315f25ed	000c1b96
315f3baf	000c1bb6
31613636	000c1bd0
3164cf8b	000c1bf2
31652661	000c1c44
3167a776	000c1c7c
316835d2	000c1c94
316b5cda	000c1cd0
316e8d53	000c1d24
316fe62b	000c1d46
3170c379	000c1d82
3170dee9	000c1d9c
3173ecaf	000c1dca
3175147d	000c1dd8
3178a952	000c1e0a
31795b26	000c1e2a
317e0033	000c1e4a
317f2ae7	000c1e60
3180f80c	000c1e98
3181b2a0	000c1ef8
3182c1e9	000c1f0c
318371a8	000c1f38
31869fc9	000c1f6e
31896330	000c1fa2
3189b7b6	000c1ff8
3189ee13	000c200e
318c82c1	000c2024
318e1fbb	000c209c
31926bde	000c210e
31941ff4	000c2148
3194432a	000c2186
31945311	000c21d6
31959de3	000c2210
3195e75e	000c2234
31960194	000c2282
319663ab	000c22ac
319669ea	000c22d4
319cd6cf	000c2302
319ee0c2	000c232a
319f6c62	000c2364
31a032f8	000c237c
31a1c686	000c23ba
31a2db87	000c2400
31a30575	000c2418
31a6c08a	000c2488
31a7cbc2	000c24b8
31aa70e4	000c24d8
31ab9c26	000c2534
31ac9ea5	000c2570
31ae8bcd	000c2590
31aec4bb	000c2590
31aecc96	000c2590
31b1258b	000a30a0
31b13ad4	000a30a0
31b13aed	000c25a2
31b266a5	000c25f8
31b4cf5c	000c2612
31b61eac	000c264c
31b69464	000c269a
31b778ee	000c26d8
31b98461	000c26ee
31bd6c80	000c2730
31beb8b5	000c275e
31c11592	000c277a
31c1569a	000c27a6
31c1bf58	000c27f8
31ca2178	000c2864
31ca94c5	000c28a6
31caaf6d	00074984
31cabc89	000c28a6
31cacf74	000c28a6
31cafae2	000c28b6
31cdce96	000c28c6
31ce3bed	000c28e8
31cf201b	000c2920
31cfb9d9	000c2984
31d05f0c	000c29a2
31d1ce34	000c29d4
31d229f8	000c2a1c
31d6170c	000c2a54
31d67e93	000c2a82
31d86f45	000c2aa8
31d8af39	000c2af2
31d8da43	000c2b16
31dc6c0d	000c2b64
31dedd40	000c2b70
31deec51	000c2b96
31e74f70	000c2bca
31e7cba3	000c2c04
31e85f9b	000c2c38
31e90e9a	000c2c80
31e92329	000c2cba
31eabdb4	000c2cd2
31ec66ed	000c2ce8
31ee44d2	000c2d32
31ef68dd	000c2d56
31f1126f	000c2d7c
31f388f0	000c2da6
31f61b59	000c2dfc
31f70901	000c2e36
31f9df95	000c2e5e
31fa68a6	000c2e86
31fa7473	000c2eb2
31fa96fe	000c2f0c
31fc485f	000c2f36
31fc59b5	000c2f54
32010f67	000c2f74
320129b5	000c2fa2
32017c51	000c2fa2
3201c5d5	000c2fa2
3201d637	000c2fa2
3201de1e	000c2fa2
32077579	000c2fb4
3207946b	000c2fee
320a0769	000c301c
320a111c	000c3038
320a3458	000c3066
320a60c0	000c30ac
320d7e4a	000c30e4
320de7b6	000c313a
3210bb12	000c3176
3210e089	000c31b6
32113618	000c31fa
3213a997	000c323c
32154a49	000c326a
3218068d	000c32b4
3219f081	000c32fa
321af456	000c332c
321f74fb	000c3356
322136d2	000c3380
3221659d	000c33ae
3221b0fa	000c33e2
32248326	000c3440
3224ef7b	000c3464
322b2d89	000c3476
322b824a	000c348a
322bb1bf	000c34a0
322bda39	000c34a0
322bdc05	000c34b6
322bea4a	000c348a
322c56a0	000c34cc
322e780f	000c3524
322f1b99	000c354a
32301ab1	000c35aa
3234150e	000c35d4
323446d9	000c35e8
323450e9	000c35d4
3234945b	000c35d4
3234b3db	000c35d4
3234bcfb	000c35d4
3234f882	000c35d4
32352a7d	000c3618
3236160b	000c3656
323705ad	000c3674
32371fbc	000c369e
32386bf6	000c36c4
32389064	000c373c
323ae6e1	000c3774
323cc5bd	000c37a8
323dc247	000c3804
323fa4b6	000c3850
32400e7a	000c388c
3240da94	000c38c0
324460cf	000c391e
3244d538	000c3934
32459bdb	000c394c
3245e132	000c3976
32477a7b	000c3992
3248bce0	000c39bc
3248fb5f	000c3a1c
324b10a2	000c3a4e
324e341c	000c3a6a
324e53d4	000c3ab0
324e560a	000c3b0a
324e8fb2	000c3b4a
3251b56d	000c3b74
32575f17	000c3ba2
3259a6d3	000c3bc2
325a6b36	000c3c08
325bcd28	000c3c38
325bd982	000c3c7c
325bf55a	000c3caa
325ed467	000c3cc8
32607171	000c3ce8
32622b09	000c3d32
3262b9e4	000c3d94
3263b168	000c3df0
32640df5	000c3e1c
3267fe92	000c3e3e
326928f4	000c3e84
32694868	000c3ebc
326a43b4	000c3ee8
326b298b	000c3f14
32701ab1	000c3f64
327200d9	000c3f92
3272b74b	000c3fca
32757623	000c402a
327644ff	000c4080
3276774f	000c409c
3277cd6a	000c40d2
327b6131	000c40ea
327c0377	000c410e
327e6990	000c412a
327e9a93	000c4150
327f758b	000c41ae
327fd880	000c41de
3281b279	000c424c
3282aa9b	000c427a
328331e0	000c42a2
3286f396	000c42f6
3287e6d1	000c431e
3287f5f0	000c4352
3289ae86	000c4380
328d99c0	000c43b2
328d9b27	000c43ee
328d9bf1	000c4418
328d9fc8	000c442e
328f4308	000c4466
32919415	000c4486
3291a018	000c44da
32942b09	000c4518
329834b3	000c453c
329b9a05	000c4554
329bd415	000c4574
329eb3bd	000c45ba
32a14865	000c45fa
32a1cde4	000c461c
32a4dcf7	000c4656
32a52eb4	000c46a6
32a6da3f	000c46ca
32a8940c	000c46f2
32ae740d	000c4714
32af47c0	000c472a
32b02e45	000c4762
32b32e85	000c4798
32b3766d	000c480a
32b47189	000c482e
32b4f032	000c4852
32b5d669	000c4870
32b61576	000c489e
32c07147	000c48d4
32c373be	000c4960
32c5ba86	000c497a
32c6a0d0	000c49b2
32cad6e5	000c49de
32cba7e0	000c4a1a
32cc095e	000c4a48
32cc6697	000c4a64
32cdb88c	000c4a82
32d51c12	000c4aa8
32d6106b	000c4ac0
32db2a6d	000c4ae2
32db7a0a	000c4b28
32dc7d2b	000c4b40
32de7f15	000c4b7c
32df2bce	000c4bc6
32df3ffc	000c4bf0
32e14bea	000c4c16
32e54a5d	000c4c58
32e5acf1	000c4c82
32e77def	000c4cb2
32e7b315	000c4cea
32e7da87	000c4d12
32f087e8	000c4d46
32f1b318	000c4d7e
32f2fef2	000c4dd6
32f4cda9	000c4e36
32f66402	000c4e7e
32f66984	000c4ea6
32f9e4c3	000c4eda
32fa9541	000c4efe
32fb7133	000c4f28
32fc25f1	000c4f7c
32fce7f4	000c4fbc
32fe948b	000c4fea
32ff5203	000c5012
32ffa018	000c5042
330011b7	000c5070
3300c1d5	000c5092
330239e3	000c50bc
330250d9	000c50bc
330273db	000c50bc
3302a724	000c50bc
3302d20d	000c50bc
3302f83d	000c50bc
3302ffdd	000c50bc
3303b0ab	000c50ce
33051bf5	000c50ec
3305fbe6	000c513a
330874ef	000c515c
330cc768	000c5196
330ede40	000c51d4
330f1cba	000c51f4
3314823b	000c5242
331693e4	000c526a
3318c875	000c5292
3318c8c5	000c52e2
331e37ac	000c530a
33206a82	000c5356
332183bf	000c5388
33218ee1	000c53a0
332193a9	000c5388
33219c91	000c53cc
33219f35	000c53cc
3321d82e	000c5388
3321df0a	000c5388
3322a294	000c53e4
3322e86e	000c541c
33236ae8	000c546e
33259c23	000c549a
3325da7f	000c54cc
33264776	000c54f4
3328a3b4	000c553c
33299d40	000c5564
3329cf57	000c55a4
332a21e9	000c5636
332aa4b5	000c5666
332ae3fe	0005b856
332cc75c	000c5686
332cfd13	000c56c0
332e2f72	000c56e4
3330116c	000c5722
333043a6	000c5738
3332a64d	000c575c
3334b752	000c57cc
3335da6e	000c5806
333649f6	000c5834
333894c8	000c5860
33396ad7	000c5894
333cae32	000c58ba
333da194	000c58ec
333eafd0	000c5914
333f5c02	000c5932
33416840	000c5970
3341d0c0	000c5986
33428787	000c59a4
3346de50	000c59c6
3348ca03	000c5a00
334a7c64	000c5a20
334c8219	000c5a60
334d39b4	000c5a88
334e67b5	000c5aaa
334ee53e	000c5ac6
334f1a14	000c5ade
334ffc9c	000c5b5a
335092e7	000c5ba2
3356c5b5	000c5be2
3358c694	000c5c2e
33599e56	000c5c6e
335a23c0	000c5c86
335cff38	000c5cae
335d1972	000c5cf4
335d965e	000c5d5a
33611c90	000c5d7c
336228e4	000c5d9e
33656919	000c5dee
33656919	000c5dee
3365d40a	000c5e08
33684606	000c5e1e
336a5bea	000c5e58
336b7711	000c5e7a
336bdf0b	000c5eaa
33714aad	000c5ed6
3371768e	000c5f22
33720abb	000c5f5a
3373cc23	000c5fd4
337415da	000c5ff0
337658f4	000c601a
33780bc8	000c6030
33786f0b	000c604a
33788450	000c6064
337b51c1	000c607c
337f078f	000c60a8
33810940	000c60c8
3381299e	000c613c
338295bb	000c616e
33834e49	000c61be
3383ad68	000c61dc
33877cfc	000c6206
3387bb74	000c6228
338a9402	000c62c0
338da79a	000c62e0
338dfccf	000c632c
338ec4a8	000c6352
338ef88a	000c6374
3390b40c	000c63aa
33947ac4	000c6400
33948e02	000c642a
339f99ed	000c644e
33a09b6a	000c6464
33a1353d	000c6492
33a32717	000c64b2
33a3286d	000c64d0
33a4f9de	000c64f2
33a537f5	000c6520
33a565df	000c654c
33a73980	000c6566
33a972b5	000c6580
33b1501d	000c65cc
33b2c852	000c662a
33b74c28	000c663c
33bc4341	000c66a4
33bdc19a	000c66ea
33be075a	000c6738
33be5940	000c6764
33bf6ced	000c67c8
33c2b366	000c67ee
33c37ed6	000c682a
33c43d16	000c684c
33c4ee36	000c687c
33c6ee1c	000c68c4
33c79a36	000c68fc
33c958b7	000c6940
33ce0e2a	000c6960
33ce1e5a	000c697a
33cf0551	000c69a4
33d3d2ac	000c69e2
33d70176	000c6a50
33ddf814	000c6a82
33debf63	000c6ab0
33dee413	000c6af4
33e178e2	000c6b24
33e38303	000c6b64
33e419e5	000c6b80
33e60373	000c6bb8
33e7a03e	000c6bda
33e9055b	000c6c2c
33ee1c9c	000c6c56
33f14512	000c6c8e
33f14e2c	000c6cae
33f37d4f	000c6cd2
33f7570c	000c6cf2
33f79359	000c6d26
33f911bc	000c6d46
33fa631e	000c6daa
33fac3fd	000c6dd0
33fd6209	000c6e08
33fe4a7f	000c6e62
33ff620a	000c6eb2
33ffbd6e	000c6ec6
34023255	000c6f04
3402a7e2	000c6f38
3402f8c6	000c6f7a
3403bc20	000c6f9a
3403e45e	000c6fb6
3405596b	000c6fd4
34094c2d	000c6fea
34096c03	000c7022
340bcfe8	000c7088
340ef820	000c70cc
340f88d4	000c7126
34104ad2	000c7166
34132945	000c71d2
34143937	000c7214
34155e3b	000c7234
3419136d	000c727e
341d0424	000c729e
341d2dc0	000c72d2
341e1786	000c7322
34201339	000c733c
34201d13	000c7356
3421225d	000c737e
34215fb7	000c737e
342355b5	000c739c
342431e1	000c73c6
342441c0	000c73fc
34262ccd	000c7438
3426f251	000c7464
34272e6e	000c7498
34290bf7	000c74c2
34291e4a	000c750a
342a9aa4	000c7520
342aa4e4	000c754e
342f2071	000c7580
34318a30	000c75b6
3432d4a8	000c75fe
34342f56	000c7648
34350896	000c7672
3435cf2c	000c769e
3437d49a	000c76f0
343a5842	000c771c
343b18f1	000c7746
343df1f1	000c779c
343f2ac8	000c77dc
343f80d5	000c7804
3440d976	000c784c
34460b26	000c7884
34466a16	000c78aa
3446a328	000c78c8
3446c746	000c78ea
34489ab8	000c7916
34498896	000c7946
344a4415	000c79b6
344c41ed	000c79ea
344d61ae	000c7a12
344d6632	000c7a36
344ed968	000c7a50
345004b9	000c7a8c
34507bf8	000c7ae0
3451aa5d	000c7b04
3451b278	000c7b04
3451d1b4	000c7b04
3451d4c9	000c7b04
34523c45	000c7b1a
34578101	000c7b64
3457abe5	000c7b96
3458eaa1	000c7bb4
345bf680	000c7bd2
345cb258	000c7bf0
345e3868	000c7c28
34614e81	000c7c58
3463af36	000c7c72
34688637	000c7cb2
346aa695	000c7cca
346b3fe2	000c7cea
34700b68	000c7d40
34706582	000c7d62
3471ae84	000c7d92
3472c59a	000c7dce
3473a32e	000c7dfc
3474d526	000c7e1e
34757189	000c7e62
3477ff23	000c7e84
3478da6a	000c7ea8
3479b1c2	000c7ef0
347b3144	000c7f72
347d4f10	000c7fae
347d9fe4	000c7fc6
347de867	000c800c
347e0fc3	000c8032
347e3a41	000c8096
347e5d29	000c80ac
347f809c	000c80cc
34817d4f	000c8102
34821901	000c8134
348262ff	000c815e
348299e4	000c817e
3486ab91	000c81ae
348bc4b6	000c81da
34943d7f	000c81f4
3495685e	000c8216
349585c5	000c824c
3496be31	000c829c
34974485	000c82cc
3498b1d8	000c82f2
349a3392	000c8326
349ad12f	0007eefa
349ad65d	000c834a
349aed95	0007eefa
349b3ade	000c836c
349c93c8	000c83d0
349d39dd	000c842a
34a05850	000c849e
34a34e25	000c84c4
34a43e77	000c84fc
34a71c51	000c8534
34a7bb29	000c8586
34a85e4a	000c85be
34a8cba3	000c85e2
34aa5fc2	000c85fe
34aacc23	000c863a
34aeb714	000c867c
34b30056	000c86ac
34b3a54f	000c86ec
34b93bdf	000c8706
34b9c928	000c876e
34bacec5	000c87b8
34bbb178	000c87d0
34bfb97f	000c87f0
34c30d2a	000c882e
34c37098	000c8886
34c39fc4	000c88bc
34c3ebfb	000c88f4
34c5620c	000c890a
34c562ba	000c8948
34c60e69	000c8968
34cba092	000c89a2
34cdd863	000c89ee
34ce022c	000c8a02
34cef5e4	000c8a56
34d020ae	000c8aae
34d07f69	000c8ad4
34d0be28	000c8b20
34d293eb	000c8b52
34d2d703	000c8b84
34d37957	000c8bba
34d3d27f	000c8be2
34d3d457	000c8bf8
34d75ae1	000c8c22
34d7fd81	000c8c6c
34d957b7	000c8cbe
34da5b2f	000c8cda
34da9004	000c8cf0
34dc0d1a	000c8d2e
34dceaf0	000c8d4e
34dd8a2e	000c8d82
34e3549a	000c8db0
34e3ed1e	000c8de0
34e6bd59	000c8e2c
34e83c06	000c8e4c
34e9603c	000c8e8e
34e9b31c	000c8eae
34eace36	000c8eda
34eb8b78	000c8f22
34ec84fb	000c8f60
34ec8da4	000c8f74
34ec9020	000c8f74
34ec9bde	000c8f74
34eca761	000c8f8a
34ece2f7	000c8f74
34ece622	000c8f74
34ece87b	000c8f74
34ecea45	000c8f74
34ecedaa	000c8f74
34ecf65a	000c8f74
34ecf982	000c8f9e
34ecfabe	000c8f74
34f2e216	000c8fb4
34f3c541	000c8ff8
34f3c8b0	000c9028
34f72d2e	000c9066
34f73052	000c909e
34fb7b05	000c90d2
34fd5dd2	000c9110
350104a8	000c913c
350266a3	000c9168
350367e7	000c919c
35051a13	000c91b0
35084c7e	000c91ce
3508d80f	000c91e0
3508e9d6	000c9202
350d00f9	000c9232
350dea18	000c927c
350e252b	000c92a6
350e7fff	000c92f0
3510d7af	000c9314
351192e7	000c9358
35124e42	000c93fa
35145ded	000c942e
35157747	000c946c
3515a675	000c94b0
3519860c	000c94d4
351a19da	000c9530
351b8ec4	000c9550
351bcc7a	000c959e
351bed9d	000c95ee
351c2436	000c960e
351d90df	000c963c
351e4b1d	000c9676
351f5f90	000c96c0
351fec91	000c96f0
35206c86	000c970a
35226007	000c9722
3522cb6b	000c973c
3522d463	000c9766
3523eb9c	000c97b4
3524fb3b	000c97f0
3525898b	000c984e
35272709	000c9872
35273773	000c98b0
352c4065	000c98da
352ca71e	000c9900
352d1c9f	000c9936
352ec7de	000c9960
35304fc4	000c99a8
35316de2	000c99c6
35325cc5	000c9a2c
3532b72e	000c9a62
3534410f	000c9a8c
35360562	000c9ab6
353726a7	000c9ade
3538838b	000c9b0c
353ad23a	000c9b42
353d996c	000c9b8a
353dc337	000c9bea
353e7332	000c9c3e
35419a28	000c9c5a
35420a13	000c9ca2
35427d65	000c9ca2
3549a2ea	000c9cba
354b9fab	000c9cf8
354e4d21	000c9d18
355129d0	000c9d44
355418f0	000c9d90
355442f3	000c9db6
3554a994	000c9df6
3555e7ae	000c9e2e
355a1abe	000c9e56
355af3a4	000c9e70
355d811a	000c9ec6
355d8be7	000c9ec6
355d8c8c	000c9edc
355d9c2e	000c9ec6
355da0fb	000c9ec6
355dcc5f	000c9ec6
3561af9d	000c9f0c
35634a03	000c9f38
3565a73e	000c9f62
3565b105	000c9fac
356a7ad9	000c9fde
356ba72f	000ca024
356c6e4b	000ca046
356cd5e8	000ca08e
356de5e3	000ca0d4
356faa12	000ca10c
35765a28	000ca14a
35776789	000ca16c
357a913c	000ca198
357ac3b6	000ca1b0
357db047	000ca1e0
357de4d7	000ca224
357f4529	000ca240
357ff8ea	000ca26e
3582d983	000ca296
3582eea1	000ca2ca
3583f0b6	000ca2fa
35858ce8	000ca316
35871710	000ca35a
35881ff8	000ca386
358860d3	000ca3a6
358acc1e	000ca3c2
358ae07c	000ca3ee
358caab2	000ca410
358dd4df	000ca436
358dee0c	000ca472
3591a149	000ca4d4
3597a613	000ca4fe
359823a9	000ca536
3599d4a4	000ca576
359a2310	000ca5c2
359bf36b	000ca610
35a433d6	000ca634
35a4ee39	000ca678
35a5cebd	000ca698
35a95f0c	000ca6c0
35a9b2d5	000ca724
35acbd7b	000ca75a
35adf55c	000ca782
35ae1b27	000ca7cc
35ae3775	000ca802
35b1a40d	000ca82e
35b2872b	000ca858
35b6412b	000ca88e
35b7bdd6	000ca8b8
35b85531	000ca8dc
35bd010f	000ca94c
35bd63d1	000ca970
35bd83a9	000ca98c
35beab67	000ca9be
35c0c0f0	000ca9e4
35c3f8db	000caa06
35c6af82	000caa34
35c81273	000caa5c
35c86238	000caaa0
35c8f6dc	000caaa0
35c9cb22	000cab02
35ca192b	000cab7e
35cc490d	000cabbe
35cf6847	000cac06
35d0557b	000cac20
35d83a13	000cac48
35db061b	000cac5a
35dc3367	000cac8c
35dd613a	000cacb8
35dfa280	000cace0
35dfcdf8	000cacfc
35e18b5d	000cad4e
35e18ec1	000cada4
35e94cef	000cade2
35eba64e	000cae16
35f16f4e	000cae30
35f200c9	000cae6e
35f2e471	000caea4
35f5a723	000caecc
35f71767	000caf1a
35f7bb52	000caf38
35fa8e53	000caf68
35fab1fc	000caf9e
35fb97e8	000cafde
35fd0123	000cb000
35fd0671	000cb010
35fd08a6	000cb020
35fd0b7f	000cb000
35fd43d7	000cb032
35fdb970	000cb044
35fdd062	000cb000
35fdd8b8	000cb000
35ff40ae	000cb056
3600f0c1	000cb092
3601a47e	000cb0f0
36028dfe	000cb10a
3602bf7e	000cb136
36049945	000cb166
3605eb05	000cb184
3606e746	000cb19c
36070cab	000cb1e2
360744da	000cb218
3607e975	000cb232
36090870	000cb264
36097fca	000cb286
360a0ac6	000cb2b2
360f087d	000cb2f6
361199e3	000cb310
36119de7	000cb334
3611c7a4	000cb360
3612320a	000bc726
36123b6c	000cb37c
3613c8f6	000cb3b0
3617cfed	000cb3da
361bbc0b	000cb3fe
361bedff	000cb426
361c44ef	000cb464
361c6fc6	000cb4c4
361ea182	000cb4f2
361f08f9	000cb546
3621c55e	000cb574
3623f08a	000cb5a6
36247945	000cb5f6
36272a55	000cb618
3628cf76	000cb646
362925bc	000cb67c
3629452b	000cb6ac
362a92f5	000cb6fa
362bb448	000cb74a
362bb89c	000cb7c4
362e1e05	000cb7fe
362ffd21	000cb816
363005dc	000cb85a
3630379e	000cb87e
3630875b	000cb8b4
36309f0b	000cb8dc
36316e44	000cb926
3631c6fb	000cb948
36323d91	000cb95a
36344d92	000cb988
363561af	000cb9b6
3635b850	000cba06
36362696	000cba4c
3637f799	000cba9c
3638937e	000cbae6
363918d9	000cbb24
36395c1f	000cbb72
363da3cf	000cbbb2
363f6f37	000cbbc6
363fa928	000cbc14
364019a5	000cbc4a
36407979	000cbc64
3641d66b	000cbc90
3641da2f	000cbcae
3642b8af	000cbcee
36480f50	000cbd2a
36481509	000cbd58
36491bfe	000cbd6a
364ab9a8	000cbd9a
364ac49b	000cbde0
364c5f50	000cbe40
364c6d3c	000cbe64
364ce533	000cbea0
364e4a59	000cbebc
364e50dc	000cbeec
364f79a2	000cbf28
364f91ae	000cbf56
36503c32	000cbfa4
3650abdc	000cbfbc
3652669d	000cbfe6
365314a6	000cc03e
36541b6f	000cc07a
36557f5b	000cc0b0
3655bf26	000cc0e0
36585a90	000cc106
365acc5b	000cc128
365e8e80	000cc158
365f72e9	000cc174
3660370d	000cc186
366115ce	000cc1ac
36633a9c	000cc1e8
3664da13	000cc200
3665702c	000cc236
3666210c	000cc264
36662ee2	000cc280
3667f9e7	000cc2a4
3668d2b2	000cc2dc
3669607f	000cc2fe
3669f891	000cc31a
366af5dd	000cc354
36718577	000cc386
3672510b	000cc3d8
3673f494	000cc412
3673fc78	000cc412
3675c4d8	000cc422
367997bc	000cc45a
367acc33	000cc48c
36800eb7	000cc4bc
3682be42	000cc4e0
3682d6bf	000cc52c
3683504e	000cc582
3688a25e	000cc5b4
368a2afb	000cc5d4
368a3c10	000cc5e4
368aa277	000cc5d4
368aa535	000cc5d4
368aa5c5	000cc5d4
368aba7d	000cc5d4
368abcee	000cc5d4
368ac9c7	000cc5d4
368add60	000cc5d4
368af197	000cc5d4
368af488	000cc5d4
368af7f5	000cc5d4
368c4825	000cc62c
368e9bbc	000cc658
3695486f	000cc67a
3698395e	000cc6a8
369a9763	000cc6d6
36a11a50	000cc702
36a39a8f	000cc73a
36a3e994	000cc756
36a41d51	000cc7a0
36a612df	000cc7d0
36a66bba	000cc804
36a87351	000cc834
36a8dcad	000cc88e
36a8e437	000cc8a4
36aae51e	000cc8d4
36abfa87	000cc8f6
36abfa95	000cc91e
36ac025a	000cc944
36ac173c	000cc964
36ac96d5	000cc98c
36afbdce	000cc9ba
36b2758b	000cca00
36b2a4e3	000cca20
36b6cc9f	000cca58
36b7d222	000cca7a
36bb33c9	000cca96
36bbfb0b	000ccafe
36bc0b86	000ccb5a
36bc29d6	000ccb7e
36bc4a70	000ccba6
36bdffb3	000ccbc4
36c008b2	000ccbdc
36c028a9	000ccc06
36c2a91b	000ccc20
36c2fffd	000ccc3c
36c334ee	000ccc66
36c47d7e	000ccc82
36c605de	000cccaa
36c8c080	000cccdc
36c8ce09	000ccd32
36cf1c81	000ccd88
36d0a611	000ccdea
36d1bb87	000cce24
36d39e1d	000cce3c
36da6d6d	000cce5a
36da80ce	000cce80
36e07858	000cceb2
36e15bb0	000cced6
36e240f7	000ccefc
36e2dc4d	000ccf28
36e33132	000ccf5e
36e38bdf	000ccf7c
36e3f4ff	000ccfb4
36e4c042	000ccfd2
36e5b683	000cd014
36e9cada	000cd03c
36ea0b8d	000cd05e
36ec0cff	000cd0ae
36edf771	000cd108
36edfce5	000cd14c
36ee4d0c	000cd18c
36eeb118	000cd1da
36ef61d8	000cd1f6
36eff397	000cd222
36f35103	000cd23a
36f79dbd	000cd262
36f9036e	000cd29c
36fdcf84	000cd2d0
37028932	000cd318
3702d267	000cd33a
3706387b	000cd35a
3706b902	000cd394
3707336f	000cd3d4
3709f416	000cd3fc
370aad70	000cd442
370e3573	000cd466
3711e614	000cd494
3713c8b2	000cd4be
3715a0b7	000cd4f4
3718174d	000cd524
37197250	000cd56e
371a55a2	000cd590
371e0c92	000cd5b0
371e31d4	000cd5cc
371f1344	000cd5e8
3720a649	000cd616
3723a0eb	000cd64a
37254b5d	000cd670
3725b075	000cd69c
3726a12b	000cd6b8
372a54c0	000cd6d2
372ab4ed	000cd6fc
372b2a5d	000cd71e
372ba6db	000cd736
372db2db	000cd78a
372e7daf	000cd7ae
37306e95	000cd7f4
37343767	000cd838
373a0a18	000cd886
373d219b	000cd8a8
373d758e	000cd8c8
373fda63	000cd918
3741481b	000cd94a
37419e46	000cd990
374502b7	000cd9b6
374528b1	000cd9de
37457ff7	000cd9f6
37463883	000cda18
37479452	000cda62
37481f6f	000cda84
37482710	000cdaa2
374a2c37	000cdac6
374d3626	000cdb1c
3752a614	000cdb46
3753575f	000cdb68
37536ec4	000cdb86
37544e7d	000cdbaa
37581b57	000cdc22
375868fd	000cdc6c
375b3642	000cdc94
375e43dc	000cdcb4
37602dd0	000cdcd0
37613faf	000cdcfa
3764244b	000cdd58
3764fee5	000cddaa
3765ff2f	000cddd8
3767f5f9	000cddf2
376ba3d3	000cde3a
376cc63e	000cde68
376d0d44	000cde84
376d2752	000cde84
37707429	000cde9a
3774afce	000cdef2
37773a61	000cdf1e
37793533	000cdf52
37793ad5	000cdf52
377942ba	000cdf52
37794ef5	000cdf52
37795287	000cdf52
37798866	000cdf52
377998d6	000cdf52
37799dfe	000cdf52
3779c75b	000cdf52
377e53d8	000cdf66
377ff9c2	000cdf9c
37800ae2	000cdfd0
3780f37d	000ce016
378103bc	000ce03e
378208dc	000ce064
37838fd0	000ce08c
3787bd18	000ce0ca
3787d620	000ce108
37890a2e	000ce152
378979fc	000ce1bc
378a3141	000ce1da
378d288c	000ce220
3794290b	000ce280
3794ba39	000ce2b0
37973da5	000ce2f8
379858c3	000ce324
37993f02	000ce34e
3799ed91	000ce384
379a31ef	000ce40c
379c59dd	000ce434
379c9582	000ce46c
379f770c	000ce488
37a1ae69	000ce4e0
37a3351b	000ce510
37a583c9	000ce536
37a67829	000ce58a
37a8fb6d	000ce5b4
37aa17c9	000ce5cc
37abc260	000ce5f4
37ae364b	000ce660
37af9ed7	000ce69c
37b5756e	000ce6c2
37b5aa15	000ce70a
37b5cbee	000ce736
37b65d0c	000ce768
37ba40ba	000ce798
37bbbf25	000ce7ca
37bbc1e0	000ce7fa
37bd6f2c	000ce81c
37bf4d0b	000ce858
37c03edc	000ce8bc
37c267d7	000ce8d8
37c30915	000ce902
37c38cbf	000ce91a
37c39027	000ce944
37c3ec9f	000ce97a
37c47672	000ce9a8
37c4faad	000ce9dc
37c55e04	000ce9f8
37c7f229	000cea46
37c81539	000cea6c
37cc0ef9	000ceab2
37cd4b66	000cead0
37cf4f89	000ceb0e
37d062b8	000ceb30
37d11149	000ceb48
37d158a8	000ceb8c
37d4c73c	000cebc4
37d4f9d9	000cec08
37d55e01	000cec36
37d5ee29	000cec72
37d5fa20	000cecbc
37d6bb0f	000ced06
37d725c6	000ced30
37d7da62	000ced72
37d904f6	000cedb0
37d91936	000cee4c
37d97204	000cee82
37d979cf	000cee82
37d97e18	000cee82
37d98405	000ceea2
37e05500	000ceec2
37e06072	000cef3e
37e49569	000cef92
37e6213d	000cefb4
37e737fb	000cf01c
37eaf430	000cf03c
37ecca17	000cf062
37ededa7	000cf088
37f48e4d	000cf0d8
37f49c26	000cf128
37f88a6a	000cf166
37f90e70	000cf1ae
37fba8b0	000cf1e0
37fbdc69	000cf1f6
37fde57f	000cf23c
37fe1e25	000cf254
37fe7710	000cf27c
37fec49f	000cf2ac
37ff72d3	000cf2d2
38014e47	000cf2f8
38020e2d	000cf312
3802237c	000cf34e
380427cf	000cf36a
3805b398	000cf388
380622a6	000cf3b6
380731dd	000cf40a
380eb9a6	000cf43c
3811f634	000cf4a4
38151db9	000cf4cc
38181dc3	000cf534
381ad7a7	000cf55e
381cda77	000cf594
381d7949	000cf5fa
38209ddf	000cf666
38236a98	000cf6aa
38244fcf	000cf6e6
38252fe1	000cf712
38261c16	000cf72c
3827b4a6	000cf74e
382af4af	000cf786
382b3292	000cf7ae
382c8923	000cf7f4
382cb21d	000cf810
382da993	000cf826
382e2d10	000cf85e
3830074e	000cf888
3831d8d2	000cf8aa
38322d8e	000cf8cc
38341312	000cf980
38350812	000cf9f4
3835ac1f	000cfa2c
38361557	000cfa50
383ac2de	000cfaa6
383c4067	000cfae4
383cab0f	000cfb04
383d99e6	000cfb24
383fbca3	000cfb5a
3840054c	000cfb86
38402ecc	000cfba4
38403861	000cfba4
38426b63	000cfbc2
384342a0	000cfbea
384490b8	000cfc14
3847788b	000cfc42
384992ca	000cfc5c
384df545	000cfc80
384f217b	000cfcbe
385081b3	000cfd06
3851cf00	000cfd3e
38522fa3	000cfd74
3852adf5	000cfdac
38540f27	000cfdda
38544c0d	000cfe26
385488c1	000cfe42
3856ebdc	000cfe76
3857a4a2	000cfe92
38594deb	000cfeba
385952e8	000cfed4
385b4228	000cff20
385c96d9	000cff52
385cbe00	000cff84
385d4b25	000cfffe
3861d393	000d002c
3863d6c4	000d005e
38680683	000d009e
3868ed18	000d00b2
3869a52e	000d00f2
386b232f	000d0146
386f869b	000d0170
38709a98	000d0196
3873bd59	000d01ae
38740fb9	000d01ee
38743efb	000d01ee
387817fe	000d0204
38793877	000d0230
387af44a	000d0298
387c68ca	000d02d0
387d3069	000d030e
387d912f	000d037a
387e126b	000d039a
387ee594	000d03c2
38836255	000d040a
3883ffb7	000d0434
38864601	000d0476
3887217c	000d049e
38872aec	000d04dc
3887519e	000d0522
38890fb2	000d0538
388d0f82	000d057e
3890152c	000d059e
38940e9a	000d0618
38947df0	000d0672
38949e3a	000d068a
3894d082	000d06a2
3896536a	000d06dc
3896c3cd	000d0732
38980cdc	000d074c
389822ef	000d0780
389901cb	000d079c
3899ba4f	000d07e2
389a5ced	000d0822
389b8271	000d0856
389c3b72	000d089a
389de0da	000d08b8
38a11683	000d08d6
38a32415	000d0902
38a39aec	000d0936
38a3c022	000d0970
38a4d8ec	000d0992
38a54a91	000d09be
38a553a3	000d09be
38a6c8a9	000d09d4
38ab70c3	000d0a0a
38ac7742	000d0a26
38acd1ac	000d0a64
38aed026	000d0a7c
38af4c56	000d0a90
38b1c8f4	000d0ad2
38b751ca	000d0b2c
38b86fa1	000d0b6e
38b8a3df	000d0baa
38b90d96	000d0c02
38b9b69d	000d0c34
38ba276c	000d0c6e
38bac58d	000d0caa
38bb7ace	000d0cf6
38bc46d4	000d0d10
38bc5c70	000d0d48
38bcd73a	000d0d90
38bef681	0007f79c
38c05807	000d0db4
38c0a8f9	000d0dfe
38c0e220	000d0e32
38c66122	000d0e48
38c679c1	000d0e78
38c72ef2	000d0e9a
38c8f8b0	000d0ec0
38cd2060	000d0ef6
38cf9c3a	000d0f50
38d11620	000d0f80
38d36aa7	000d0fb6
38d4fecd	000d0fda
38d855c3	000d100e
38d9f2eb	000d102e
38dbc469	000d1064
38dca073	000d10a8
38dd3a38	000d10da
38de002a	000d10f4
38e1ec02	000d1116
38e211c3	000d1190
38e68cea	000d11d4
38ea53bb	000d1200
38eab528	000d1258
38eacae7	000d128e
38eb1fb4	000d12ac
38ebcb22	000d12de
38eeca28	000d1324
38f08993	000d13aa
38f09936	000d13e8
38f0c927	000d1420
38f42ee8	000d1456
38f945b0	000d1470
38f9699f	000d1498
38f9bcae	000d14c2
38fb9e4b	000d14fa
38fc2b2d	000d1540
38fcf523	000d1576
38febf75	000d159c
38ff4f0d	000d15d0
390002a9	000d1616
39002f13	000d1660
390363e4	000d16b2
3903c032	000d1710
3906ae79	000d172c
3906c1c0	000d1764
39089013	000d178e
3908ab89	000d17ac
390b5a3f	000d17c8
390b7b65	000d17fc
390e1bc3	000d182c
39108e5c	000d1846
39110344	000d1874
391139a3	000d1896
3911d268	000d18ea
39128b85	000d190c
3912d9e7	000d1942
3912dbdb	000d1978
3913921a	000d19bc
39186bb7	000d19e6
3919d83b	000d1a00
391a4b93	000d1a44
391b057f	000d1a86
391d31be	000d1aca
391e421e	000d1afe
391e5fd3	000d1b34
391ffb88	000d1b5c
392072c7	000d1b78
392105f3	000d1bb8
3921ea5c	000d1bd6
3923b2f1	000d1c00
3925a9c2	000d1c40
3928cc5a	000d1caa
3928fc1b	000d1cf8
392b7653	000d1d2c
392c2b46	000d1d50
392ca14d	000d1d9c
392d27b3	000d1de4
392ff807	000d1e0e
393280d4	000d1e40
39335183	000d1e70
3936af48	000d1e9c
393809d0	000d1ec8
393ba5b1	000d1f0a
393bc010	000d1f30
393d7ad1	000d1f54
393e2d4b	000d1f80
393ef178	000d1fac
39405af4	000d1fd2
39413921	000d1ff8
3941bccf	000d203e
39425039	000d205c
3943cbdb	000d2094
3944ad59	000d20be
39461c56	000d20dc
3946ae22	000d212e
394717fc	000d2178
39477c5d	000d21be
39485a7c	000d21de
3948c3c4	000d2206
394a7226	000d2228
394c95cf	000d224c
395114e0	000d2280
39531e15	000d22be
39570035	000d22da
39575402	000d231e
3958701f	000d2348
39590bcb	000d236c
395a5b91	000d239a
395b1a3e	000d23ce
395c0b72	000d244c
395c10d7	000d2472
395f0e1f	000d24d2
395ff56c	000d24d2
395ffb80	000d24d2
396031c2	000d24e6
3962201b	000d254c
3965dffd	000d2570
39677e6c	000d25ce
396c1bf7	000d25f0
39715c45	000d2614
3972521f	000d2636
39726e75	000d2664
3972dfab	000d2692
3973e6a4	000d26b6
3975cb64	000d26e4
39777ece	000d2712
3978d03b	000d272e
397a5d15	000d2760
397d749a	000d27a8
397ee5e8	000d27c8
397fee89	000d27e8
3983918b	000d2822
39871f06	000d285a
398789b6	000d2898
3987b9d6	000d28be
3987c36a	000d28ee
3987d87d	000d2914
39890d75	000d293a
3989863a	000d29a8
3989b260	000d29e8
398a9ea5	000d2a3e
398f5cb4	000d2a6e
39902236	000d2ab2
39903055	000d2af2
3990d5cf	000d2b1a
3992ff54	000d2b3c
399324cd	000d2b62
3994a174	000d2ba8
3997eee4	000d2bdc
399a11f5	000d2c1c
399cd8bd	000d2c3c
399d9317	000d2c74
399e0a0a	000d2c9e
399e242d	000d2cc2
399e4b61	000d2ce8
399f91fb	000d2d0e
39a4f1de	000d2d2c
39a5a67b	000d2d64
39a61632	000d2dc0
39a657db	000d2df2
39a665b7	000d2e5c
39a76595	000d2e7e
39a8edef	000d2ebe
39ab504f	000d2ee6
39abf06d	000d2f14
39ac1e9f	000d2f46
39afe53b	000d2f90
39b06bda	000d2fbc
39b422b1	000d3020
39b8fee7	000d305e
39b946ca	000d3090
39ba2cdf	000d30b0
39bc3fc6	000d30f2
39bc4381	000d3118
39c18e10	000d3134
39c1c98d	000d316e
39c2866a	000d31aa
39c30622	000d31c4
39c88175	000d31fe
39cb2e15	000d3228
39cb5195	000d3276
39cc0b67	000d32ce
39cc3993	000d32fc
39cdf399	000d334a
39ce86dd	000d3376
39d06cf4	000d33b4
39d28992	000d33d4
39d2a2bd	000d33d4
39d2b358	000d33d4
39d2ddda	000d33e6
39d2f006	000d341a
39d3067c	000d3462
39d41035	000d3488
39d7244d	000d34a4
39d7ba58	000d34c0
39d9022c	000d34d6
39d92816	000d350a
39d96600	000d3520
39dab928	000d354a
39df9cf5	000d3590
39e1bc70	000d35cc
39e29620	000d3614
39e2f748	000d363a
39e42e3a	000d3652
39e7ecc1	000d3680
39e7ed04	000d36de
39e97bf2	000d3740
39eacd32	000d3768
39eb5c83	000d3798
39eb8d5f	000d37be
39ec0277	000d37f0
39ec0f1c	000d3828
39ef9f19	000d386a
39f1e831	000d3886
39f4366d	000d38d0
39f52966	000d3900
39f5914f	000d3946
39f62f18	000d3976
39f7214e	000d3992
39f8781a	000d39e0
39f8e0f8	000d3a00
39fa6d79	000d3a32
39fb53d2	000d3a4e
39fb7873	000d3a96
39fb96d4	000d3ae4
39fbf666	0006d8aa
39febb8e	000d3b1c
39fede14	000d3b84
3a01b70b	000d3bb6
3a03c09e	000d3c04
3a03c3ce	000d3c1e
3a049116	000d3c4e
3a05268e	000d3c7e
3a05581f	000d3ca8
3a05aaae	000d3cce
3a06d2fd	000d3d20
3a09b737	000d3d84
3a0aa840	000d3dc0
3a0bafb8	000d3dfe
3a0ea405	000d3e46
3a0eab58	000d3e76
3a11d81a	000d3e9e
3a1296dc	000d3ed4
3a12f1d4	000d3f08
3a13c221	000d3f54
3a16023b	000d3f70
3a162add	000d3fa2
3a19987a	000d3fde
3a1a9c3e	000d400c
3a1cf7bb	000d4036
3a1d05f2	00097422
3a1d0af5	00097422
3a20ca7c	000d4080
3a2194bc	000d40fa
3a26468b	000d412c
3a2839c0	000d4166
3a28e4bb	000d4192
3a2ab96d	000d41b4
3a2cee3a	000d41e4
3a3110bd	000d41fe
3a3383db	000d4212
3a3775c0	000d422a
3a379b36	000d4260
3a3aad8b	000d429a
3a3b2ae5	000d42be
3a3d279e	000d42d6
3a3daef4	000d42fe
3a40749c	000d431e
3a414682	000d434e
3a41eb82	000d436c
3a431399	000d438e
3a433c4c	000d43b2
3a47dbca	000d43fc
3a4aa929	000d444c
3a4b0926	000d4476
3a4c830c	0008cb84
3a4cee44	000d44ce
3a4d9334	000d44e6
3a4e3755	000d44fe
3a4eeed7	000d4554
3a4f3868	000d458e
3a50afe6	000d45ac
3a50b272	000d45dc
3a539e27	000d45fe
3a580ac6	000d4646
3a5a1251	000d46b6
3a5dec1f	000d46d8
3a606dd1	000d4716
3a61e57f	000d474e
3a644596	000d4776
3a6af793	000d47aa
3a6b0444	000d47e6
3a710807	000d4816
3a71c2f4	000d484e
3a732d70	000d4876
3a736dd2	000d48a0
3a73814f	000d48a0
3a73ae68	000d48a0
3a73d6a6	000d48a0
3a73e7f5	000d48a0
3a766cc4	000d48b6
3a793322	000d4906
3a7a2aa1	000d493c
3a7b8d12	000d4964
3a7b9e48	000d49bc
3a7cccb2	000d49d8
3a7e8501	000d49f8
3a7ead32	000d4a20
3a7f6d33	000d4a46
3a8073d3	000d4a84
3a818e8a	000d4ab2
3a819f57	000d4afc
3a84a904	000d4b34
3a863ba4	000d4b56
3a863cd9	000d4b88
3a879e36	000d4bb4
3a8809d6	000d4bd2
3a890f60	000d4bf2
3a8cd619	000d4c36
3a8d43b4	000d4c58
3a90922e	000d4c8c
3a9113dd	000d4cec
3a91474f	000d4d14
3a93088d	000d4d30
3a933bca	000d4d5c
3a945a7f	000d4db8
3a949319	000d4de6
3a95de59	000d4e04
3a95ffd5	000d4e24
3a965427	000d4e74
3a96d2c0	000d4ea2
3a971c46	000d4ef0
3a9738ad	000d4f1a
3a97558d	000d4f40
3a9975d4	000d4f82
3a99a3df	000d4fd4
3a9a00f0	000d5000
3a9a2e71	000d5000
3a9a7b6e	000d5014
3a9a812e	000d5000
3a9a88e8	000d5000
3a9a949e	000d5000
3a9aacb5	000d5000
3a9ab246	000d5000
3a9ab74e	000d5000
3a9abe98	000d5000
3a9aca4e	000d5000
3a9b9500	000d502e
3a9c4169	000d5044
3a9f6485	000d506a
3aa010a4	000d509c
3aa080f7	000d509c
3aa08222	000d509c
3aa09341	000d509c
3aa09b81	000d509c
3aa0ac6c	000d509c
3aa0aea8	000d509c
3aa0aea8	000d509c
3aa0b948	000d509c
3aa0c4e4	000d509c
3aa0ca44	000d509c
3aa0e70a	000d509c
3aa31fb4	000d50b0
3aa3d847	000d50d2
3aa50353	000d50fa
3aa66b25	000d5124
3aa689bc	000d514c
3aa73801	000d517e
3aa9096a	000d51b2
3aaa5964	000d51fc
3aab3d9b	000d5208
3aad38af	000d522a
3aad6755	000d5266
3ab02c63	000d5296
3ab0fd4f	000d52c8
3ab2528c	000d52e8
3ab28200	000d5330
3ab3499c	000d5348
3ab3e74a	000d5370
3ab57ae2	000d5392
3ab631a5	000d53c0
3ab6bbde	000d53f2
3ab6fcb7	000d5416
3ab92c8d	000d5440
3abc5223	000d546c
3abdb35a	000d54ba
3abf3f47	000d54de
3ac03de8	000d5504
3ac07c53	000d552c
3ac4b6ee	000d555e
3ac5ebfb	000d559c
3ac6cde0	000d55e6
3acbddad	000d5608
3acc05e4	000d5640
3acc5c53	000d566a
3acc8c9e	000d56d4
3acd8fd6	000d5724
3acf70a9	000d5768
3ad0ed5f	000d577e
3ad103ad	000d57ae
3ad70994	000d57ec
3ad7700c	000d5820
3ad8acc6	000d584e
3ad8c314	000d5866
3ad953b8	000d58a4
3ae15d93	000d58ec
3ae40eee	000d5916
3ae5b16f	000d5922
3ae65196	000d594e
3ae8f8a6	000d597a
3aeaec5e	000d59e4
3aebb7ad	000d5a0a
3aec3deb	000d5a30
3aede4a3	000d5a6c
3aefaf94	000d5a8a
3aeffe05	000d5ac0
3af1ee03	000d5af6
3af31a96	000d5b4a
3af373a7	000d5b68
3af396d7	000d5b84
3af3c972	000d5bf8
3af4afcb	000d5c16
3af5b65a	000d5c3e
3af5db7a	000d5c58
3af69ece	000d5cd2
3af6b43b	000d5cfc
3af80e46	000d5d58
3af89885	000d5d9a
3af942ad	000d5dd2
3af99d48	000d5e30
3afa22e7	000d5e68
3afa943f	000d5e98
3afb266c	000d5ecc
3affe44a	000d5f00
3affe49f	000d5f32
3b00da8b	000d5f54
3b03cc6d	000d5f8c
3b043c0e	000d5fb2
3b05e68f	000d5fca
3b05f87d	000d5fea
3b0c56bc	000d6004
3b0c82de	000d604c
3b0ce731	000d607c
3b0d9737	000d60a0
3b0e8dcd	000d60b8
3b1036fe	000d60dc
3b12ff8d	000d6110
3b170f5f	000d6136
3b19551c	000d6164
3b1d1e0c	000d61a8
3b2365a4	000d61e2
3b25a6e0	000d61f4
3b2ac806	000d6222
3b2b0b58	000d623c
3b2bd881	000d6284
3b2cb278	000d62b2
3b30f9a1	000d62c8
3b348d72	000d62f6
3b350e4d	000d631c
3b356624	000d633c
3b35d2e2	000d6354
3b38703e	000d637c
3b38b6f9	000d63ae
3b3ba290	000d63d2
3b3e58a7	000d6414
3b3ef54d	000d6432
3b44ca41	000d6470
3b4872c1	000d6486
3b4bfc0a	000d64ae
3b4c696d	000d64f8
3b4f1476	000d6530
3b518596	000d6550
3b521fd4	000d656a
3b590475	000d65a4
3b5a45c4	000d65c0
3b5a58bc	000d65fa
3b5c03f0	000d6644
3b5d6200	000d6664
3b5df1cd	000d668c
3b5df981	000d66be
3b5e28aa	000d66da
3b5fcd53	000d6736
3b60c1b6	000d677e
3b611bed	000d67ce
3b61286f	000d67ce
3b6199bc	000d67e0
3b61a484	000d67ce
3b61a9b6	000d67ce
3b61bde6	000d67ce
3b61c600	000d67ce
3b62558c	000d6802
3b65ea3f	000d6856
3b683d1e	000d6894
3b6852e1	000d6894
3b68621e	000d68ca
3b699ace	000d68ec
3b6d9f01	000d690e
3b737fee	000d6962
3b7565b1	000b57ea
3b765f9b	000d69ba
3b767b44	000d6a48
3b76d63b	000d6a82
3b76d930	000d6ab0
3b793a6d	000d6ae8
3b79da8f	000d6afc
3b79f8c5	000d6b36
3b7cdac4	000d6b7a
3b7cdc2d	000d6b7a
3b7d68e9	000d6bea
3b7e582f	000d6c18
3b8036d1	000d6c30
3b81e34d	000d6c84
3b83d097	000d6c9c
3b850bf1	000d6cca
3b858692	000d6ce8
3b85879d	000d6d00
3b880209	000d6d28
3b8c8cdd	000d6d72
3b8d84d0	000d6db6
3b8df601	000d6dd8
3b8e63c8	000d6df8
3b8e8349	000d6e1c
3b90946f	000d6e40
3b91c1b5	000d6e82
3b91e036	000d6f0e
3b9591ba	000d6f3e
3b959cf5	000d6f5a
3b959ec8	000d6f9a
3b96301a	000d6fbc
3b974994	000d6fd4
3b97d73d	000d6ff8
3b997235	000d700c
3b9a3209	000d7022
3b9b2a0f	000d7044
3b9bdd13	000d7078
3b9ec028	000d7098
3b9efddd	000d70be
3ba4431d	000d70f4
3ba73ddb	000d7120
3ba7446f	000d7164
3ba8b8dc	000d7184
3baa7c75	000d71ce
3bab47d4	000d723e
3bab51ba	000d7298
3bad4745	000d72d6
3bb2771d	000d7326
3bb2995a	000d7342
3bb36ed5	000d7374
3bb902fc	000d738e
3bb96880	000d73ba
3bb9c81a	000d73fa
3bbd1f80	000d741c
3bc0c131	000d7446
3bc35049	000d7478
3bc812ae	000d74aa
3bc855e5	000d74c4
3bc85bc8	000d74da
3bc87805	000d74f2
3bc87c0a	000d74c4
3bc87e31	000d74aa
3bcb4c8b	000d752a
3bcda99b	000d7564
3bcedfcb	000d7582
3bcf79dc	000d75b0
3bd08f57	000d7610
3bd0a360	000d7644
3bd18581	000d7664
3bd1f397	000d76a2
3bd248b1	000d76c4
3bd26f58	000d7712
3bd38ce1	000d7756
3bd54325	000d778c
3bd76c22	000d77b8
3bd8bfee	000d7800
3bd9263c	000d7826
3bda8b01	000d783e
3bdac553	000d7882
3bde1a73	000d78b2
3be195cf	000d7910
3be233f5	000d7976
3be5047a	000d79c2
3be51cc5	000d79dc
3be564f5	000d79f8
3be63a0b	000d7a2e
3be737aa	000d7a6e
3be7dc2f	000d7aaa
3be8080d	000d7ac4
3be837ea	000d7b0c
3be8e5cb	000d7b30
3beac35c	000d7b56
3bee49b7	000d7b72
3bf1c498	000d7be2
3bf3616e	000d7c4c
3bf40d2d	000d7c80
3bf61f9d	000d7cac
3bf8e46d	000d7cd4
3bf9398a	000d7d00
3bf96118	000d7d34
3bfbc07f	000d7d4c
3bfee189	000d7dae
3bff448f	000d7dd0
3bffdb28	000d7e28
3c0117b2	000d7e58
3c02f2ce	000d7e7e
3c0331ba	000d7ebc
3c03fde8	000d7ef6
3c043086	000d7f20
3c04fffd	000d7f44
3c06bb1e	000d7fa0
3c06e256	000d7fdc
3c072684	000d8018
3c087e1c	000d806c
3c08de1a	000d80b6
3c09aef3	000d80da
3c0a26e1	000d8104
3c0a27d1	000d8136
3c0ba021	000d816c
3c0e1c7d	000d81a2
3c0fa222	000d81c2
3c10291c	000d8250
3c1157b0	000d82aa
3c12222f	000d82ec
3c1351e4	000d832a
3c13e168	000d8366
3c1466be	000d839c
3c159c95	000d83c4
3c1646d1	000d83e6
3c178dc2	000d840c
3c1890b8	000d843c
3c1dfdc0	000d847a
3c2073ea	000d84d0
3c24ab9d	000d8528
3c278771	000d8558
3c28b143	000d8578
3c28c0a7	000d85ac
3c2f94fb	000d85de
3c30709c	000d8600
3c337add	000d862c
3c34539d	000d8696
3c34f46a	000d86ae
3c35b59b	000d86c8
3c361b3c	000d8738
3c36b7d1	000d876a
3c3857e0	000d8794
3c385cf0	000d87b6
3c388704	000d87f4
3c3e681b	000d885a
3c3feb4a	000d888a
3c411b4a	000d88b0
3c4307d4	000d88fc
3c43428f	000d892a
3c44f5ed	000d895e
3c470a17	000d89a8
3c474fba	000d8a1e
3c48b2f1	000d8a4c
3c4b6b72	000d8a76
3c4b7d2e	000d8a9a
3c4d2650	000d8ac2
3c4d9172	000d8aea
3c4ecf49	000d8b18
3c4f28bb	000d8b42
3c4f6789	000d8b94
3c50f949	000d8bbe
3c51eb22	000d8c22
3c52d52a	000d8c38
3c5407f5	000d8c8c
3c55900f	000d8cd8
3c56f262	000d8d14
3c576aa9	000d8d5c
3c58ad43	000d8d80
3c58ad55	000d8d9e
3c599744	000d8de0
3c5a32c0	000d8e30
3c5ab547	000d8e5a
3c5afc95	000d8e7a
3c5c1677	000d8e9e
3c5d30cc	000d8ed4
3c5d5f7f	000d8efa
3c5ef6d5	000d8f68
3c5fce19	000d8fb0
3c600343	000d8fde
3c613834	000d9018
3c6291ba	000d9044
3c636ed2	000d9086
3c654d3e	000d90be
3c65a89f	000d90de
3c6878b6	000d915c
3c6a39de	000d91a8
3c6b4391	000d91c6
3c6c7884	000d91e0
3c6d5a89	000d9206
3c6f6417	000d923e
3c707a77	000d927e
3c70985f	000d92a0
3c7148e9	000d92bc
3c71e39a	000d92dc
3c7221e5	000d92f6
3c723d6d	000d9322
3c7878ad	000c071c
3c78e83e	000d933e
3c792c6d	000d9358
3c7a4535	000d9370
3c7b8037	000d93a2
3c7b9a86	000d93ca
3c7d1425	000d9416
3c80d2ee	000d943a
3c818af0	000d9450
3c818b8d	000d9486
3c8257be	000d94ae
3c829201	000d94dc
3c846118	000d94f6
3c84aa82	000d951c
3c856c42	000d9544
3c86a52e	000d958a
3c88027e	000d959e
3c8811e2	000d95ce
3c8c0a6a	000d95fa
3c8c48d0	000d9620
3c8c9f9a	000d9650
3c8dc2ee	000d9676
3c8f4cbd	000d9694
3c8f7c83	000d9694
3c90078e	000d96cc
3c9205a4	000d96ea
3c925c8e	000d973c
3c949351	000d977a
3c94fb80	000d9796
3c955c1e	000d97c0
3c975b10	000d97ea
3c979f47	0007d522
3c97bac2	0009b0d4
3c97c309	000d9802
3c97cd79	0009b0d4
3c982447	000d981a
3c9d49e1	000d983e
3c9d63f0	000d9866
3c9e1dc4	000d9882
3c9f3c16	000d98a0
3ca1112e	000d98ca
3ca13f02	000adbf6
3ca14282	000adbf6
3ca1bb4f	000d98e0
3ca50eed	000d9916
3ca64cd5	000d9960
3ca692aa	000d998e
3ca6a49f	000d99c2
3ca84049	000d9a02
3ca8c6f7	000d9a4e
3ca9db12	000d9a86
3cabe12c	000d9acc
3caec3e9	000d9ae8
3caf3398	000d9b10
3cb1642c	000d9b30
3cb17b33	000d9b30
3cb251e3	000d9b74
3cb4f5aa	000d9b8a
3cb57a65	000d9bac
3cb5b743	000d9bec
3cb7b813	000d9c28
3cb91053	000d9c7c
3cba6fa9	000d9cb6
3cbaa654	000d9cec
3cbaab6b	000d9d1a
3cbe4583	000d9d4a
3cbea7fb	000d9d86
3cc0338d	000d9dc2
3cc07522	000d9dda
3cc17cd2	000d9df0
3cc50965	000d9e32
3cc69a12	000d9e58
3cc86c65	000d9e6e
3cc89566	000d9ea6
3cca5bad	000d9ed6
3ccd8283	000d9ef6
3ccdab73	000d9f6e
3cce66c0	000d9fd4
3cced6a7	000d9fd4
3ccf5e37	000d9fec
3ccf66f6	000da00a
3cd0402b	000da082
3cd40a17	000da0ba
3cd69ef8	000da0ec
3cd7249f	000da102
3cd7a222	000da120
3cd7c2f3	000da148
3cd96933	000da16e
3cda5208	000da1c0
3cdc0847	000da1f8
3cdc3200	000da240
3cdd9e16	000da26a
3cdfb045	000da284
3ce0aad1	000da2fe
3ce0da03	000da332
3ce147bc	000da354
3ce3b630	000da368
3ce6d827	000da3b2
3ce72348	000da3f0
3ce727a8	000da44c
3ce8461d	000da46e
3ce9114b	000da498
3ce9bb9f	000da4ae
3cef7c46	000da4ea
3cf189f4	000da506
3cf2b638	000da53c
3cf4207d	000da566
3cf4bdd3	000da58c
3cf58f4d	000da5ca
3cf66974	000da636
3cf77685	000da65a
3cf7c630	000da6a4
3cf84a3a	000da6f0
3cf8a136	000da71e
3cfaa26c	000da740
3cfc30b3	000da788
3cfd4dbc	000da7c0
3cfe866e	000da7ee
3d01bfae	000da812
3d01ccb2	000da838
3d01eafa	000da87e
3d02099b	000da898
3d024eca	000da8be
3d03123c	000da8fa
3d0985ff	000da934
3d0b5759	000da96c
3d0fc1bf	000da99c
3d110060	000daa02
3d136401	000daa30
3d141f30	000daa7e
3d154331	000daabe
3d16c3f7	000dab0c
3d181144	000dab38
3d189927	000dab56
3d1a51b7	000dab74
3d1a80fe	000dab8e
3d2640e2	000dabb2
3d267732	000dabca
3d2a9570	000dac00
3d2c9d87	000dac20
3d2d5074	000dac54
3d2f9cd7	000dac86
3d2fd1d4	000dace8
3d30b6cc	000dad24
3d324cbf	000dad98
3d33901e	000dadd8
3d340b03	000dae00
3d34423d	000dae28
3d363c44	000dae50
3d375e55	000dae6c
3d379d17	000dae90
3d3ad0a3	000daeba
3d3b3afe	000daece
3d3b7368	000daefc
3d3c433f	000daf6a
3d3dbb48	000daf9c
3d3e92dd	000dafbe
3d449d15	000dafe0
3d44b95a	000db03e
3d4603d1	000db074
3d4755c7	000db0ac
3d483f6e	000db0f8
3d4a4fd2	000db11e
3d4a5cb7	000db13c
3d4b728a	000db172
3d4c0c3f	000db18a
3d4d976a	000db1d8
3d4f0332	000db20e
3d4fa5b9	000db236
3d4fcee3	000db266
3d50f031	000db280
3d512687	000db2d6
3d52cdef	000db326
3d532a09	000db360
3d533825	000db3b8
3d535200	000db404
3d53682f	000db42e
3d53e09e	000db480
3d572768	000db4a2
3d586a1c	000db4d4
3d5a18aa	000db526
3d5a32ba	000db526
3d5b3c07	000db526
3d5b6b5f	000db526
3d5f03a9	000db53a
3d607c60	000db550
3d60baa1	000db58c
3d61655f	000db5b4
3d622204	000db5d6
3d66d492	000db5fa
3d6891ca	000db646
3d69d87f	000db67e
3d6ab6c6	000db69a
3d6bf602	000db6be
3d6d993b	000db71c
3d712bca	000db74c
3d718d16	000db770
3d72ce42	000db78c
3d742116	000db7b8
3d767c7b	000db7d0
3d76e27a	000db7f6
3d76fcd0	000db810
3d780b0d	000db834
3d79c110	000db880
3d7a4cde	000db8b0
3d7a5454	000db8c6
3d7aa6bf	000db8ec
3d7b5a75	000db91a
3d7c0dac	000db938
3d7dcaca	000db958
3d7f3ac7	000db984
3d7fe5a7	000db9c4
3d808e31	000db9fa
3d813169	000dba4e
3d819843	000dba68
3d825d33	000dba9c
3d855121	000dbab6
3d8566ea	000dbae4
3d857bbc	000dbafa
3d86bc08	000dbb3e
3d86eb47	000be474
3d887276	000dbb50
3d895367	000dbb7e
3d8b19ca	000dbbae
3d8d31e9	000dbbde
3d9529df	000dbc12
3d9564b5	000dbc3a
3d97496b	000dbc5a
3d97836d	000dbc92
3d9895f4	000dbcb6
3d98960b	000dbcd8
3d9a4f1a	000dbd02
3d9ae7b7	000dbd36
3d9bfc4d	000dbd5e
3d9e44a7	000dbd74
3d9ef9a0	000dbda8
3da01339	000dbdda
3da05c53	000dbe22
3da08949	000dbe38
3da27f63	000dbe90
3da2a24a	000dbeca
3da60f4e	000dbf12
3da72bfb	000dbf50
3da84e38	000dbf6e
3daa6c68	000dbf98
3dab321c	000dbfd6
3daf6d5e	000dc036
3db18ee0	000dc064
3db1fdf2	000dc086
3db254d3	000dc0ee
3db28cad	000dc110
3db2c1af	000dc15a
3db30886	000dc186
3db76675	000dc1ae
3db9b054	000dc1fa
3dbafc91	000dc230
3dbc8737	000dc274
3dbdb1dc	000dc2a6
3dbde0f2	000dc2d0
3dc03660	000dc308
3dc05837	000dc34a
3dc2e512	000dc380
3dc50366	000dc3b8
3dc56500	000dc3dc
3dc71e4e	000dc3f6
3dc961b2	000dc44c
3dc9c2b1	000dc4ba
3dcb5a7b	000dc524
3dcd9fc3	000dc560
3dce4ba4	000dc59a
3dcf790c	000dc5d0
3dd10e46	000dc5f8
3dd148fd	000dc620
3dd15268	000dc620
3dd17a66	000dc620
3dd2215a	000dc66e
3dd2d48e	000dc68a
3dd30299	000dc6ba
3dd40336	000dc6dc
3dd4f13d	000dc70c
3dd6d961	000dc734
3dd85f5b	000dc75a
3dd99627	000dc776
3dd9eecc	000dc7ba
3ddc8076	000dc80a
3ddcc00c	000dc854
3ddd6c98	000dc8a8
3dde4b35	000dc8ce
3ddf0f7e	000dc8ea
3de0f408	000dc8fa
3de32c29	000dc942
3de5830f	000dc988
3de5e77f	000dc9be
3de93504	000dc9f0
3deae949	000dca36
3deda2c1	000dca4c
3df04598	000dca68
3df32fe8	000dcaa2
3df4c5b2	000dcaca
3df534b1	000dcb02
3df73de1	000dcb34
3dfab90d	000dcb4e
3dfb3e9e	000dcb70
3dfbcbc6	000dcbaa
3dfcbcb0	000dcc02
3dfd2187	000dcc22
3dfe8528	000dcc58
3e006435	000dcc9c
3e034f90	000dccce
3e08d0ab	000dcd0e
3e0bc85e	000dcd6c
3e0d2b89	000dcdbc
3e0ebc12	000dcdea
3e0edb73	000dce0e
3e11975d	000dce62
3e139d84	000dce9a
3e1467f1	000dcece
3e14fc3d	000dcece
3e15a825	000dcee4
3e16baef	000dcf3c
3e18e157	000dcf5a
3e193857	000dcf80
3e1995a5	000dcfa4
3e1c3195	000dcfd6
3e1c770e	000dd008
3e2339dd	000dd02e
3e26cf03	000dd050
3e26e408	000dd08a
3e286d7b	000dd0b8
3e2f3528	000dd116
3e2f4a2f	000dd158
3e31e158	000dd17e
3e35ab29	000dd196
3e384224	000dd1c6
3e3a191a	000dd218
3e3ad629	000dd250
3e3b05a5	000dd284
3e3b8c06	000dd2bc
3e3d9133	000dd2ea
3e3fb20a	000dd308
3e41fc8f	000dd334
3e44291e	000dd360
3e4773c9	000dd374
3e4975c1	000dd386
3e4bf679	000dd3e2
3e4dc3d5	0006ff24
3e4df242	000dd41e
3e500ab3	000dd43c
3e500c88	000dd486
3e50a97e	000dd4aa
3e5493ba	000dd4c4
3e54c18c	000dd508
3e555a9f	000dd52a
3e562598	000dd546
3e58bb51	000dd58e
3e59239c	000dd5a6
3e59688d	000dd5c6
3e5bfb44	000dd614
3e5d8066	000dd654
3e5f32ec	000dd69a
3e5f8dc0	000dd700
3e60354a	000dd724
3e607378	000dd746
3e62ecc9	000dd77e
3e6456f2	000dd7be
3e64b2cb	000dd7e0
3e65115b	000dd812
3e668c9c	000dd83e
3e6ac79c	000dd85e
3e6f5dc0	000dd886
3e70be64	000dd8ca
3e7207d8	000dd920
3e745498	000dd93e
3e74568f	000dd964
3e76065f	000dd98c
3e790f76	000dd9b8
3e795ce5	000dda00
3e7c6fb8	000dda1e
3e7e1d60	000dda50
3e7f0520	000dda96
3e83e891	000ddada
3e85edee	000ddb18
3e896877	000ddb5c
3e8ad685	000ddb76
3e8da016	000ddbdc
3e8e3ad9	000ddbf6
3e8f8dea	000ddc34
3e901870	000ddc56
3e904920	000ddc92
3e9313e2	000ddcb8
3e94abf3	000ddcf0
3e95d283	000ddd34
3e96f59d	000ddd56
3e97f275	000ddda6
3e98e698	000dddce
3e9988cb	000dddfe
3e99e73b	000dde32
3e9be6cf	000dde58
3e9cb88b	000dde7a
3e9dd23e	000ddeaa
3ea142fa	000ddec4
3ea198b2	000ddf00
3ea1b970	000ddf30
3ea1cf01	000ddf60
3ea314bb	000ddf7c
3ea35e2f	000ddf7c
3ea3c9cf	000ddfe4
3ea3e826	000ddf7c
3ea490bd	000de038
3ea635d7	000de06e
3eabf943	000de0a4
3eaf7fab	000de0d4
3eb1c0d1	000de106
3eb25f8a	000de160
3eb4b54a	000de19e
3eb7a1fe	000de1ba
3eb8d580	000de1ea
3eba6cc1	000de208
3ebac7f4	000b55de
3ebaef48	000de264
3ebb2433	000de28c
3ebc2b70	000de2a2
3ebd68f5	000de2ec
3ebedad9	000de31c
3ebfa35b	000de34c
3ec0d0e9	000de36e
3ec14565	000de3e2
3ec2de0a	000de438
3ec3b89d	000de464
3ec4d6e4	000de49a
3ec5f81b	000de4f6
3eca3df9	000de51a
3ecbab80	000de532
3ecc3322	000de588
3eccfa4a	000de5ae
3ecd5893	000de5dc
3ecd58b0	000de61e
3ed0e39e	000de674
3ed148a1	000de6aa
3ed55d09	000de6ee
3ed81723	000de70e
3eda4906	000de770
3eda85d2	0007fd0a
3edba7fe	000de78e
3edf349c	000de7da
3ee20fe0	000de814
3ee26416	000de858
3ee2c2ff	000de890
3ee3212b	000de8b6
3ee5779f	000de8fe
3ee8d524	000de936
3eed3703	000de952
3eedc804	000de9be
3eefefec	000de9e4
3ef1f2ec	000dea16
3ef59922	000dea2a
3ef7af8b	000dea54
3ef852ae	000deaa4
3efc974a	000deb0e
3eff1035	000deb4e
3f0090e2	000deb96
3f00add5	000debd8
3f00ec8c	000dec34
3f00eede	000dec5c
3f01c80a	000dec76
3f02d88e	000dec8a
3f02dae5	000dec8a
3f058e73	000decb2
3f07387e	000dece4
3f0a4085	000ded2a
3f0ba512	000ded5e
3f0dfa2e	000ded82
3f0f7d0a	000deda4
3f118cf4	000dedbe
3f1276c0	000dedfc
3f136b75	000dee20
3f13f3fb	000dee8e
3f142c30	000deefa
3f159abf	000def1e
3f15cc59	000def42
3f15dec8	000defa4
3f17c4cc	000defe0
3f17e443	000df018
3f19a40b	000df05e
3f1a80c3	000df078
3f1accb3	000df09c
3f1dd0b0	000df0c0
3f1e9516	000df0fe
3f1eda86	000df138
3f1ff1ee	000df16c
3f228435	000df1be
3f22aa20	000df1be
3f22c063	000df1de
3f22c50f	000df1be
3f22cb12	000df1be
3f22d7f3	000df1be
3f22f4c4	000df1be
3f2336f9	000df1de
3f23a865	000df1be
3f246717	000df204
3f24d331	000df250
3f2518d0	000df29e
3f2c4dc7	000df2ba
3f2feea2	000df302
3f302625	000df324
3f302a2d	000df37c
3f314376	000df3a4
3f325900	000df3e2
3f36929a	000df41a
3f374f44	000df452
3f3b0915	000df472
3f3c975c	000df490
3f3ddc14	000df4c0
3f3ddde0	000df4e2
3f416d4f	000df51c
3f418560	000df51c
3f41a097	000df51c
3f41c9cb	000df51c
3f43eb8f	000df530
3f477654	000df58a
3f485eaf	000df5d8
3f48d6a7	000df5f8
3f48ef1a	000df64e
3f49ad6b	000df666
3f4d011a	000df698
3f4de4ae	000df6c8
3f4e624a	000df736
3f506513	000df76e
3f51b69d	000df79c
3f5380a0	000df7ba
3f573cdf	000df7da
3f58063e	000df80a
3f58d421	000df850
3f596cdb	000df882
3f5990be	000df8c0
3f5a2927	000df906
3f5a2b4b	000df906
3f5a7cd2	000df906
3f5a8af9	000df916
3f5acf21	000df926
3f5adca5	000df906
3f5adcbe	000df906
3f5c9201	000df934
3f5dc856	000df95e
3f5de50f	000df996
3f61c10b	000df9d8
3f66aea5	000dfa14
3f675243	000dfa66
3f6a3c3d	000dfaae
3f6c9fc4	000dfad4
3f6fadf0	000dfb22
3f74b1bf	000dfb62
3f74e987	000dfbb2
3f74eb3c	000dfc04
3f7575b4	000dfc32
3f75e221	000dfc88
3f770c86	000dfcac
3f78026b	000dfce2
3f788cd9	000dfd22
3f7a9320	000dfd3c
3f7b175c	000dfd62
3f7d5d3a	000dfd78
3f7ef3ee	000dfdae
3f7f9a64	000dfe06
3f83ace4	000dfe6a
3f86be08	000dfec0
3f88e536	000dfede
3f899d43	000dfefc
3f8d32c1	000dff12
3f8e9032	000dff4c
3f9085ee	000dffa6
3f950712	000dffd2
3f952774	000e0002
3f968796	000e0040
3f969ab8	000e008c
3f97a7ad	000e00e0
3f9c9a14	000e0166
3f9d996d	000e01a8
3fa01256	000e01cc
3fa25a1e	0009bd66
3fa2bc2f	0009bd66
3fa2c369	0009bd66
3fa2f46d	0009bd66
3fa37792	000e01f6
3fa64f4d	000e0234
3fab0045	000e0270
3fab048b	000e027e
3fab3bb2	000e02cc
3fab44c5	000e0300
3fab563e	000e032e
3fac4b9e	000e0384
3fb21de5	000e03c0
3fb25f8e	000e03ee
3fb39cc1	000e0432
3fb41545	000e047c
3fb4b170	000e04ca
3fb4ce90	000e04de
3fb75776	000e04f8
3fb7e85a	000e054e
3fb92a85	000e0580
3fb99a79	000e05d0
3fba3c51	000e0604
3fba67ab	000e061c
3fbc122f	000e0642
3fbd13fe	000e0672
3fbfb179	000e0692
3fc1b86f	000e06d4
3fc3af8a	000e06ec
3fca01b4	000e0724
3fcafbbd	000e0750
3fcbf97f	000e0792
3fcdf761	000e07c6
3fcf0bb0	000e07ea
3fcfa31a	000e0810
3fd2202b	000e0854
3fd2f5ad	000e0888
3fd380d9	000e08bc
3fd38da2	000e08bc
3fd3a55a	000e08bc
3fd3b156	000e08bc
3fd3b462	000e08bc
3fd3be3a	000e08bc
3fd3fc00	000e08d6
3fd5a87b	000e091e
3fd8c93b	000e093e
3fdce7ac	000e0966
3fe09ae4	000e0982
3fe125d8	000e099c
3fe196c4	000e09be
3fe20467	000e0a1c
3fe29c35	000e0a3e
3fe3f8eb	000e0a68
3fe62d01	000e0a8a
3fe7e4dd	000e0ae2
3fe98534	000e0b08
3feae3c7	000e0b2c
3feb791e	000e0b60
3feb8ad9	000e0b9a
3fed572b	000e0bc0
3fee5cf6	000e0c54
3feeccd6	000e0c7e
3feed1a9	000e0cde
3ff1fde2	000e0d06
3ff47990	000e0d46
3ff56a82	000e0d9c
3ff60fd7	000e0db8
3ff625a2	000e0e40
3ff6b275	000e0e54
3ffa907c	000e0e90
3ffaa138	000e0e90
3ffaec5b	000e0ea2
3ffb70af	000e0eda
3ffda553	000e0f0c
3ffe08d8	000e0f26
3ffe7e4a	000e0f5a
3fff7ecc	000e0f88
4000cf17	000e0fba
4002c4b8	000e0ffe
400e8099	000e1034
400f0bf6	000e1070
400f1dae	000e1094
400f668c	000e10c8
4012101b	000e10ec
40123d5f	000e1112
4012d280	000e1138
401583ee	000e1162
401929eb	000e11a0
40197a61	000e11c8
4019c3ec	000e11ea
401a129a	000e121a
401b63ca	000e1240
401f31c1	000e1256
402192d8	000e128e
40238a39	000e12ae
40243f63	000e12c8
4026b5b8	000e12dc
402c16bc	000e1306
402f4804	000e1346
402f6c09	000e1390
402fe67c	000e13ca
402feb54	000e140c
402ff82f	000e147c
40302447	000e14a0
4031b305	000e14dc
4035c9fa	000e150e
403657f1	000e156e
4038df5f	000e159c
403ad320	000e15e2
403b500f	000e15fe
403f6f0d	000e1636
404088ab	000e1654
40413b92	000e1690
40431e4c	000e16a6
4043ca4a	000e16c6
40446446	000e16f0
40470991	000e173c
40473650	000e1752
40485fe0	000e177c
404860a2	000e17bc
404aa758	000e17fa
404b580a	000e1812
404c0ef8	000e1838
4050b1bf	000e185e
40515cfc	000e187a
405322b5	000e18a0
40544050	000e18f8
40549c18	000e192e
4054fc75	000e1946
40584f90	000e195e
4059aa24	000e199e
405e3a23	000e19ee
40622e8a	000e1a46
4062909e	000e1aa6
4064a82a	000e1af0
4065f187	000e1b38
406764f3	000e1b5e
4067891a	000e1b88
4069923a	000e1b9c
4069cbac	000e1be4
406e94e7	000e1c08
407196a2	000e1c36
407280e2	000e1c64
407684b5	000e1c80
407751e8	000e1caa
40788dd2	000e1cce
4078e173	000e1ce8
407a3d11	000e1d00
407b9e13	000e1d52
407c614c	000e1daa
407ce3e3	000e1dc8
407e2961	000e1e16
407e34af	000e1e2a
407e9853	000e1e16
407e9a97	000e1e16
407ea196	000e1e16
407ea3eb	000e1e16
407eb02b	000e1e16
407eb064	000e1e16
407eb2ff	000e1e16
407eb4c0	000e1e16
407eb50d	000e1e16
407eb773	000e1e16
407eba0c	000e1e16
407ebdf9	000e1e16
407ebf6b	000e1e16
407ebf8b	000e1e16
407ec855	000e1e16
407ece29	000e1e16
407ed078	000e1e16
407ee7cd	000e1e16
407eecbc	000e1e16
407fe873	000e1e4c
40803eeb	000e1e86
4081f0da	000e1eac
40867feb	000e1eda
408a2727	000e1ef0
408a4e34	000e1f2a
408a5768	000e1f60
408adb80	000e1f9c
408bb6ae	000e1fde
408bd41f	000e1ff6
408e830e	000e2018
408f341c	000e208c
40906d01	000e20d2
4090797a	000e211c
40911c76	000e215e
4091e481	000e218a
40927bcd	000e21a4
40955dec	000e21d0
4095ee34	000e21f6
4096e51c	000e2220
4099ef72	000e224a
409c70b1	000e226e
409c7db2	000e22c4
409d6bcd	000e2308
40a0d5d3	000e233a
40a5095b	000e23be
40a91df0	000e2434
40aad707	000e2456
40abdeed	000e247a
40ac1829	000e24b2
40ac9df4	000e24e6
40b4c357	000e2534
40b70f83	000e256a
40b95313	000e25b4
40ba38f7	000e260a
40bbeb10	000e2640
40bdfad4	000e2684
40bf20a1	000e269e
40bf8ab6	000e26d6
40c548fa	000e2708
40c6f4d9	000e2798
40c6f908	000e27b2
40c81586	000e27e6
40cabffc	000e280c
40cc9cbc	000e2838
40ce1829	000e2890
40d0e98f	000e28aa
40d1e48a	000e28fc
40d26e54	000e2932
40d2bc6d	000e2966
40d51760	000e2992
40dfcee9	000e29ba
40e057d7	000e29da
40e1d73e	000e2a0a
40e21563	000e2a2e
40e26463	000e2a54
40e2fa39	000e2a8c
40e5d32d	000e2ab6
40e69977	000e2aea
40e6ac6d	000e2b1e
40e7fc32	000e2b7e
40e83ed4	000e2ba2
40ebb3da	000e2bc2
40ecdd51	000e2be0
40eec70b	000e2c26
40ef8ce5	000e2c4e
40f97958	000e2c68
40f9af79	000e2c90
40fa2b82	000e2cc4
40feea2a	000e2d14
41003625	000e2d3e
4101a60f	000e2d84
41044654	000e2dac
4105c957	000e2de2
410646b4	000e2e02
4108d225	000e2e24
410b3b4c	000e2e40
410bf636	000e2e58
410e9c76	000e2e9a
410f9fbf	000e2eea
41121244	000e2f22
41155bf2	000e2f58
4115ae68	000e2f96
4117309b	000e2fca
4118504e	000e2ffe
411bcf62	000e3024
411e52d8	000e3062
4121353b	000e3084
412165d0	000e30a6
4121ef66	000e30e0
4123b56d	000e3114
4125c676	000e3178
4126941e	000e31a6
4128c6d7	000e31d0
41298250	000e320c
412bebbf	000e323c
412c1ca9	000e3266
412c911f	000e32c8
4130945d	000e32e8
41328475	000e330c
4132be4b	000e3320
4132fc06	000e330c
413355f9	000e3334
41337781	000e336e
4134ed42	000e33a4
4136ec0d	000e33d6
41385b40	000e3414
4138f562	000e3436
413a587b	000e3490
413bab85	000e34ca
413e7214	000e3532
413ed864	000e3532
413f13b1	000e354a
413f6262	000e3564
41411444	000e358a
414198c7	000e35ba
41423737	000e35da
4144231c	000e35fa
4144f314	000e363a
41454966	000e3666
4147f7e4	000e36a4
4148081f	000e36d2
41482d95	000e36f2
41499b37	000e3708
4149bd1f	000e374a
4149d97c	000e379e
414d6a14	000e37cc
41507ccd	000e381a
4151f60d	000e384c
415302cc	000e386e
41535cfe	000e389c
41546c8c	000e38c6
4154d425	000e38f6
41580320	000e392c
4159f85f	000e3952
415a3289	000e3980
415b5e30	000e39b8
415ba343	000e39d6
415bb9f3	000e3a24
415c64c8	000e3a48
415d26e6	000e3a66
415f0b74	000e3aa6
415f2bea	000e3ad6
4163de12	000e3b0c
41640e13	000e3b34
41641cd5	000e3b50
41641e66	000e3b80
4164b500	000e3bca
4166abc7	000e3c3a
4166fefe	000e3c94
4169200a	000e3cf6
416962c9	000e3d0a
41699be3	000e3d7a
416a4c2d	000e3db4
416b47fc	000e1946
416b7cb2	000e1946
416d76ba	000e3dd8
416fae0e	000e3e50
416fbc2d	000e3e8a
417438c3	000e3ed2
4177cb7d	000e3ef6
4179c0bd	000e3f26
417a35c7	000e3f44
417a40a9	000e3f44
417a7a40	000e3f44
417a7c73	000e3f44
417ae225	000e3f56
417caa32	000e3f78
417f617d	000e3fc2
4180c3d8	000e4026
41847af7	000e4042
41857773	00077d3c
4185f868	00077d3c
418813c1	000e405a
4189d2e0	000e4086
418a1c86	000e40b8
418a5d89	000e40dc
418b4189	000e4106
418b6503	000e4136
418d4475	000e416e
418f2a4a	000e419a
41904f1c	000e41dc
4193687d	000e4218
41945d9a	000e4248
41949dd8	000e4296
4194bfbd	000e42ce
4195d5c5	000e42fc
4195e77a	000e4326
41975073	000e433c
41984bab	000e4362
4198d620	000e4388
419c1568	000e43a8
419c3cd9	000e43a8
419d7a61	000e43c6
419e0022	000e4412
419e5462	000e4442
419e9b86	000e449c
41a13c14	000e44ba
41a24932	000e44f0
41a48539	000e4530
41a8829a	000e456e
41a89cd0	000e4586
41aac3af	000e45d2
41af9b34	000e4608
41b13261	000e462e
41b3d252	000e4656
41b58382	000e4670
41b9d88c	000e4686
41b9f05c	000e46c4
41b9fda7	000e46f4
41bf089c	000e4718
41bfb8c9	000e473a
41c104a0	000615fc
41c2be5a	000e477e
41c8b5a3	000e479c
41caceea	000e47dc
41cbf9af	000e480e
41cee1fa	000e4854
41cef05c	000852a0
41cf65d6	000e488c
41d0d411	000e48d8
41d2adab	000e4908
41d45561	000e4936
41d72fbd	000e497c
41d822a3	000e49ae
41d847ce	000e49da
41d8a8e2	000e4a32
41d9348d	000e4a64
41d978d7	000e4a98
41da63b3	000e4ac2
41dc2c68	000e4aee
41ddde82	000e4b24
41e0a22c	000e4b48
41e181af	000e4b68
41e1cc9b	000e4ba6
41e28d48	000e4bd0
41e3a1c0	000e4c00
41e4f731	000e4c2a
41e60d61	000e4c5a
41e665fa	000e4c8e
41e7d660	000e4cf4
41e91ad0	000e4d20
41eec26e	000e4d3e
41ef9714	000e4d74
41f23b1e	000e4d9c
41fa6398	000e4e26
41fe7952	000e4e3a
4200864e	000e4e88
42037d6c	000e4eb6
42054172	000e4eda
420616f2	000e4ef8
420648fb	000e4f40
42080535	000e4f62
4208fc43	000e4f9e
420956ce	000e4fde
420b57a8	000b0224
420d251b	000e5004
4210031b	000e5034
421321d6	000e5080
4213ea03	000e50a8
4214d80c	000e50d6
4217c3e2	0009b0d4
4217ea4c	0009b0d4
42188abc	000e510e
421e9684	000e5154
4222dce4	000e517e
4224713a	000e51a4
42248e64	000e51ce
4224f8aa	000e5208
4226f667	000e5232
42281050	000e526c
422a1063	000e528a
422ac0c1	000e52a8
422ad871	000e52cc
422be3fb	000e52fa
422d792f	000e531c
422dd28a	000e5340
422e1c1e	000e5396
422e4b75	000e53c6
422f4804	000e53fc
4231e8d7	000e5466
4238f918	000e54ae
42393435	000e54d8
423937fc	000e54d8
423a308b	000e553a
423be296	000e5558
423c7f6f	000e5572
423efe6a	000e55da
423f1b23	000e5614
4240aafd	000e562c
4240efb3	000e565c
4243bd28	000e568c
424db08f	000e56a4
424e3c75	000e56da
424f5fc3	000e570a
4251e9b2	000e5762
425509be	000e578a
4255245b	000e57c8
42567150	000e57e6
425752cb	000e5828
42576319	000e583e
42576629	000e5886
42599359	000e58be
425aabcd	000e58f0
425c3f14	000e5912
425e971f	000e5962
425ee244	000e5984
42610dd8	000e59a4
4263779d	000e59e2
4263d059	000e5a0e
426563b8	000e5a52
42656e59	000e5a6e
4265b544	000e5a96
42669a54	000e5ae8
4267d269	000e5b4e
426893ab	000e5b7c
426998cd	000e5b9e
426ce360	000e5bd0
426f368e	000e5bec
4271d9d7	000e5c2c
427362b2	000e5c56
4274005b	000e5c76
42757da9	000e5cae
42758a07	000e5cec
42758e7d	000e5d12
4276a750	000e5d46
4276c177	000e5d72
4279a5e7	000e5dc8
4279af29	000e5e30
427a80b0	000e5e54
427bb4b2	000e5e80
427bd9f4	000e5eee
427cf506	000e5f4c
427e9b5b	000e5f7a
42821fc2	000e5fc8
4283ef1b	000e5ff2
42845cff	000e6058
428695e1	000e6070
42879878	000e6088
4287cce3	000e60b0
428a4424	000e60dc
428e11f2	000e6172
429084fe	000e6190
4292e377	000e61ce
42933534	000e6230
4295d4fa	000e6260
42969781	000e629a
4297609c	000e62b4
42983614	000e62fa
4298530e	000e635c
429c507c	000e63ca
429cc9fc	000e63e2
429d9a08	000e6408
429e1059	000e6454
42a20c19	000e647a
42a40b1a	000e64b0
42a4985f	000e64fc
42a6bfb6	000e651e
42a75c1e	000e6550
42a93c17	000e656e
42aca7ab	0005f9cc
42acbfa4	0005c336
42acbff5	0005c336
42ae294b	000e659a
42aefdf9	000e65de
42af2fda	000e6618
42afca6c	000e6654
42b0cb82	000e6676
42b191aa	000e6698
42b2b623	000e66c0
42b6319a	000e66e6
42b704c6	000e6714
42b9a7f3	000e6754
42bb17ba	000e677e
42c00dd4	000e67e8
42c32144	000e6820
42c385d5	000e683c
42c7696a	000e685c
42c81d9c	000e68ba
42c96d8a	000e68de
42cc87ee	000e690c
42ccea20	000e690c
42ceb2b8	000e6924
42d0e00b	000e6946
42d38253	000e696e
42d808cd	000e69b8
42d85be6	000e69e2
42d8b0ea	000e6a1e
42da5973	000e6a44
42dd10d0	000e6a7a
42df1f8a	000e6ac4
42e08dbb	000e6af2
42e172bd	000e6b16
42e4634f	000e6b60
42e91122	000e6b94
42ef5708	000e6bc8
42efe0d7	000e6bfc
42f03f9b	000e6c14
42f2306b	000e6c46
42f3d471	000e6c82
42f4418e	000e6ca4
42f44fb1	000e6ca4
42f49d00	000e6ca4
42f53881	000e6cba
42f56b09	000e6cd8
42f85ed9	000e6d0c
42fb20e7	000e6d3a
42ff52dd	000e6d54
4301ef33	000e6d90
4301f91f	000e6dfa
4303154e	000e6e14
43058693	000e6e2c
4306a0fb	000e6e40
43072b05	000e6e78
43083cae	000e6e90
430899a6	000e6eba
430a9414	000e6ede
430a9b4c	000e6f0e
430b3eb4	000e6f4a
430c9d86	000e6f8c
430d39ee	000e6fe4
430e6076	000e7010
4311c745	000e7052
43147307	000e707e
4317fe64	000e70b2
4318e5d5	000e70e8
4319038f	000e7110
4319a034	000e7122
431ac6c9	000e715c
431c94a4	000e7176
431cbe3f	000e718c
431f2ff9	000e71e4
4321e368	000e7200
43220c8c	000e7228
432240ca	000e7282
432342e0	000e72ce
4325c226	000e7326
4326f1aa	000e734c
4327cff3	000e7370
4327e7ea	000e73a6
4328850f	000e73f6
4329d7ce	000e7426
432a9aa3	000e7450
432aa481	000e748c
432cc174	000e74be
432ef9af	000e74f2
43302e3a	000e753a
4332fccf	000e756a
43338da4	000e7590
4333eb15	000e75d0
43345c19	000e761e
433518bc	000e7652
43374032	000e767c
4339d68d	000e76cc
433db830	000e770c
433ed45b	000e7750
433f6893	000e7790
4340a8a8	000e77ba
43416cc0	000e77d8
4341794a	000e7818
4341bf57	000e7858
43425a30	000e787e
43444b50	000e78de
4344a5fc	000e7904
43455a3b	000e794a
4345d989	000e7962
43477460	000e7994
434b19a7	000e79da
434bc268	000e79f6
434cbe6f	000e7a12
434e2990	000e7a4c
434f784d	000e7a8a
434faff2	000e7ab8
43512eb3	000e7ade
4352fdbe	000e7b08
43540881	000e7b34
4355250d	000e7b7e
43552604	000e7b7e
4357b069	000e7bc8
4358e101	000e7bf8
435b3df9	000e7c3a
435e5e6e	000e7c56
435ec93e	000e7c80
43614e5a	000e7cda
43626910	000e7d2c
43642eac	000e7d60
4365ec24	000e7d84
436616d3	000e7daa
436617aa	000e7e26
436670a6	000e7e6a
43679115	000e7e76
4367fed4	000e7ed6
4369c080	000e7f1a
436a33e8	000e7f82
436b40a1	000e7fa8
436b7f26	000e7fce
4371e100	000e7fe8
43748069	000e8022
4375ef4c	000e804a
4377076d	000e8076
4377c5d3	000e80a6
437805c7	000e80ce
4378ad19	000e8114
4378aef8	000e812c
437a7d19	000e81a2
437ebe8e	000e81da
437fc556	000e81fc
437ffc2d	000e823a
4380f09a	000e8290
43812e82	000e82c2
438175c6	000e82f2
43825df2	000e8314
438695ca	000e8358
438723d0	000e837a
438768b4	000e837a
43878250	000e8390
4387920c	000e83cc
4388cbfd	000e83ee
4388fa79	000e8444
43893c90	000e846c
438a2399	000e8492
438df6e5	000e84bc
438e1cb1	000e8506
438e318f	000e8524
438ee6d9	000e8552
4394687d	000e856c
4394a14d	000e85b4
4395fa7c	000e85ca
4396b299	000e85f6
4399b15f	000e8620
439b7556	000e863e
439bfa85	000e867e
43a18b28	000e8698
43a280b8	000e86b4
43a35326	000e86e8
43a71e0a	000e870a
43a97cb4	000e8730
43abd326	000e8786
43ae091c	000e87ee
43b1444f	000e8824
43b3974e	000e8840
43b45f2d	000e8896
43b4dfb8	000e88b6
43b6e6fe	000e88d4
43b8bd26	000e8912
43b8ddab	000e892a
43b95876	000e894e
43bab217	000e896e
43bae66e	000e898a
43bc23a2	000e89aa
43bc7e8f	000e89da
43bcf545	000e8a06
43bd7538	000e8a34
43beb461	000e8a50
43bf896f	000e8a84
43c0995f	000e8a9e
43c0e74d	000e8ae6
43c38fb2	000e8b28
43c5dd56	000e8b84
43c68235	000e8bde
43c6d626	000e8c22
43cc9a2a	000e8c70
43cd4b27	000e8ca4
43cd9b82	000e8cce
43ce3634	000e8d34
43ce4ede	000e8d88
43cf203c	000e8dca
43d1ad10	000e8de8
43d335c2	000e8e14
43d4d08f	000e8e7e
43d551b1	000e8ede
43d93d20	000e8f1a
43dade09	000e8f68
43dd5805	000e8f7e
43e21152	000e8fa4
43e43b64	000e8fd8
43e88f29	000e8ffc
43e968a7	000e901c
43ed1c3f	000e904e
43ed2a65	000e908e
43ee57f0	000e90c4
43f1247a	000e90f2
43f19d19	000e9134
43f2a161	000e915e
43f33d4e	0009b0d4
43f347d9	000e91da
43f3774a	0009b0d4
43f48413	000e9202
43fa6ae5	000e9234
43fa807a	000e924c
43fc4040	000e9276
44002985	000e92d2
4401165d	000e92f6
4404e9b3	000e930c
4405f74a	000e9348
440666f6	000e93b2
4406ac1d	000e93de
4406c7c8	000e9416
44079328	000e9448
44090d6e	000e945a
440aaa35	000e94b0
440ba1a1	000e94ca
440c6453	000e9500
440ccf8b	000e952a
440e2c61	000e954a
441208be	000e956e
4412e625	000e95b6
44139b3a	000e95da
4416c5fd	000e95fa
4417d404	000e961a
44180292	000e9676
4418ca34	000e96ec
44199b99	000e9732
441ddeae	000e975e
441df49e	000e979a
441f9cf4	000e97b8
4420fad2	000e97e4
442314c4	000e9818
4425293b	000e9860
44259daa	000e98a8
4425ef63	000e98fe
4426d507	000e9940
4427365d	000e9982
44287083	000e99be
442a3629	000e99f4
442a87a5	000e9a0c
442dd947	000e9a5a
4435330f	000e9a98
44358754	000e9ab8
4435ca57	000e9ace
4438ce3d	000e9afa
4438f110	000e9b2e
44396fd6	000e9b60
443a544c	000e9ba0
443ee7fe	000e9bb6
44444aa5	000e9bea
4445e54a	000e9c30
44461fa0	000e9ca8
4447029a	000e9cfa
44471244	000e9d28
4447bbbe	000e9d40
4448b0dd	000e9d5e
4448cece	000e9d9e
4448e6c9	000e9df6
444b85bd	000e9e62
44518307	000e9e7e
44530c10	000e9ec2
4458d079	000e9ef8
445b3f0a	000e9f32
445e3e67	000e9f72
446049fa	0009b0ea
446065bc	0009b0d4
44636032	000e9f90
4463d181	000e9ff6
446853e7	000ea046
446ae92c	000ea06e
446b6670	000ea094
446dced3	000ea0b6
446e96e0	000ea0e2
446ee34c	000ea100
446f05e0	000ea140
446f3d64	000ea176
446f3e1d	000ea176
4470eb04	000ea194
44724321	000ea1be
4473546f	000ea1de
4475fcc6	000ea204
44767a0e	000ea258
4477535d	000ea2a4
447a4edc	000ea2ca
447afbf7	000ea318
447f6bb5	000ea34e
447fb718	000ea376
44830a8f	000ea39c
4488259d	000ea3ca
44882703	000ea3de
4488a421	000ea3fe
4488e027	000ea426
4488f480	000ea454
4489232b	000ea492
448a85eb	000ea4f4
448b4f88	000ea51a
4490db2e	000ea55c
44921d79	000ea56a
4494e9ea	000ea5b8
4494ff73	000ea5fc
44954dc7	000ea632
449852d5	000ea656
4498c281	000ea672
449b3982	000ea6be
449b51aa	000ea6f4
449b7370	000ea758
449d0966	000ea7b4
449dc240	000ea808
44a018a0	000ea840
44a0c49b	000ea86c
44a19948	000ea8b0
44a1a90a	000ea8b0
44a1b6c9	000ea8cc
44a1c29c	000ea90c
44a27ae6	000ea934
44a332e6	000ea95a
44a3bfa8	000ea988
44a52f21	000ea9c8
44a8f626	000ea9ee
44ac6e91	000eaa46
44b136b7	000eaa66
44b331a4	000eaa92
44b47168	000eaab4
44b722a2	000eab0e
44b73c2d	000eab62
44b91cd8	000eab86
44b96e45	000eabaa
44ba679b	000eabd2
44bcc148	000eabee
44bffb69	000eac34
44c153bd	000eac50
44c2ceaf	000eac86
44c4bf75	000eacb2
44c4e549	000eacd8
44c53a8a	000ead02
44c61eeb	000ead44
44c944ae	000ead5e
44c96bb3	000eadb2
44cb1a38	000eadec
44cf60b7	000eae0c
44cf64a6	000eae0c
44cf93ce	000eae6a
44d0c221	000eae92
44d1321a	000eaed6
44d211fc	000eaf04
44d556f2	000eaf52
44d79296	000eaf88
44db7601	000eafa6
44e36e34	000eafca
44e4cbb0	000eafda
44e64221	000eb00e
44e94763	000eb02e
44eb189a	000eb058
44ebee20	000eb09c
44ef9c03	000eb0ee
44efc858	000eb10e
44f28728	000eb172
44f4c3ad	000eb18c
44f53eff	000eb1bc
44f5a58b	000eb1f2
44f78966	000eb21c
44f8252d	000eb26e
44f90aab	000eb2aa
44f99312	000eb2d2
44fa2297	000eb2f2
44fe83d9	000eb322
44feecac	000eb36e
4501b596	000eb392
45027d29	000eb3b4
450327c6	000eb3ea
450371cf	000eb410
4503dab9	000eb44a
4504445b	000eb488
45055aaf	000eb4c6
45057b5f	000eb4f2
4505e622	000eb51c
4506733c	000eb564
4506957a	000eb5cc
45071b4f	000eb5e0
450be94e	000eb600
450eac5f	000eb624
450ffd06	000eb656
4510ef6a	000eb674
4511b0e5	000eb6a8
4512e0b6	000eb6e8
4513ff0e	000eb70e
4515cf7c	000eb760
4517525d	000eb78e
451760b5	000eb7ce
4518542e	000eb7e4
4518d86d	000eb84e
4519221a	000eb8b0
451978bf	000eb8ca
451b7f9a	000eb900
451d37e1	000eb948
451d55f9	000eb964
451df346	000eb9a6
451f9b68	000eba00
45206bbb	000eba20
452143bc	000eba3a
45216822	000eba8c
452280eb	000ebace
4522b8fc	000ebb10
4523a57b	000ebb48
4524982a	000ebb70
45252439	000ebb9a
4526983a	000ebc50
4526b591	000ebc7e
452ab841	000ebca4
452f4334	000ebcd6
4531cd5c	000ebcfe
45333f50	000ebd30
4533abba	000ebd52
4533b261	000ebd76
45352fb0	000ebd98
453797fb	000ebdbc
4538b93a	000ebdf4
453bc5a0	000ebe10
453bdba6	000ebe62
453c6c88	000ebe7e
453d7baa	000ebeae
453e5cd3	000ebed0
453f0298	000ebf0e
4541e88f	000ebf2a
4544c849	000ebf70
4546e356	000ebf9e
4547923e	000ec000
4548c87c	000ec03a
454969ed	000ec0b4
454a6d12	000ec122
454adac3	000ec146
454bc0d9	000ec182
454c1c5d	000ec1b8
454e355b	000ec1d4
45523ca4	000ec1fa
4555b51f	000ec20a
4556fd9b	000ec232
45583210	000ec258
455c0b90	000ec278
455da2d9	000ec308
455f0bb6	000ec342
455fe08d	000ec372
45606a42	000ec38a
45640441	000ec3f4
45648988	000ec41c
4564f9be	000ec448
4565d4d1	000ec484
4566067c	000ec4b0
45668d4f	000ec4ca
4567df7f	000ec4f4
4569a3ce	000ec532
456a5e67	000ec55c
456ae761	000ec59a
456b689b	000ec5ba
456d74c9	000ec5dc
456fdbc7	000ec602
4570c629	000ec62e
4570ceae	000ec664
45749c00	000ec69c
457c6af9	000ec6ec
457fb5f0	000ec720
458038f4	000ec742
4581021a	000ec790
4581bcdf	000ec7b2
458242d3	000ec7e8
458262e4	000ec83a
4582ace2	000ec87a
4583598f	000ec8cc
45836414	000ec8cc
45867144	000ec8fe
45890471	000ec95a
458b48f0	000ec984
45908c94	000ec9b2
4592ade5	000ec9d2
4592e043	000eca2e
4596d424	000eca5e
45993877	000eca9c
4599f263	000ecab8
459af29a	000ecaec
459c8785	000ecb2a
459e0103	000ecb62
459e019c	000ecbd2
45a223e2	000ecbfa
45a3afd7	000ecc32
45a5a637	000ecc8a
45a5fea8	000eccb2
45a7ad70	000eccf2
45a97181	000ecd28
45acfe75	0009ae04
45b32756	000ecd72
45b36037	000ecd98
45b3657d	000ecd98
45bb3159	000ecde0
45bbf40e	000ece00
45be5b69	000ece40
45bf18bf	000ece8c
45c1837a	000ececa
45c208cc	000ecf14
45c209c7	000ecf34
45c2bf38	000ecf6c
45c3244a	000ecf86
45c38ba1	000ecfd6
45c3cd69	000ed02a
45c4c5d4	000ed04a
45c6053d	000ed082
45c71083	000ed0d4
45c7d88a	000ed108
45cadd1c	000ed126
45cb7398	000ed152
45cb876a	000ed16a
45cb8e3b	000ed1a6
45d01566	000ed1de
45d0ecb8	000ed226
45d1e2f1	000ed252
45d30159	000ed296
45d3555e	000ed296
45d35733	000ed296
45d367a4	000ed296
45d36b1f	000ed296
45d3f0a9	000ed2a8
45d42f19	000ed2d0
45d481ee	000ed2ea
45d5caa2	000ed322
45d5e50e	000ed352
45d8b594	000ed36e
45d93912	000ed3ae
45db577a	000ed402
45dbb85c	000ed42c
45dc87f4	000ed46e
45de4461	000ed4d0
45df04a7	000ed4f2
45dffd77	000ed528
45e16df0	000ed546
45e2549c	000ed588
45e25b36	000ed5fa
45e30e83	000ed626
45e4b598	000ed662
45e5235b	000ed692
45e5a4e1	000ed6c0
45e83801	000ed6ec
45e90598	000ed720
45ec924c	000ed760
45ecaa22	000ed7a2
45edb478	000ed7d2
45f17eb5	000ed7fa
45f1bf36	000ed868
45f214fd	000ed8be
45f52eb4	000ed8f0
45f66280	000ed948
45f764d8	000ed978
45f819a2	000ed9a8
45fc5567	000ed9c4
45fdbd70	000eda12
45fe18a0	000eda86
45fea07c	000edaae
45ff6d59	000edad2
46002948	000edb86
46007209	000edbc2
460251a5	000edbe6
46052106	000edc10
46064576	000edc40
4606834d	000edc9c
4608d042	000edcbc
46098abf	000edce6
460be0d4	000edcfe
460c0d72	000edd30
460d09ac	000edd68
460d3088	000eddac
460d7724	000eddd2
460e35e3	000ede00
460fb47c	000ede2e
4611b932	000ede50
4611dd56	000ede6e
46127529	000ede96
461319ed	000edebe
46194fc1	000edeea
461dd3e1	000edf16
461e2479	000edf36
4620edf5	000edf84
4622f242	000ee00e
46268121	000ee03e
46285b72	000ee05e
46292fc8	000ee07c
462a3436	000ee0a0
462d90c3	000ee0d4
462fdca6	000ee122
4630d596	000ee144
4632c42a	000ee15c
46341054	000ee1a6
46347a3a	000ee1c4
4635f3a6	000ee208
46361795	000ee22a
463b907a	000ee25a
463c5a91	000ee29a
463cb441	000ee2cc
463ce770	000ee32e
46402fa8	000ee36c
4640d78f	000ee3ae
46414a8f	000ee3ea
4641ca21	000ee3ea
464408b4	000ee402
46462aed	000ee464
46471d85	000ee478
4647a4cf	000ee4ce
464d98ae	000ee53c
464daf20	000ee53c
4654fd7e	000ee54e
4656790c	000ee578
46567c00	000ee578
4658004f	000ee5be
46583842	000ee5fc
465a25c9	000ee636
465b3a68	000ee65c
465b8d83	000ee692
465bebfa	000ee6e4
465d1b33	000ee702
465df3b8	000ee734
4661a4c7	000ee74e
4661f180	000ee78a
46629ded	000ee7bc
46636e58	000ee7e8
4665039d	000ee824
4665cb69	000ee86a
466c78c5	000ee896
466d29a4	000ee900
466de77d	000ee938
466e26fd	000ee958
466edb78	000ee972
46715c79	000ee990
46735cf5	000ee9b4
46743c41	000ee9dc
4675ef8d	000ee9e8
4679363e	000eea04
467bf9aa	000eea2e
46808217	000eea5e
4680ca57	000eea7a
4682cc96	000eea96
4683558b	000eeae4
468ca63a	000eeb22
468e0f7b	000eeb78
468e2dc1	000eebac
46902228	000eebf0
46909413	000eec1a
4690c118	000eec64
4692bb82	000eec8e
4694712b	000eecc0
46973fa9	000eece2
46975bcb	000eed3c
4698cd99	000eed66
46990185	000eedc0
4699ddeb	000eedf8
469e4f58	000eee24
469ec724	000eee4a
469fedcb	000eee7e
46a268df	000eeece
46a50943	000eef0c
46a6ba4e	000eef24
46a7dfbd	000eef76
46a7e5ee	000eefaa
46a89c6b	000eefd4
46a96239	000ef00c
46ac68c5	000ef040
46ae8900	000ef098
46afe9a3	000ef104
46b45087	000ef13c
46b62e71	000ef19e
46b8b973	000ef1e2
46c16f74	000ef228
46c268c5	000ef258
46c27b14	000ef284
46c2a39d	000ef2b8
46c52d1c	000ef2fa
46c999be	000ef33a
46cabc90	000ef36c
46cbac27	000ef3a4
46cbb762	000ef3a4
46cbe1e9	000ef3be
46cca88d	000ef3e2
46cdc25a	000ef416
46d06ae1	000ef438
46d1c709	000ef464
46d2df41	000ef4ba
46d50a78	000ef52e
46d7339a	000c9ec6
46d85b76	000ef566
46d8bce5	000ef5ae
46dd90bd	000ef5f6
46e0db72	000ef65c
46e5223a	000ef68a
46e5df97	000ef6b4
46e78733	000ef6de
46ea5d9f	000ef6fc
46f0297b	000ef712
46f095c5	000ef72e
46f0b605	000ef772
46f1cdeb	000ef7c4
46f22919	000ef818
46f3aaf3	000ef866
46f47bbc	000ef8d0
46f74777	000ef8fa
46f945d2	000ef968
46f9f990	000ef97c
46fe4b0a	000ef9a2
47004967	000ef9e8
470097de	000efa10
4700fe57	000efa82
470216eb	000efaa0
47022708	000efac4
4703a5b4	000efaec
4706bf01	000efb3c
470d270f	000efb78
470e2618	000efbb4
47109856	000efbde
4711c44e	000efc16
47120333	000efc32
47133161	000efc6c
47152904	000efcc2
4717ae2a	000efcf0
471add5f	000efd12
471c153f	000efd44
471c3dd3	000efd90
471d42fc	000efdac
471fa073	000efdda
4720a390	000efe10
4722d089	000efe56
47260f14	000efe9c
47273cb4	000efeb4
472cb0ad	000efefa
472cbd39	000eff40
472d6a4f	000eff8c
472dd529	000effb0
472e5bbc	000effcc
472e63b4	000effe8
47302b73	000f001c
473075ba	000f006c
4734f3d0	000f0096
4738b27b	000f00b8
4739a39b	000f00f4
473b293c	000f0142
473d6491	000f017a
473ec731	000f01a4
473f73cb	000f01e6
473ff957	000f0208
4740c345	000f0236
4746e1b1	000f0264
4747a4e6	000f0296
47495204	000f02c4
474ab3a3	000f02ea
474ac793	000f0310
474bb67a	000f0358
474c9f67	000f0386
474d2db7	000f03a6
4750b173	000f03f6
47516291	000f041e
4751bec0	000f044a
4751f5ea	000f04ac
4756ad33	000f04e8
475a21b8	000f0508
475a2616	000f0508
475a3ac7	000f0508
475a6b59	000f0508
475a7669	000f0508
475aace3	000f0508
475aaed5	000f0508
475ab359	000f051c
475ad7c4	000f0508
475b1c53	000f053c
475bdcc0	000f0554
475c4185	000f058c
475d58a1	000f05c0
475f1783	000f05fa
4761a066	000f0610
47620208	000f0648
47643fc2	000f066c
47651a9b	000f0690
47659b74	000f06ce
476600e8	000f06ee
47667d0e	000f0704
4768616d	000f0732
476bd4fe	000f077a
476c99cd	000f07a4
476dd633	000f07c2
476e6fe4	000f07dc
4776776c	000f0800
4776b906	000f083a
477b158b	000f087a
477ccae2	000f08c2
477dbcd6	000f0938
477f1830	000f0982
477fe2be	000f09e4
478028de	000f0a1e
4780310b	000f0a4c
4780db78	000f0aa6
47813753	000f0ad2
478144d9	000f0b0a
4787af31	000f0b2c
4788c66f	000f0b4e
478957d4	000f0b78
478b3e27	000f0bb2
478b661b	000f0bb2
478b7817	000f0bb2
478ded04	000f0bc8
478df7cb	000f0c00
478e8b97	000f0c62
4791e8fb	000f0c78
47921885	000f0c9c
47922653	000f0c9c
47926c7b	000f0c9c
47930164	000f0cb8
47935784	000f0cf4
4794946d	000f0d2c
47955433	000f0d6c
47974373	000f0dbc
47a1cc8c	000f0de0
47a1edef	000f0de0
47a3cc54	000f0e26
47a4572e	000f0e5e
47a467ec	000f0e5e
47a664f4	000f0e8a
47a722ad	000f0ed0
47a856fe	000f0f18
47a9bdb3	000f0f3a
47ab6964	000f0f60
47ac4075	000f0f7c
47ad17fa	000f0fc0
47addfe7	000f0fe4
47b05fa0	000f1016
47b12b3e	000f1042
47b21da6	000f107a
47b3c968	000f10be
47b5a707	000f10f8
47b872b1	000f111a
47b8fc05	000f114a
47b8fe87	000f1186
47b97b65	000f11be
47ba49e5	000f11e6
47baccd9	000f121c
47bb6ec3	000f1252
47bec4d5	000f12a0
47bf88a8	000f12c2
47c08713	000f1304
47c236df	000f1390
47c55866	000f13b2
47cc05c2	000f140e
47ce2f8d	000f143e
47cfb3e7	000f1474
47d1309a	000f149c
47d14706	000f14ca
47d20e85	000f14ec
47d7f4a5	000f1522
47d86159	000f1556
47d8d5a2	000f1588
47dbd9f1	000f15d2
47e0cce6	000f1606
47e46b34	000f1652
47ec2f88	000f1672
47edce36	000f169c
47f09370	000f16d2
47f1a478	000f16fe
47f2c691	000f1746
47f3c91c	000f1780
47f4dae3	000f17d2
47f94ed2	000f17f8
47fedeac	000f1826
47ffb8bc	000f1888
47ffdde8	000f18b6
4804cf38	000f18ec
4804d94c	000f1910
48058310	000f1938
4805f377	000f194a
48067bf5	000f198c
48089bc2	000f19c0
480941f8	000f19f6
480a31da	000f1a32
480a5b40	000f1a72
480b1e1a	000f1a96
480b8643	000f1aaa
480b924f	000f1ad6
480e6b87	000f1ae8
4810bf2b	000f1b2a
48118643	000f1b54
4811a01a	000f1b66
4812e28a	000f1bb6
4814e700	000f1bd6
4814ff0a	000f1bee
48191aab	000f1c36
4819f994	000f1ca8
481a1f34	000f1d06
481d7002	000f1d2a
481d7d7c	000f1d48
481d88b9	000f1d5a
481f69a1	000f1d82
481f97b8	000f1dc2
48200944	000f1e2e
4821b7a0	000f1e64
48298282	000f1e8a
482babd8	000f1ea6
482d0698	000f1eca
4830b5c8	000f1ee2
4831c73d	000f1f06
48371d86	000f1f6a
48380ff8	000f1fba
48388160	000f1ff4
4838e28e	000f2042
4839db8d	000f208c
483bab9a	000f20f2
483d6020	000f211c
483d93ef	000f214c
483f83f9	000f2172
483fccde	000f21aa
48437edd	000f21c4
484bcb52	000f2206
484bdadb	000f223a
484bf4c8	000f2252
484ef7f4	000f226a
484f1c65	000f228e
4854515b	000f22da
4854d6f9	000f2330
485537ee	000f236c
4856ddf6	000f2388
485988d7	000f23d0
485a591d	000f23f4
485d627b	000f242a
485feb29	000f244c
4860a14d	000f2478
48622d39	00090878
4865673d	000f24a0
4866df7e	000f24f2
48680a1e	000f251a
486bf0f7	000f2546
486c46fe	000f2588
486d7192	000f25e2
486f53d8	000f263c
486f5500	000f2652
486f6e9a	000f26a0
48700d49	000f26ca
4871c3f4	000f26e8
4871d3a3	000f2704
48724b06	000f272c
4873488c	000f2754
48770a1c	000f277c
487846af	000f27ba
48789fe3	000f27da
487b16eb	000f2816
487e0cbe	000f2844
48800a5a	000f288a
4885d75a	000f28a8
4887a1a5	000f28ce
4887c9c5	000f28f4
4888294d	000f2926
4888ae29	000f2946
488c8abc	000f2992
488cbe9f	000f29ce
488dce80	000f2a38
48901461	000f2a56
4890ec57	000f2a56
48916ad1	000f2a6e
4892e425	000f2a9c
489490b8	000f2aea
4894994b	000f2aea
48949b77	000f2aea
4894f9c4	000f2afe
489673f4	000f2b20
4896ed28	000f2b64
48999566	000f2b88
4899afb3	000f2baa
489e2581	000f2be8
489fd3c5	000f2c0c
48a1d208	000f2c3c
48a22e74	000f2c7e
48a27a9c	000f2ca6
48a2fe47	000f2cd6
48a46ef1	000f2d18
48a7a148	000f2d30
48a8c40c	000f2d4a
48ae160d	000f2d60
48b03269	000f2d9e
48b0772a	000f2dc8
48b2ebc9	000f2dea
48b375a5	000f2e02
48b4f6f8	000f2e1a
48b519e9	000f2e4c
48b5befe	000f2e6c
48b66982	000f2e8e
48b7c00e	000f2eb0
48ba82bb	000f2ef0
48bca20f	000f2f3c
48bdc2a9	000f2f84
48be84d8	000f2fb0
48c10de3	000f2fda
48c235bf	000f3024
48c3f437	000f3050
48c535be	000f3082
48c54a90	000f30a8
48c807b0	000f30e0
48c88ca0	000f3138
48c8c58e	000f3154
48c9c029	000f3184
48ca9564	000f31ba
48cb90f6	000f31e2
48cbe1a4	000f3248
48cce6fd	000f3276
48ce3c6f	000f32ae
48cf6a2c	000f32dc
48d0364f	000f330a
48d2a3ec	000f332c
48d3697f	000f336c
48d57c48	000f33cc
48d5ceae	000f33ee
48d6b3b2	000f3432
48dbf89e	000f346c
48dd535e	000f3492
48df8282	000f34e6
48e2c7de	000f350e
48e2d1a2	000f3570
48e74dd4	000f35aa
48e98173	000f35dc
48e9a660	000f361a
48ea0285	000f3656
48eb5747	000f368e
48eed823	000f36d4
48f15aab	000f3714
48f2cae7	000f374a
48f5557d	000f3784
48f60246	000f37c2
48f88255	000f37ee
48fa11de	000f3812
48faf3b2	000f3844
48fb07d7	000f385c
48fb4ef5	000f3888
48ff8cde	000f38d2
49013f69	000f3940
49020d72	000f3962
4907670d	000f398a
49085083	000f39ec
49085548	000f39ec
4909d8fb	000f3a06
490ab8d6	000f3a6e
490bac8e	000f3aa0
490cccdd	000f3ad2
490dd826	000f3b2a
490ef164	000f3b76
490f1e63	000f3bba
4910b6b2	000f3bf4
49145b8c	000f3c2a
491521b5	000f3c6c
4915e75d	000f3c94
491639d6	0009a7da
491af736	000f3cc2
491b6e88	000f3cd8
491c7d36	000f3d04
491d8836	000f3d30
491dbef2	000f3d4e
4923c371	000f3d76
49244307	000f3da0
4925088f	000f3dfc
4926ba9b	000f3e30
4928f611	000f3e6a
492a8b4d	000f3e8c
492c74a1	000f3ef0
492dbd14	000f3f52
49313c52	000f3f6a
4931d09b	000f3f8e
493587c4	000f3fb0
4936077b	000f3fd4
4937b904	000f3ffe
493892b9	000f406a
49393105	000f409a
49396bfa	000f40ca
4939e8ad	000f40fa
493abed4	000f411e
493c9c7e	000f4178
493ceef5	000f41ba
493e041c	000f41da
493f8ea0	000f41f6
49405f07	000f423a
49422334	000f428a
49439408	000f42a6
49441403	000f42ba
49468c0e	000f4334
4946914e	000f4372
4949ea24	000f43aa
4949ff88	000f4406
494eff8e	000f444e
494f5223	000f446a
494f9bc9	000f448a
494fea8a	000f446a
494ffc49	000f44a6
4951abba	000f4500
4951c0eb	000f4552
4953319a	000f4576
495560db	000f458e
4955ebac	000f45a8
495c5df5	000f45ca
495d9613	000f4650
495ec67c	000f46a4
4961fa1b	000f46b2
49643462	000f46d0
49659d5f	000f46f8
496705ba	000f474a
4968f51c	000f477c
496c7192	000f47ae
496e2b35	000f4810
496f8639	000f4836
496fadd2	000f4872
49712e00	000f4898
4971cfd9	000f48be
4974b32e	000f48dc
49763aeb	000f492a
497687d9	000f4970
4977f840	000f499a
49788bb2	000f49b6
497a25a4	000f49d6
497a8296	000f4a26
497b4108	000f4a62
497b6ef9	000f4a8c
497c042f	000f4abe
497cfa56	000f4afc
497eada9	000f4b2e
497f4328	000f4b68
4981f651	000f4bb8
498230cc	000f4c10
49823297	000f4c38
49825428	000f4c56
49829f89	000f4c56
4982d53d	000f4c56
49838b1a	000f4c76
49842c3c	000f4caa
4986684a	000f4cea
4986cc93	000f4d1e
4987d3b5	000f4d3c
498831ba	000f4d72
4988d19b	000f4d88
49897665	000f4dbc
498ad9d4	000f4dde
498b51fb	000f4e02
498e2bf3	000f4e22
498eaa61	000f4e3c
498eab78	000f4e3c
4992a7b7	000f4e54
4992d595	000f4e68
49935262	000f4e8c
49943405	000f4ee6
49967f76	000f4f1a
499b7268	000f4f66
499cf049	000f4f8a
49a130cb	000d48a0
49a21cb3	000f4fc4
49a3ba59	000f501c
49a436e8	000f505c
49a43e10	000f50ba
49a510d3	000f50f0
49a543f6	000f5134
49a5f4c3	000f5168
49a6314a	000f51b4
49a749f7	000f51f4
49a7d4f1	000f5214
49a83fe4	000f5236
49a868c1	000f5256
49a9e1e5	000f527e
49af80c0	000f52ae
49b00cf8	000f52ea
49b54b4c	000f5310
49b59b10	000f5348
49b80e5b	000f536a
49b83b0e	000f53b2
49b84b9a	000f53e4
49b8944b	000f53fe
49b95133	000f5448
49ba779d	000f548a
49bb62f3	000f54c2
49be6cf7	000f54f4
49bfa3a0	000f5520
49c03079	000f5538
49c05455	000f558a
49c0982c	000f55ca
49c0ee82	000f55ec
49c1315c	000f562e
49c1715e	000f564c
49c34c1b	000f566c
49c72d98	000f56ae
49c7dc7e	000f56ae
49c8995f	000f56c8
49c9aaab	000f570c
49d0090e	000f5726
49d1c043	000f5770
49d21664	000f57b4
49d3ddd4	000f57dc
49d57c1b	000f5816
49d64f99	000f5870
49d9e087	000f58a4
49d9e1b4	000f58a4
49da04cf	000f58c4
49da9838	000f58c4
49daf2ac	000f58da
49dcb2f2	000f58ee
49dd2213	000f592c
49dd5655	000f59b0
49de09de	000f59d2
49de81ce	000f5a06
49dee7d1	000f5a32
49e23896	000c50bc
49e24541	000c50bc
49e26bef	000f5a66
49e293cd	000f5ad4
49e29780	000c50bc
49e490f3	000f5b14
49e51112	000f5b66
49e7c121	000f5bbe
49e7d76e	000f5bd6
49ec7e4e	000f5bf8
49ef6a69	000f5c0e
49f10fd7	000f5c4a
49f2ebb8	000f5c66
49f47f13	000f5c8a
49f621e8	000f5cba
49f71a77	000f5d14
49f72555	000f5d46
49f814fa	000e173c
49f983e6	000f5d94
49fad403	000f5dbe
49fb3eff	000f5de8
4a047d90	000f5e12
4a04b28b	000f5e42
4a0672f3	000f5e6c
4a06c8d8	000f5e92
4a0b14bf	000f5ec8
4a0c4aa1	000f5f02
4a0c4dc9	000f5f20
4a0d98fe	000f5f5c
4a108767	000f5f80
4a1495e1	000f5fa0
4a16e012	000f5fca
4a181909	000f600e
4a1a07ea	000f6042
4a20a0ba	000f6058
4a218c99	000f6090
4a234e18	000f60b0
4a23b41a	000f60d6
4a29c3be	000f6104
4a29d269	000f6124
4a2b7438	000f6172
4a2dc0d8	000f61aa
4a2e3203	000f61c8
4a2fbe44	000f6234
4a307b3d	000f626a
4a333928	000f6292
4a344f6a	000f62a8
4a3750cb	000f62e4
4a37c293	000f632c
4a3836e4	000f223a
4a38c1fb	000f635e
4a38e935	000f2252
4a396565	000f6382
4a39e1c3	000f63bc
4a3a6f51	000f63e0
4a3b6b83	000f640e
4a417d16	000f644c
4a43b706	000f646a
4a44f0df	000f6488
4a4e1823	000f64b8
4a4e9251	000f64dc
4a51b8a9	000f6512
4a526531	000f6532
4a527b59	000f6532
4a53c9c3	000f6542
4a565617	000f6570
4a57100a	000f6590
4a5d419b	000f65e4
4a605116	000f660a
4a608332	000f6654
4a626de2	000f669c
4a62b345	000f66b8
4a68a058	000f66d6
4a6ac6ef	000f6702
4a6dc075	000f671a
4a6e11ed	000f6772
4a6e28bc	000f6772
4a6e3fe2	000f6772
4a6e4cfe	000d09be
4a6e77bd	000f6772
4a6edbe5	000f6772
4a6fa489	000f6786
4a71f244	000f67a6
4a73f0a2	000f67d6
4a789ad3	000f6802
4a793425	000f682a
4a7990a6	000f6870
4a7afe1a	000f6894
4a7ca9d5	000f68ac
4a7e0553	000f68d4
4a814bad	000f6906
4a833584	000f6920
4a8545ff	000f6970
4a884b1b	000f6994
4a8912e9	000f69b2
4a8befc4	000f69ee
4a8d39f4	000f6a20
4a8d7a6b	000f6a68
4a91f56f	000f6aba
4a93b754	000f6adc
4a93c7b7	000f6af0
4a953870	000f6b46
4a9539e2	000f6b5e
4a972b73	00087c0c
4a97ea57	000f6b8e
4a99c7d1	000f6bbc
4a9aa625	000f6bec
4a9ac6ea	000f6c22
4a9c4edb	000f6c78
4a9e65c7	000f6cbe
4a9e691e	000f6ce2
4a9ef458	000f6d14
4a9f1c3b	000f6d40
4aa1199c	000f6d5e
4aa349e4	000f6d76
4aa62a63	000f6db2
4aaac66d	000f6dd2
4aab2024	000f6dfe
4ab06378	000f6e12
4ab3c3c7	000f6e40
4ab65f46	000f6e8a
4ab85c22	000f6ed6
4ab9a51c	000f6ef8
4abbee51	000f6f56
4ac1f978	000f6f72
4ac718ad	000f6f94
4ac88734	000f6fce
4ac99278	000f6fec
4acc58bb	000f7008
4acd65b5	000f702a
4ad02b98	000f7078
4ad1836e	000f70a8
4ad212dc	000f70e4
4ad47aba	000f714a
4ad4cc99	000f719e
4ad59759	000f71cc
4ad5daa2	000f7236
4ad8f222	000f7252
4add10f5	000f7280
4addf39f	000f72c0
4ae000ef	000f7308
4ae04e2e	000f734a
4ae34d92	000f736e
4aeb9edc	000f7424
4aefb7e7	000f744e
4af0b698	000f746c
4af17e64	000f7498
4af1995f	000f74ae
4af3a65b	000f74c4
4af4b22b	000f74f8
4af4b8c2	000f7542
4af748e2	000f7590
4af97be8	000f75b2
4af9b663	000f75cc
4afa7a49	000f75f6
4afb4c78	000f761a
4afdc42c	000f764e
4b04c4f1	000f768a
4b05027d	000f76b8
4b067db2	000f76d2
4b08cd5c	000f7720
4b0a4e4c	000f7774
4b0b71b7	000f7792
4b0f30b1	000f77fc
4b0fef1e	000f7834
4b11e63c	000f7856
4b12b109	000f788a
4b140f5a	000f78a2
4b1567d8	000f78e6
4b16dd79	000f7934
4b1735f8	000f795c
4b1b1fd2	000f79a4
4b1b55f4	000f7a1e
4b1bd3b3	000f7a48
4b1c0066	000f7a6e
4b1d157f	000f7abc
4b1d3072	000f7b04
4b1e7705	000f7b50
4b1e7a45	000f7b50
4b2783fe	000f7b78
4b289131	000f7b9a
4b2afba6	000f7bbc
4b2bbb4c	000f7bf8
4b2c4c8b	000f7c40
4b2c70ea	000f7c9e
4b2ecfc8	000f7cd4
4b320ea9	000f7d08
4b344757	000f7d58
4b37f56b	000f7da8
4b389d17	000f7dca
4b3ddaa0	000f7df2
4b3de23d	000f7e0c
4b3e4a9d	000f7e48
4b3f0a1d	000f7e7a
4b3fba95	000f7ea0
4b4103ff	000f7ec8
4b417550	000f7ee6
4b41b9d9	000f7f1c
4b4401b3	000f7f5a
4b46486d	000f7f84
4b4944f1	000f800c
4b4c1045	000f8024
4b4cb657	000f807a
4b4cd2d7	000f80e8
4b4e106c	000f8148
4b4e201f	000f815c
4b50cdb8	000f8184
4b51776d	000f81b0
4b5198ec	000f81c8
4b536862	000f81ee
4b555487	000f8250
4b559482	000f827e
4b57824c	000f82dc
4b5af710	000f82fc
4b5f790a	000f833a
4b5fa6df	000f8354
4b6136d4	000f8378
4b634c34	000f83ac
4b650054	000f83e2
4b68e5b4	000f8426
4b6d582c	000f844a
4b6e0545	000f848a
4b720b9a	000f84c2
4b726d19	000f84f6
4b728f75	000f855a
4b7340db	000f85a2
4b745032	000f85e4
4b74521d	000f8624
4b74905d	000f8646
4b758680	000f868a
4b75dabf	000f86b2
4b75e2cb	000f86e4
4b7883d0	000f8712
4b797126	000f872c
4b7a6562	000f8754
4b7eda15	000f877e
4b8144da	000f87c4
4b817fb9	000f8814
4b81939d	000f8856
4b831174	000f88a4
4b8548e5	000f891c
4b869b77	000f8954
4b869cba	000f89a2
4b873017	000f89c8
4b889e2a	000f8a0e
4b8dfb54	000f8a56
4b8f279b	000f8a88
4b8fa870	000f8ad4
4b8fc60b	000f8b16
4b921488	000f8b3a
4b92cc65	000f8b64
4b93a00c	000f8bae
4b95dd23	000f8bd4
4b95f651	000f8bf8
4b9a0aa0	000f8c3c
4b9c8da8	000f8c54
4b9d0f76	000f8cb4
4b9f25af	000f8cd0
4ba0533f	000f8cfc
4ba2dc63	000f8d16
4ba30746	000f8d44
4ba50ada	000f8d96
4ba5bf12	000f8dc2
4ba6b368	000f8e00
4ba6f71e	000f8e5e
4ba93687	000f8e7c
4baad5eb	000f8eac
4bac043a	000f8ed8
4baca14c	000f8efc
4bad2827	000f8f34
4bad4bf3	000f8f68
4badaeaf	000f8fca
4bae1de0	000f9010
4bb21f07	000f9072
4bb2a384	000f9092
4bb44abf	000f90b2
4bb4e245	000f90e6
4bb7dc8d	000f9150
4bb94ac9	000f91aa
4bbace8f	000f91de
4bbc2061	000f920e
4bbc21d1	000f9242
4bbc22d3	000f928c
4bbe2403	000f92a2
4bbe6de8	000f92be
4bc5cdf6	000f92de
4bc6ba76	000f9334
4bc79522	000f9350
4bc7ea7e	000f9374
4bc9659a	000f93b2
4bc9a40f	000f93d2
4bc9a80e	000f940a
4bcb972d	000f943c
4bcc036d	000f9474
4bcd335b	000f94a8
4bcedd02	000f94c8
4bcf0196	000f94e4
4bd03440	000f9514
4bd101b7	000f9538
4bd346e6	000f9560
4bd35d44	000f9596
4bd38578	000f95d0
4bd45e90	000f95f4
4bd6a60b	000f9618
4bdaab86	000f9652
4bdb1530	000f9694
4bdb2174	000f96b2
4bdddd06	000f96fe
4be297a3	000f972a
4be2b3b1	000f9768
4be3786e	000f9794
4be3ca85	000f97b8
4be3db71	000f97f8
4be5c5cd	000f9826
4be7f928	000f9858
4be80688	000f988c
4be9249b	000f98c2
4bead2b4	000f98f2
4beb0b0d	000f992c
4bec8752	000f9956
4beca065	000f9974
4bf075a8	000f9992
4bf0a0e0	000f99f6
4bf142db	000f9a18
4bf2b8f7	000f9a50
4bf2fb21	000f9a78
4bf3903b	000f9a9e
4bf3c420	000f9ad0
4bf5cf66	000f9ae6
4bf64bbe	000f9b10
4bf889f2	000f9b26
4bf8a5d8	000f9b50
4bfd8e1f	000f9b84
4bfe2698	000f9ba0
4bff62c7	000f9bde
4bffc13d	000f9c0a
4c027803	000f9c34
4c028eef	000f9c54
4c047c67	000f9c7a
4c0492b2	000f9cd2
4c049a6e	000f94c8
4c063ca3	000f9d18
4c08a518	000f9d4c
4c09a33f	000f9d62
4c09e518	000f9da2
4c0b5f27	000f9dc2
4c107f8b	000f9de8
4c118675	000f9e54
4c13516f	000f9e6c
4c16b4c4	000f9e84
4c18d47b	000f9eb6
4c1a661b	000f9f02
4c1aab31	000f9f2a
4c1b944a	000e6ca4
4c1cf154	000f9f5e
4c1f3576	000f9f74
4c1f73cf	000f9fac
4c1f8912	000f9fcc
4c1ff9ed	000f9fec
4c22619a	000fa01a
4c23cfec	000fa038
4c25c064	000fa06e
4c25fbe3	000fa098
4c27ad3d	000fa0ca
4c288687	000fa0ee
4c28a793	000fa118
4c2b45f8	000fa162
4c2b63fc	000fa18c
4c2bc894	000fa1e8
4c2d9abf	000fa21a
4c311fca	000fa260
4c35820c	000fa286
4c38c57c	000fa2d8
4c394d40	000fa304
4c3a9193	000fa324
4c3b366b	000fa344
4c3c469a	000fa384
4c3c908c	000fa3b4
4c3efd9e	000fa3f4
4c40a1d1	000fa42a
4c423b06	000fa45e
4c44f386	000fa486
4c459058	000fa4c8
4c46771f	000fa4f6
4c47004d	000fa512
4c4b1b66	000fa558
4c4cabdc	000fa5c2
4c4d42c4	000fa5f2
4c4e47e7	000fa608
4c4ebb51	000fa624
4c504689	000fa654
4c521f09	000fa676
4c530303	000fa6a0
4c5733b0	000fa6d0
4c58c75e	000fa6ee
4c591b9e	000fa714
4c598d68	000fa752
4c5b04ed	000fa784
4c5b1afe	000fa79e
4c5b2d55	000fa7d0
4c5b64ad	000fa80c
4c60ec1e	000fa82a
4c622e73	000fa848
4c629530	000fa88a
4c6524dd	000fa8be
4c66a24e	000fa914
4c670147	000fa940
4c688918	000fa95e
4c6ba249	000fa988
4c6eaef8	000fa9be
4c6ec1f7	000fa9e6
4c6fc1eb	000faa1a
4c711c5d	000faa44
4c72b11e	000faa6e
4c75091a	000faa9e
4c79c7ee	000faada
4c7bd20b	000fab0c
4c825c67	000fab32
4c8348a2	000fab5c
4c893d57	000fab8e
4c89e21b	000fabf0
4c8a2fc2	000fac14
4c8a8b40	000fac38
4c8d31b5	000fac6a
4c8db6c9	000faccc
4c8e70a3	000face2
4c8eb07e	000facfe
4c8f1b1f	000fad22
4c9108b3	000fad56
4c9137e3	000fad8c
4c916330	000fade0
4c9606b4	000fae2c
4c961385	000fae4e
4c979ee1	000d60a0
4c984830	000fae84
4c99987e	000faec0
4c99eca7	000faf24
4c9b128b	000faf48
4c9cc9c0	000faf64
4ca275f9	000faf92
4ca2acdf	000fafb6
4ca31181	000faff2
4ca3b869	000fb03a
4ca5115e	000fb052
4ca6b22f	000fb090
4ca7b03a	000fb10a
4ca97819	000fb13a
4caa0500	000fb18e
4cab6aa2	000fb1ac
4cabe5cd	000fb1d0
4cac1cc1	000fb1f6
4cac6bab	000fb232
4cacdc5a	000fb252
4cacfdf0	000fb2a6
4cad19c6	000fb2da
4cad5de4	000fb308
4cada49d	000fb330
4cb44524	000fb380
4cb67736	000fb3de
4cb8e357	000fb400
4cbb964b	000fb450
4cbba9c9	000fb480
4cbec990	000fb4a4
4cbfc152	000fb4f0
4cc0f27f	000fb518
4cc16de9	000fb53c
4cc2a2f1	000fb580
4cc39b35	000fb5bc
4cc4a3a4	000fb5d6
4cc4fef2	000fb636
4cc5068a	000fb6a6
4cc5a7a2	000fb6f6
4cc62978	000fb70c
4cc696b8	000fb72c
4cc6a686	000fb72c
4cc71921	000fb744
4cc971d1	000fb79c
4cc9dac1	000fb7d8
4cca4cf1	000fb83a
4ccab7ea	000fb86a
4ccacf19	000fb8a6
4ccb2327	000fb8c8
4ccc6a77	000fb8f0
4cd12768	000fb93a
4cd400e2	000fb962
4cd74e79	000fb990
4cde8f29	000fb9cc
4cdfb1ee	000fb9ee
4ce2ab74	000fba1a
4ce41cb2	000fba5c
4ce4d943	000fba90
4ce699a3	000fbabc
4ce78220	000fbad8
4ce7f502	000fbb0e
4ce8aab2	000fbb50
4ce95176	000fbb8a
4ce9bc75	000fbba6
4cebb3e9	000fbbe8
4cee62bf	000fbc2e
4cf108c0	000fbc54
4cf26816	000fbc76
4cf3c4fb	000fbc92
4cf54ba1	000fbccc
4cf5a5c3	000fbcf8
4cf6595e	000fbd24
4cf6bc78	000fbd40
4cf88433	000fbd78
4cf8f59f	000fbd9e
4cfb68bd	000fbdd2
4cfb6a9c	000fbe00
4cfdb55a	000fbe3a
4cfe1b98	000fbe86
4cfedf25	000fbec0
4d014d99	000fbede
4d0157fb	000fbf12
4d02b8bd	000fbf32
4d050c80	000fbf4c
4d067599	000fbf66
4d07752d	000fbf88
4d085360	000fbfa8
4d0a2e42	000fbfd2
4d0ab8b0	000fbfde
4d0b4967	000fc020
4d0c10fc	000fc068
4d0c2f31	000fc068
4d0c55d7	000fc068
4d0c5bb4	000fc068
4d0c5eaf	000fc068
4d0cf51d	000fc068
4d0dd121	000fc07a
4d0e2fc5	00087c0c
4d0e54ae	00087c0c
4d0e9a90	000fc100
4d102014	000fc122
4d156bb9	000fc164
4d1e8808	000fc188
4d21f9d6	000fc1bc
4d22ef27	000fc1ea
4d23db1e	000fc206
4d23e8e1	000fc250
4d2528ba	000fc288
4d25b875	000fc2b6
4d25cb1e	000fc306
4d26feee	000a1db4
4d2744e9	000fc32a
4d27dc3c	000fc35a
4d28379b	000fc38a
4d2accac	000fc3a2
4d3402ed	000fc40c
4d355838	000fc43a
4d35bdc7	000fc476
4d373a0a	000fc4da
4d37a766	000fc518
4d3852ca	000fc552
4d3a92e4	000fc59a
4d3bf4b5	000fc5b0
4d3c8931	000fc5d8
4d3ff6b7	000fc5fe
4d404498	000fc656
4d418e16	000fc686
4d4302f6	000fc6b6
4d44717b	000fc6dc
4d456797	000fc720
4d46b692	000fc742
4d475dba	000fc772
4d47921a	000fc794
4d47d330	000fc7b4
4d487f67	000fc844
4d49fbda	000fc88e
4d4a82cb	000fc8c4
4d4b7b61	000fc91a
4d4e46e1	000fc96a
4d4f3cd0	000fc998
4d530e58	000fc9ba
4d54d9c6	000fc9d0
4d54f2cd	000fc9f0
4d561ee4	000fca38
4d56a1c8	000fca92
4d58dd34	000fcab8
4d5a4db7	000fcade
4d5a740c	000fcb04
4d5a74dc	000fcb22
4d5d6b79	000fcb56
4d5da973	000fcba8
4d5dc668	000fcbe4
4d5de8c2	000fcc16
4d5ef3ae	000fcc5c
4d60dbb7	000fcc8e
4d6266f1	000fccc4
4d65201b	000fcce4
4d663dee	000fccf6
4d664eec	000fcd16
4d6a0081	000fcd7a
4d6bcf9b	000fcdbe
4d701059	000fcdf0
4d784a48	000fce10
4d7b7855	000fce34
4d7be6e0	000fcea6
4d7cd417	000fcece
4d7ce47b	000fcef6
4d853720	000fcf1c
4d86352b	000fcf42
4d8ac000	000fcf5e
4d8b0ccc	000fcf92
4d8bab4c	000fcfc2
4d8bba07	000fcf92
4d8c87d4	000fcffa
4d8dbe9b	000fd048
4d8e7586	000fd084
4d90146e	000fd0ac
4d903bf9	000fd0e8
4d904201	000fd16e
4d91e09a	000fd19e
4d926afd	000fd1c0
4d92c8b4	000fd1f4
4d92e4e0	000fd228
4d979121	000fd27e
4d9809c6	000fd2ec
4d986627	000fd31c
4d9b159c	000fd33c
4d9c7415	000fd356
4d9c9012	000fd3a4
4d9e0a43	000fd424
4d9f482a	000fd46c
4da42faa	000fd49e
4daa9fe7	000fd4d4
4dad5b9f	000fd510
4dad73a1	000fd55c
4dae703c	000fd578
4db0a9a1	000fd5a6
4db1a897	000fd5ec
4db2d49b	000fd616
4db609fc	000fd666
4db78904	000fd68c
4db96092	000fd6ae
4dba413f	000fd6c0
4dbb05e1	000fd70c
4dbd05f6	0005ce62
4dbd0926	0005ce62
4dbd1aeb	0005ce62
4dbd5ad7	0005ce62
4dbd5b7d	0005ce62
4dbd7780	0009b33a
4dbf6277	000fd72a
4dc318e7	000fd752
4dc33299	000fd778
4dc36c1e	000fd7a8
4dc6706d	000fd7d4
4dc74865	000fd7fe
4dcae281	000fd836
4dcafdf3	000fd87c
4dcc1c40	000fd8c2
4dceac11	000fd8f2
4dcf4785	000fd916
4dcf866b	000fd92c
4dd005e4	000fd96a
4dd0acc4	000fd98e
4dd0dfc5	000fd98e
4dd3147c	000fd9a2
4dd33f04	000fd9d2
4dd5b0ac	000fda02
4dd6e9b0	000fda32
4dd6fbac	000fda5c
4dd7971d	000fdab4
4dd7bdc0	000fdab4
4dd7d90a	000fdade
4dd9e3f0	000fdb00
4dda1f8a	000fdb52
4ddaed9e	000fdb6c
4ddb9611	000fdb88
4ddbb00c	000fdbbe
4ddd435f	000fdbf2
4de05f81	000fdc26
4de0adbb	000fdc54
4de2b3ea	000fdc7a
4de3c983	000fdc9e
4de7b73c	000fdcc6
4de8b961	000fdd12
4de90b02	000fdd50
4deadaae	000fdd88
4deb2f2c	000fddd0
4dee2757	000fde24
4def49a1	000fde40
4df147a5	000fde98
4df5374e	000fdeea
4df5fa20	000fdf44
4df99b58	000fdf6e
4dfa9f33	000fdf94
4dfd912a	000fdfc2
4dfdb353	000fdff6
4dfebac4	000fe010
4dff38b5	000fe028
4e012ad0	000fe06a
4e035b03	000fe08c
4e03c9b5	000fe0ba
4e08df5b	000fe104
4e0a49b6	000fe118
4e0b252f	000fe146
4e0ccc4f	000fe180
4e0f6551	000fe1a0
4e11a998	000fe1e2
4e135994	000fe20a
4e1409d0	000fe240
4e1777ed	000fe2a2
4e1a7c85	000fe2bc
4e1ccee8	00085264
4e1d27c8	000fe2e0
4e1e6b56	000fe31c
4e1efda9	000fe340
4e205480	000fe36a
4e207c88	000fe38e
4e23d93b	000fe3e4
4e25d1fa	000fe41e
4e29048f	000fe494
4e2bbdc0	000fe4b6
4e2d8439	000fe504
4e2db4c3	000fe53c
4e2f8d31	000fe590
4e305c23	000fe5b8
4e328211	000fe5fa
4e337294	000fe62a
4e3411a8	000fe642
4e343edb	000fe664
4e34ecfb	000fe68a
4e3663bf	000fe69e
4e37490e	000fe6dc
4e37a311	000fe724
4e382b01	000fe740
4e38657e	000fe76a
4e3b04e0	000fe7aa
4e3c15d1	000fe7d0
4e3cf979	000fe7f2
4e3cff5f	000fe7f2
4e3d9ee0	000fe81c
4e3ea66f	000fe842
4e42e6b0	000fe872
4e436ec6	000fe8e0
4e444dd1	000fe8fa
4e4a04cd	000fe934
4e4a9f29	000fe98a
4e4bb75c	000fe9b6
4e4c4061	000fe9e0
4e4cac47	000fea14
4e4dcb8c	000fea42
4e4f5a55	000fea6e
4e4f6be7	000fea82
4e50dba6	000feaa4
4e513f0d	000feace
4e521b6b	000feaf0
4e53cb99	000feb1e
4e549516	000feb3a
4e582c6a	000feb9e
4e58a495	000feb9e
4e5b0d4c	000febb6
4e5baac1	000febea
4e5ea0a1	000fec44
4e5efb02	000fec6c
4e5f0037	000feca6
4e60652b	000fecc6
4e608eff	000fece4
4e622891	000fecfa
4e62c4d0	000fed28
4e62cfe3	000fed50
4e6555a8	000fed64
4e6b29c9	000feda0
4e6d0544	000fedd2
4e6d6e04	000fee04
4e6dcd1c	000fee6a
4e7056f2	000feea4
4e70ce73	000feee2
4e7193dc	000fef14
4e71ae27	000fef5a
4e728795	000fef78
4e754b87	000fefd2
4e774855	000ff02a
4e82382f	000ff072
4e8510b9	000ff0bc
4e863b4e	000ff0d2
4e8657da	000ff144
4e868005	000ff17e
4e88ccdc	000ff1ae
4e8926a8	000ff1da
4e8a0de7	000ff24a
4e8a121d	000ff274
4e8bb99f	000ff29a
4e8bbf96	000ff2ba
4e8fc572	000ff2e4
4e9063f0	000ff312
4e908ddf	000ff368
4e91620e	000ff394
4e91a0cb	000ff3e0
4e930ebe	000ff406
4e94ebf8	000ff426
4e950727	000ff45e
4e955965	000ff474
4e956f0b	000ff49e
4e956fdb	000ff4b2
4e975d2b	000ff4c6
4e99073c	000ff4fe
4e99b1e5	000ff51c
4e9bb457	000ff55c
4e9d3bdb	000ff5b2
4e9e3494	000ff5ca
4e9ef9a8	000ff5f6
4ea0ca49	000ff618
4ea7b56b	000ff654
4ea7fb62	000ff686
4ea96594	000ff6ee
4eaac411	000ff70e
4eab881d	000ff730
4eac0f61	000ff764
4eac52e1	000ff796
4ead2424	000ff7cc
4eaf36e6	000ff82a
4eb0237b	000ff858
4eb05057	000ff88a
4eb09cb0	000ff8b8
4eb0b6c6	000ff8b8
4eb11a76	000ff8dc
4eb36ac4	000ff934
4eb3ea5e	000ff95e
4ebca12a	000ff9b6
4ebd256e	000ff9fa
4ebd503f	000ffa1a
4ec127b3	000ffa2c
4ec1fcd3	000ffa6e
4ec53e7e	000ffa88
4ec6e17c	000ffa9c
4ec772d4	000ffae4
4eca4bf0	000ffb08
4ecaab11	000ffb3c
4eccdb36	000ffb64
4ece06f8	000ffba0
4ecfab87	000ffbc8
4ecfd714	000ffbde
4ed12dc5	000ffc04
4ed64cfb	000ffc4e
4ed73d0d	000ffc72
4ed77224	000ffc86
4ed87abe	000ffc9a
4ed9062c	000ffcbc
4ed94f94	000ffd06
4ed9ebd1	000ffd34
4eda8d29	000ffd78
4edb52b6	000ffda6
4edd0954	000ffdf6
4edd55bf	000ffe22
4eddc9d7	000ffe5e
4edea844	000ffea4
4ee23e48	00074984
4ee287ac	00074984
4ee2aed2	000ffec4
4ee51b0c	000ffef6
4ee54c36	000fff0e
4eeb753f	000fff28
4eecb37c	000fff44
4eee0e10	000fff70
4ef0221d	000fff9a
4ef070de	000fffda
4ef1ee3a	0010002a
4ef74e93	00100048
4efa9c84	001000b0
4efc5605	00100118
4f04f062	00100154
4f071536	00100182
4f0894ff	001001c4
4f0957f4	001001da
4f0ac6e9	00100214
4f0bf1eb	00100240
4f0cb29e	0010026a
4f0fc57a	001002d6
4f116d5c	001002ee
4f1174e9	00100316
4f13724e	00100340
4f138709	001003a4
4f16c02a	001003ce
4f172099	00100410
4f177236	00100432
4f189312	0010045c
4f1a1e8e	0010047e
4f1c7708	001004a0
4f1d539a	001004c2
4f2500bd	001004d8
4f276e79	0010052a
4f27cfe5	00100542
4f27e2d1	001005b4
4f2b23cd	00100602
4f2e4a88	00100638
4f2ec89c	0010066e
4f2fc850	001006bc
4f327166	001006fc
4f3641d0	00100722
4f365628	0010074a
4f38c494	00100786
4f393034	001007e2
4f397a58	0010080a
4f39e5c1	00100824
4f3c30f2	00100858
4f3d2879	001008d4
4f3d653e	00100920
4f3e1aca	0010094e
4f3e6632	0010097e
4f3ff40a	001009a8
4f4027cb	001009fc
4f40649e	001009fc
4f40b335	001009fc
4f4193f2	00100a18
4f42c109	00100a40
4f442e3c	00100a7e
4f44771b	00100aac
4f44c287	00100ad2
4f453433	00100b0e
4f47c8af	00100b3c
4f4895df	00100b7a
4f4952ca	00100baa
4f496e22	00100bca
4f4997c2	00100be6
4f4d7fd0	00100c26
4f4ebaf6	00100c48
4f502e2c	00100c72
4f506ca7	00100cc4
4f53826a	00100cf6
4f5382e2	00100d26
4f54597c	00100d44
4f55f39c	00100d72
4f58227a	000c50bc
4f584da0	00100d96
4f585942	00100dba
4f590be7	00100de0
4f59804d	00100e0e
4f5bdc78	00100e46
4f604660	00100e7c
4f61d414	00100e9c
4f62b264	00100ebc
4f64ec9c	00100ee2
4f64ece2	00100f42
4f6505f8	00100f7a
4f653261	00100f7a
4f6538e4	00100f7a
4f653c9d	00100f7a
4f654653	00073f7e
4f654fc0	00100f7a
4f6557d7	00100f7a
4f655cfb	00100f8a
4f656112	00100f7a
4f65b4f9	00100f7a
4f65c98a	00100f7a
4f65f392	00100fa0
4f66cd3c	00100fb2
4f698e8b	00101040
4f6eb901	0010108c
4f700246	001010b2
4f721d7b	001010f0
4f73ff94	00101108
4f7453f7	00101138
4f746745	00101160
4f7485ca	001011b6
4f750490	001011da
4f77704f	0010120a
4f77eb59	0010124a
4f78b20d	00101288
4f7a0a8d	001012d2
4f7b8f9e	001012f0
4f80cad4	00101336
4f84d5fe	0010137e
4f86e4d7	001013a2
4f890d84	0010143a
4f893e4b	00101470
4f89d7d2	00101488
4f8a8489	001014cc
4f8b0dfe	000b437c
4f8dd099	001014f2
4f8ddd32	001014f2
4f8e26d5	00101510
4f8fb197	00101548
4f945997	0010156a
4f97139c	0010158e
4f993cda	001015c8
4f9b5a9f	001015e4
4f9b8a54	00101622
4f9bb459	0010163e
4f9ecf1f	00101658
4fa0e072	0010168a
4fa2dd96	001016d8
4fa3a865	00101742
4fa471e9	0010177e
4fa609cb	00101790
4fa9ad76	001017ba
4fa9adcb	001017ba
4fab05ef	001017f4
4fab7e9a	00101810
4fadd7cb	0010183a
4fade563	0010186a
4fadfcc5	001018a8
4fae4ef9	001018da
4faef446	00101916
4faf0402	00101936
4faf1e4f	0010197c
4faf2f7e	00101996
4fb14377	001019bc
4fb16b3b	001019ee
4fb3be5b	00101a1c
4fb4ed9e	00101a5c
4fb59d4b	00101a74
4fb95a58	00101ae0
4fbb5718	00101af6
4fbb91fb	00101b1c
4fbc1518	00101b54
4fbdb499	00101b80
4fbf1ce0	00101b98
4fbfda7a	00101bde
4fc17a0b	00101c26
4fc1eb96	00101c44
4fc237c6	00101c94
4fc3a644	00101cbe
4fc5801f	00101ce2
4fc6cb82	00101cee
4fc94de7	00101d20
4fc9b3d9	00101d42
4fcbe98b	00101d74
4fcc140f	00101da6
4fcd30d5	00101de6
4fcdff5e	00101e28
4fcee97d	00101e78
4fcfe197	00101e96
4fd0cceb	00101eb2
4fd0df1d	00101ecc
4fd21df2	00101ee6
4fd43a02	00101f2a
4fd4fbba	00101f5e
4fd5c617	00101f96
4fd75369	00101fd2
4fd8d150	00101ff4
4fd8f41e	00102030
4fdb2e0d	0010207c
4fdbc596	001020a6
4fdc880a	001020f0
4fdc9d2d	0010212e
4fde8a48	00102158
4fdf5762	0010216e
4fe12490	00102192
4fe12b7c	001021ca
4fe55536	00102206
4fe63003	00102250
4fe632b3	00102272
4fe929ef	001022a4
4feab507	001022ee
4fec7420	0010232c
4fecb47e	0010234e
4fef6386	0010237c
4fefe1e0	001023d4
4ff11a69	001023f4
4ff325dd	00102472
4ff4fef6	001024a4
4ff54247	001024ce
4ff543ed	001024ce
4ff82ccd	0010250e
4ff943ea	0010251a
4ff9ee2b	0010255a
4ffad2f3	00102570
4ffc6972	001025aa
4ffd0173	001025aa
4ffd087b	001025c0
4ffd2f31	001025aa
4ffd345f	001025aa
4ffd3653	001025aa
4ffd378b	001025aa
4ffd3e58	001025aa
4ffd3f4c	001025aa
4ffd40fc	001025aa
4ffd435f	001025aa
4ffd4cf5	001025aa
4ffd4d8e	001025aa
4ffd4e0e	001025aa
4ffd5154	001025aa
4ffd56e5	001025aa
4ffd5e8f	001025aa
4ffd5eab	001025aa
4ffd649c	001025aa
4ffd67ec	001025aa
4ffd6c10	001025aa
4ffd6cbf	001025aa
4ffd6cdc	001025aa
4ffd6ec7	001025aa
4ffd6f32	001025aa
4ffd70e5	001025aa
4ffd73a6	001025aa
4ffd73e9	001025aa
4ffdb19d	001025aa
4ffdc0cc	001025da
4ffddb33	001025aa
4ffdfbd0	001025aa
4ffe8fc2	001025f8
4ffe9736	00102628
5000576d	0010264a
50005cd8	00102662
5000d81e	001026a4
5002dbd1	001026e6
5004c5ca	00102730
50061134	0010274e
50062882	0010276c
500a3441	0010279a
500ad282	001027ba
500e6bc4	001027f0
5011f7f2	00102850
5012ad17	00102868
50146296	00102888
50152a82	001028b0
5017375f	001028e6
50186b0e	00102922
5019d873	0010293e
5019f79c	00102970
501d63bd	00102996
501d7921	001029c4
501de2b2	001029ec
501fc3e1	00102a16
5021e2fc	00102a3e
50226ec0	00102a76
502281a3	00102aa0
502345c2	00102aca
5026e963	00102b0e
5028abb6	00102b2a
502921ed	00102b4e
502c4d7d	00102b86
502c5151	00102ba0
502e07e4	00102be8
502e6fed	00102c1c
502fdbef	00102c42
503056ce	00102c70
50306b31	00102c9a
50317475	00102cc6
5032ba43	00102d12
5032f326	00102d6a
50350221	00102d96
5035721d	00102de6
5035f830	00102dfa
5037a9d1	00102e22
50387fdb	00102e64
50398a29	00102e82
5039f4f3	00102eb8
503a0ee6	00102f1c
503a2c77	00102f34
503a3d03	00102f4a
503ae4dc	00102f60
503c0d59	00102f7c
503c2a55	00102f94
503e9fe0	00102fd6
50413764	00103012
50414b38	00103040
5043eed5	0010309a
504605f8	001030d8
50523ba9	001030fc
5054a3a1	00103114
50551444	00103164
5055f12e	001031b4
50571b55	0010320e
50574955	00103278
50583161	001032b0
505d1ae0	001032e4
505d602b	00103320
505d8499	0010333c
505ee8f3	00103356
5061d77c	0010336c
5065ffe0	001033b4
50665f7c	001033ea
5068b12a	00103424
506bbe80	0010344c
506f1666	001034b2
507192b3	001034f6
50720f2a	00103526
50723b21	00103554
50725970	00103578
50728f69	001035ba
5074143e	000f6dfe
50741c47	000f6dfe
507454ac	001035e0
5077e706	00103628
507876ac	00103698
5078d13b	001036c6
507c959f	001036e6
507d4212	00103710
507d8bba	0010374a
507e5d72	0010378c
507eb650	001037e6
50831538	0010380e
508ba099	00103832
509235cb	0010386e
5093f56a	001038a4
50964a31	001038cc
5096c16b	001038f8
509a3fbd	00103914
509bfde0	00103930
509d76a3	0010396e
509f5260	0010399e
509fcdbd	001039c6
509fd42d	001039e2
50a0d3bf	00103a1a
50a0ea7a	00103a52
50a431d9	00103a70
50a800bb	00103ac4
50ac2e10	00103b0e
50add3ee	00103b40
50ae9dd8	00103b7a
50b1baf3	00103bd0
50b2bd78	00103bf0
50b48091	00103c20
50b97b30	00103c3e
50bb6d07	00103cb6
50befe05	00103cd8
50bf909c	00103d0c
50bfd343	00103d5c
50c20d9f	00103d9a
50c48ad7	00103dbc
50c52399	00103df2
50c70251	00103e16
50c8f937	00103e3c
50cb0aca	00103e6a
50cb286f	00103ed8
50ce9cb1	00103f34
50d22f10	00103f6e
50d2ae99	00103f94
50d46451	00103fd4
50d77c68	00104000
50d8c773	00104054
50d92039	0010407e
50da4075	001040c6
50db3000	001040fe
50dc7438	0010411c
50de498c	00104176
50dfc531	00104190
50e205ae	001041fe
50e2d048	00104224
50e78310	0010426a
50eb0ad1	001042a6
50efd96f	001042d0
50f069cb	001042fc
50f286a5	00104328
50f36be8	00104374
50f38ee4	00104398
50f768a8	001043f0
50fa259f	0010442c
50fd4f95	00104452
50ff20b0	00104484
50ff4ec1	001044c2
5100462a	00104508
5100cd2f	00104526
51019c0d	00104550
510340de	00104578
51036258	00104578
51071df0	0010458c
510a8d5f	001045a2
510d5a93	00104618
51126b79	00104644
5115e531	00104670
511696c9	00104692
5116a65d	001046ce
511903e5	00104706
511adb11	00104742
511d743f	0010479a
511db616	001047bc
511e7cab	001047f4
511f2d6f	00104836
511f873b	0010486c
511fc239	00104880
512181a6	001048b8
5122b949	001048de
5124fa7e	0010490e
51258037	00104954
51260407	00104970
51275a2e	001049ae
5127bcb7	001049fe
512864ce	00104a2a
512b753d	00104a5e
512cb76a	00104a8e
512e473e	00104af2
5133dae0	00104b14
5133ed00	00104b2c
5134c6e2	00104b58
51358406	00104b78
5136a29b	00104b96
5137db55	00104bc8
5139abe5	00104c0c
5139e439	00104c24
513a19c1	00104c4a
513e8840	00104c5e
513ed8be	00104c78
513f8693	00104cae
514217c1	00104ce2
51424cd2	00104cf8
514255a0	00104cf8
5142b941	00104ce2
5142ccab	00104d10
5143334c	00104ce2
5144caca	00104d74
51460a48	00104da0
514ef3f3	00104dfc
514f87d6	00104e38
5150881c	00104ea4
5152b275	00104efa
515436fc	00104f0c
515538d4	00104f3c
51564e54	00104f7e
5157d6fc	00104f9e
5157fe9f	00104fe0
5159f6ca	00105028
515a1887	00105044
515d0597	001050ba
51616f78	001050f4
516170be	00105144
5162a0e4	001051a0
51630b34	001051be
51639767	00105200
5165c243	00105216
51695e06	00105250
5169f728	00105298
516a66ff	001052c8
516aa61c	0010531a
516b972e	00105364
516c3b6c	001053b2
516ffc3f	001053da
51708169	001053fa
51713c0e	0010542e
5172d7fe	00105466
51734e24	00105486
5174020f	001054b2
51753a02	001054da
5175c531	001054f8
51778c7a	00105524
5177921c	00105524
5177a45b	00105524
5177adc9	00105524
5177b11d	00105524
5177bfd0	00105524
5177c34d	00105524
5177e1e5	00105524
5177f6ec	00105524
51780701	0010553a
51791f40	0010558c
51794d66	001055c2
51799f95	001055fe
5179d1ad	00105652
5179f1c9	00105680
517bb398	00105694
517bf59e	00105702
517d177d	0010578a
517d4ccd	001057c2
517e0441	0010580c
517e36eb	00105850
517eedab	0010589e
517f068d	001058ba
517f5ec7	001058f8
5180c178	0010594a
5181b392	00105978
51823c12	001059be
5184f7c8	00105a0e
51867533	00105a30
51872d9b	00105a74
51877e42	00105a90
5187cdda	00105ac6
51887ef4	00105b0c
51889afd	00105b2a
51894e6a	00105b6c
51899d3c	00105b96
5189b077	00105bbe
5189c7ce	00105bea
518ab65a	00105c1c
518caa41	00105c56
518d8b4d	00105c86
518e7fa6	00105cb4
51929119	00105cea
5194ff8c	00105d20
519531b0	00105d3e
5195a26d	00105d86
51969643	00105dcc
51969f27	00105dfc
51977e51	00105e18
51998c77	00105e38
519d9b1e	00105e52
519ef1af	00105e7a
51a020e3	00105eb0
51a075a7	00105efc
51a08c3f	00105efc
51a0dda6	00105f16
51a343c5	00105f5a
51a5a684	00105f74
51a6a815	00105f94
51a9a67f	00105fde
51a9c432	0010600e
51ab1903	00106054
51abcc7c	001060ae
51acb3df	001060dc
51aef263	0010610a
51af4241	00106130
51b01b32	00106168
51b0ce30	00106190
51b0e542	001061fc
51b113e7	0010623c
51b3de26	0010628c
51b46cd7	00106326
51b5dbf0	00106346
51b92439	00106374
51b9d731	001063b4
51bac2d3	001063de
51bb4365	00106404
51bb74a5	00106478
51bbe964	00106498
51bc0808	001064b8
51bd79c4	001064f4
51bf8852	00106510
51bfc777	0010652e
51c16d75	0010657c
51c26295	001065a6
51c380b4	001065d6
51c41445	00106602
51c904b5	00106646
51c9517a	00106688
51cca688	001066ac
51cd603a	001066d6
51cd6594	0010671c
51cdb0b0	00106754
51cffbb8	00106794
51d0b739	001067ca
51d41978	0010682e
51d71f42	0010685e
51d73b0a	001068a4
51d96764	001068bc
51dc27bb	001068f8
51dc3ce4	00106930
51dc48c1	00106946
51e0e69c	0010697e
51e0e7b4	001069a2
51e24914	001069ca
51e31302	001069f2
51e40a67	00106a14
51e616d8	00106a34
51e6ba93	00106a54
51e72da3	00106a96
51e7bddc	00106ae6
51ea3442	00106afc
51ec6308	00106b24
51ecfad6	000f263c
51ee1c67	00106b54
51ee741f	00106b80
51ef4637	00106ba0
51ef642d	00106bb4
51f3a729	00106bf2
51f650ca	00106c62
51f80712	00106c92
51fb7da0	00106cba
51fe9494	00106cd2
51ff36f7	00106d04
52007285	00106d24
52063f40	00106d3e
5207dcff	00106d56
5208207d	00106da6
520aa68a	00106dc8
520c541d	00106de6
520d71d6	00106e58
520def45	00106ea2
520e0bfc	00106f00
5217a98d	00106f3c
5218027d	00106f5a
5218f5b2	00106f8a
521ce105	00106fc0
52200a3c	00106fec
522235d8	00107004
5226850f	0010704a
52286741	0010708c
52294810	001070b2
522a68fe	001070e0
522c54c7	00107116
522dde8a	0010713c
522e53d9	00107156
522f50c8	00107176
522f5289	00107190
522fd1d7	001071aa
52318b76	001071f4
5234407a	00107212
52350a18	0010726a
5235a10c	001072a4
52362910	001072d4
523646af	00107310
52380c92	00107332
5239a64b	0010735a
523ab03c	00107370
523b61ae	00107406
523b7999	00107422
523e44f0	00107468
523fed9a	001074d8
52408fd9	0010750e
5244487b	00107544
5248fe1a	0010759e
524a0196	001075d2
524a51ce	0010761e
524b3291	00107642
524c37f1	00107686
524fe564	001076aa
52506f40	001076d4
52521b18	00107708
5253dc51	0010774e
5254026d	0010778c
52576c86	001077a8
525d0ea3	001077c6
525ed8a2	001077f4
525f18b7	00107808
5261c2da	00107854
52631701	00107892
5263a595	00069f5c
5263bc6d	001078ee
5263d331	00107916
5263fe0a	0010792c
52645375	00107946
526735a9	00107970
52678a8e	001079b0
526a9ddc	001079ec
526da24f	00107a04
52750d03	00107a2a
52765235	00107a72
5276e009	00107ad0
5277a490	00107b08
52789524	00107b2c
527baca4	00107b68
52802faa	00107b9e
52804a05	00107bd0
5280e2f9	00107bf2
52811930	00107c2a
52844177	00107c5c
52855657	00107c8a
52858bc9	00107ca2
5285a426	00107cc6
528630a7	00107ce2
5289dc1a	00107d0c
528a06a4	00107d56
528c4098	00107d82
528d7624	00107ddc
528e9458	00107df4
528f4f5d	00107e2a
52919e93	00107e82
5295b0b9	00107eea
5296b8e7	00107f16
5297562c	00107f3a
529a2345	00107f4c
529dc6bf	00107f66
52a2f90d	00107fde
52a4948c	00107fee
52a894a9	00108026
52a8ce80	00108068
52a9d708	001080b0
52a9e40f	001080d6
52aa0476	00108104
52aced7c	00108128
52ae95bb	0010818c
52aee9b0	001081b2
52b2f0ac	0010820c
52b306a6	0010822e
52b41f7d	0010825a
52b46de4	001082ba
52b47f47	001082e2
52b6289e	00108316
52b67f3b	00108374
52b9d836	001083a2
52bc3557	001083ca
52bea709	0010841a
52c09e10	00108440
52c3cf23	00108474
52c3d91b	00108494
52c4e5d2	001084ce
52c54b0c	001084e8
52c65df4	00108520
52c7355d	0010856c
52c7656e	0010859c
52c7dc4b	001085be
52c81e05	001085f6
52ca305f	0010864c
52cb4cc4	0010867a
52cd8d0e	001086a4
52cdd488	001086c0
52cdffa6	001086e6
52d20884	0010872a
52d6cc05	00108762
52d89b36	00108786
52da40da	001087be
52db594c	001087e4
52dc737b	00108800
52dcd36d	00108822
52dcd5a4	00108842
52dce485	0010889e
52de4cdb	001088cc
52e1995c	001088fe
52e25197	00108942
52e37921	0010898a
52e3e1e4	001089ac
52e76f32	001089cc
52e86953	001089e0
52e91815	00108a0a
52eb2abd	00108a42
52eb6799	00108a6e
52f079b5	00108aba
52f0a734	00108ae4
52f10f82	00108b12
52f1d470	0006d616
52f5287b	00108b58
52f5702f	00108b9a
52f5be5a	00108bdc
52f7bafd	00108c00
52fbca80	00108c2a
52fe5cd3	00108c58
52fec496	00108c88
5300def9	00108cce
53010af5	00108ce4
5301c68b	00108d04
530433e2	00108d48
53054d7d	00108d7c
5309172a	00108dd0
5309b1b0	00105efc
5309e4dd	00108de8
530c701e	00108e16
530d1bd2	00108e4c
531253ed	00108e68
5316751a	00108e9c
531adb4b	00108ebc
531b49d2	00108ee2
531c9070	00108f2e
531d0c6e	00108f5a
5321f4b7	00108f92
53263dea	00108fd6
53265a6d	00108ffc
532665d4	00109022
5326bcf9	00109048
532786f3	00109080
5327da14	00109080
5327f4ed	00109080
5328a664	00109096
5329efd9	001090c4
5329f74d	001090d0
532c23a4	001090e6
532c303b	00109122
532d4f52	0010913c
532f9b9a	001091a0
5333cd0b	001091c8
5333ddf7	001091de
5335cb3f	00109206
53360493	00109230
533977f2	00109278
5339a9db	00109292
533b59de	001092b8
533c956c	0010930c
533da232	0010932a
5340ced5	00109344
5343a034	0010937c
5345856e	001093d4
5345b9e7	0010943c
5347514d	00109472
53475bcd	00109504
534d7c8e	00109542
534dd85c	00109574
534e6aa5	001095a0
534f22bf	001095da
5351f093	0010960a
53548e1f	00109626
5355bb62	00109660
5357b3ff	00109680
5357bc3d	001096a2
535ac4bb	001096cc
535e2d81	0010970c
535eeb47	00109748
5361da6a	00109774
53622e21	001097ba
53625908	001097e4
53667378	00109808
5368825d	00109832
536c187e	00109850
536ec3c0	00109880
53718c06	001098de
53719d04	001098de
53727926	001098f4
5374085e	0010991e
5375b2f4	0010993a
53769ba8	0010996c
53781cb5	00109996
537df7de	001099ea
537e74c3	00109a12
5381454c	00109a3a
5381519b	00109a60
53836237	00109a98
5385a49b	00109aec
5386a9c0	00109b30
538a755e	00109b72
53904c77	00109b94
53924e78	00109ba6
53938f34	00109be2
53957227	00109bfa
53982953	00109c18
5399400d	00109c66
539f1819	00109c9e
53a27a0b	00109ccc
53a3c15a	00109cf0
53a3e933	00109d54
53a5f51a	00109db4
53a604b9	00109dee
53a7d306	00109e04
53a89d5b	00109e3a
53a8f0cd	00109e52
53ac1440	00109e70
53ad4323	00109e9a
53ae821b	00109eae
53b0a080	00109ef2
53b0dada	00109f1c
53b6ed8f	00109f4e
53b7652f	00109f7c
53bdfe55	00109f9c
53bff972	00109fe8
53c22055	0010a014
53c2312b	0010a03c
53c41049	0010a0a0
53c5deb1	0010a0c0
53c6f2e4	0010a10c
53c7af1b	0010a120
53c83737	0010a148
53cb1b0e	0010a16e
53cb7353	0010a1ac
53cd7020	0010a1d6
53d00d1c	0010a226
53d1035f	0010a24a
53d1fc7a	0010a276
53d26aa7	0010a2a6
53d31431	0010a2e2
53d3c881	0010a308
53d53484	0010a336
53d69936	0010a348
53d78740	0010a37c
53d8009d	0010a3c0
53daf4a7	0010a3e0
53dc0fb0	0010a40c
53dd6ef7	0010a470
53dd9345	0010a492
53e08c58	0010a4cc
53e0f129	0010a4f8
53e134d6	0010a526
53e20991	0010a54c
53e28148	0010a57c
53e6bde4	0010a5bc
53e8d45d	0010a60a
53e95040	0010a662
53f15c8d	0010a6c8
53f17da9	0010a6f4
53f1e2a6	0010a720
53f33734	0010a764
53f56788	0010a78a
53fa043e	0010a7ca
53fa59a5	0010a7ee
53fc6ac1	0010a838
53fcd613	0010a862
53fd19e0	0010a892
53fffdc1	0010a8ca
54025eff	0010a8fe
5402f8b0	0010a950
54031252	0010a990
540407cf	0010a9a4
5405e3f7	0010a9e6
5406b1ad	0010aa10
54080e8f	0010aa28
54097bf1	0010aa54
540c07da	0010aa7e
540cda5d	0010aab2
540dc876	0010ab08
540dd467	0010ab32
5410bce6	0010abbc
5411d774	0010abe2
54120682	0010ac1c
5413eee2	0010ac38
541513e9	0010ac4e
541702ac	0005ce62
54175ea2	0005ce62
54183d2e	0010acb8
5419baf9	0010acdc
541c462b	0010ad02
541df0a1	0010ad54
541e4c59	0010ad6c
541e5e4c	0010adac
541e7970	0010ad6c
541ff2d5	0010add4
5420158a	0010adfe
54207659	0010ae60
542089f4	0010ae90
54208b9c	000f58da
5420a4b2	000bb386
5420a921	0010aea4
5420af96	000bb386
5420ffc4	0010aef6
54212168	0010af4e
542153c7	0010af84
5421f126	0010afac
54229c4c	0010afda
5423892d	0010b022
5425b34c	0010b044
54272cc5	0010b06e
5427bbba	0010b088
5427eaf4	0010b0b8
5429fc0c	0010b0ea
542b299d	0010b118
542cc9b2	0010b136
542d5997	0010b168
542f08fb	0010b194
54325f2d	0010b1ec
54338890	0010b20e
543490a3	0010b230
54356e46	0010b26a
5435ed39	0010b288
5438c624	0010b2b2
543a7123	0010b2de
543ba383	0010b304
543c37c4	0010b34a
543da882	0010b38a
543de838	0010b3a4
543fd210	0010b3ce
54420952	0010b41c
5445416e	0010b454
5445618d	0010b482
544649e7	0010b4ac
5449464e	0010b4c8
54498253	0010b520
544affa7	0010b54e
544cc272	0010b59c
544e091e	0010b5f0
54502395	0010b614
54512fe5	0010b634
5452282b	0010b66a
545239d6	0010b6a0
5454f1c3	0010b6c4
54554e23	0010b6e4
54556080	0007fd0a
54557746	0010b702
54586225	0010b726
545af00f	0010b780
545c67f4	0010b7c4
545cf5ba	0010b7ee
545da003	0010b814
54608c94	0010b85c
546351de	0010b88a
5463ea9c	0010b8b8
54645605	0010b8e0
54649ece	0010b90a
5467d528	0010b982
54698154	0010b9a8
546a00e7	0010ba0e
546bbf27	0010ba3c
546bebc3	0010ba56
546ce3fd	0010ba9a
546e7041	0010baf0
54713df1	0010bb0a
54732fd3	0010bb24
5476ccaa	0010bb4a
54772b82	0010bb7a
5479b304	0010bbc4
547bc4f7	0010bbfe
547bd86f	0010bbfe
547c8d4a	0010bc5e
547e3967	0010bc7a
54806241	0010bca6
5480d1e2	0010bcf4
5482628f	0010bd20
548351df	0010bd4c
548389be	0010bd7a
548b3f31	0010bdc0
548bb68d	0010bdf0
548ccdc4	0010be3e
548d7b07	0010be8e
548e9ef4	0010bebc
54904a3c	0010bef0
54906ac3	0010bf30
5490f0d7	0010bf98
54927dd9	0010bfc4
5493c0a0	0010bff6
54965f2c	0010c036
549ce4b7	0010c060
549d5e02	0010c08e
54a590f5	0010c0c4
54a85739	0010c10a
54a8c69b	0010c124
54a92acc	0010c15c
54aa50d2	0010c188
54ab9c1c	0010c1ca
54afc29f	0010c1fc
54b0e077	0010c246
54b2996d	0010c274
54b2a973	0010c29e
54b2eef2	0010c2c2
54b3dec4	0010c2f8
54b50f19	0010c328
54b5f246	0010c398
54b61e4a	0010c3ae
54b6d4fd	0010c408
54ba51ff	0010c43a
54bab273	0010c466
54bc1c2c	0010c4ac
54bf8b19	0010c4cc
54bfc9e8	0010c4fe
54c3d903	0010c530
54c42a86	0010c548
54c484c1	0010c57a
54c6a80f	0010c5a8
54c8f0f8	0010c5e6
54cd2d70	0010c616
54cd7045	0010c646
54cddfc5	0010c670
54cef29d	0010c68e
54cf715f	0010c6d4
54d1d1d7	0010c720
54d1d3fa	0010c748
54d357af	0010c782
54d6a0bb	0010c7aa
54d7168b	0010c7e2
54d76f60	0010c80c
54da0435	0010c860
54dbf518	0010c8b4
54ddceb5	0010c8ee
54e2884c	0010c934
54e3778d	0010c958
54e41ec7	0010c97c
54e9b9f5	0010c9c8
54eafb68	0010c9e8
54eb6a4a	0010ca28
54eca3be	0010ca3e
54edc2f0	0010ca66
54ee524d	0010caac
54eed8f8	0010cade
54f079d4	0010cb04
54f20114	0010cb3a
54f5f3f2	0010cb4e
54f76764	0010cb8c
54fa0f72	0010cbba
54fb4a83	0010cbe8
54fb5637	0010cc24
54fb637b	0010cc4e
54fb9ff7	0010cc7e
54fbd2a4	0010ccc8
54fc702e	0010cd12
54fcb446	0010cd34
55001195	0010cd52
55001fec	0010cd52
550084a8	0010cd92
5500ef1d	0010cdf8
550145e0	0010ce30
5501bd58	0010ce56
55025b19	0010ce70
55027b62	0010ce98
550458ae	0010cec6
550657f9	0010cef0
55066c7c	000d5000
550687b2	000d5000
5506b5ce	000d5000
5506b66f	000d5000
5506db90	000d5000
5506f482	000d5000
5506f561	000d5000
5506f788	000d5000
5506fdd8	000d5000
5506fdfc	000d5000
55092b5e	0010cf0e
5509b7ce	0010cf3a
550abbaf	0010cf66
550adb60	0010cf8e
550cb2a6	0010cfb8
550f7a93	0010cfde
550fef39	0010d03a
5510e693	0010d07e
5511f49a	0010d0ae
55137971	0010d0d4
551546ea	0010d0fa
55163257	0010d13e
55169410	0010d174
55170741	0010d18e
5518714e	0010d1c2
551a5cc6	0010d1fc
551b550b	0010d226
551ca8ab	0010d27a
551cc4df	0010d2b6
551d296e	0010d2e4
551e4dd7	0010d304
551fa927	0010d322
552471d3	0010d340
5524b674	0010d358
5524fc77	0010d37a
552503bc	0010d392
55253775	0010d3c4
55296c08	0010d3e4
552e9052	0010d406
552f786f	0010d428
55311580	0010d464
553316fa	0010d498
553352b7	0010d4ba
5535077a	0010d4dc
55359dd0	0010d50e
5535de51	0010d52a
553fe22c	0010d53c
5540e4da	0010d574
554237bd	0010d5b2
5543d360	0010d5d6
554434fd	0010d5f8
55452489	0010d614
554841b8	0010d65a
554b5506	0010d694
554d0891	0010d6cc
5550cbaf	0010d6f8
555285ec	0010d71a
5553910d	0010d738
55559cb6	0010d764
5555baaf	0010d786
5559d112	0010d7b2
555db79e	0010d800
555f065b	0010d830
555f53b9	0010d858
5560c3d0	0010d890
55615828	0010d8c0
5563e2d5	0010d90e
5563f19d	0010d924
5563fa99	0010d90e
5568287e	0010d93e
55697d29	0010d96a
556bdeb1	0010d98e
556bf4fd	0010d9de
556db532	0010da38
556f9cdc	0010da6a
55753caa	0010daa6
55769fa5	0010dac8
55773ca0	0010db04
5577b3c7	0010db44
55784c21	0010db5a
557ea154	0010db7c
557f8c88	0010db9c
55822c34	0010dbca
55844b15	0010dbfe
5586b703	0010dc20
5589e317	0010dc5a
558e93b7	0010dc90
55911600	0010dcc2
5594e1ea	0010dcf8
55963a25	0010dd2c
5597ae64	000867c4
55997d6c	0010dd5a
5599c5d5	0010dd88
559d794d	0010dda4
559e6093	0010ddca
559ea4db	0010de00
559f832a	0010de4e
55a1c900	0010de6a
55a35428	0010dea4
55a531ff	0010def0
55a64159	0010df26
55a72fa6	0010df40
55a8d68e	0010df7e
55a8f080	0010df92
55a94ebf	0010dfce
55ab0d67	0010e01e
55ac427c	0010e042
55acbed0	0010e062
55ad2c29	0010e0a0
55b21cd7	0010e106
55b45921	0010e152
55b467eb	0010e174
55b52c93	0010e1e0
55b5a1a9	0010e222
55bb07cb	0010e232
55bcc99d	0010e254
55bdd963	0010e288
55c0b652	0010e2b2
55c12939	0010e2dc
55c3143f	0010e2f6
55c408f3	0010e328
55c63af9	0010e378
55c75289	0010e39a
55c89bee	0010e3e8
55c8a205	0010e3e8
55c94808	0010e408
55caba55	0010e424
55cc2331	0010e448
55cc8525	0010e478
55ccdaca	0010e4b4
55cd3218	0010e4e4
55ceabc5	0010e516
55cf9792	0010e572
55d26a8c	0010e5be
55d79407	0010e5ee
55d9874c	0010e616
55d98bc8	0010e640
55dca104	0010e66a
55dd4a83	0010e690
55e0c0c3	0010e6ba
55e12487	0010e72e
55e1564d	0010e79a
55e208e0	0010e7c6
55e232e7	0010e7e8
55e2943d	0010e816
55e315cb	0010e850
55e3178c	0010e850
55e37b1d	0010e874
55e44ba6	0010e89e
55e49baf	0010e8da
55e5c4db	0010e8f4
55e83350	0010e91e
55e96efe	0010e94a
55ea3e76	0010e970
55ea40e7	0010e98c
55ed5220	0010e9c8
55edc673	0010e9f0
55ee47ac	0010ea26
55efd616	0010ea3c
55f042da	0010ea62
55f1694b	0010ea84
55f207cd	0010eac4
55f30552	0010ead8
55f6b7c4	0010eb0a
55fa3351	0010eb46
55faef0b	0010eb8a
55fdf9a3	0010ebd6
5601a9bf	0010ebfa
5602606a	0010ec1c
56043d84	0010ec54
56046999	0010ecb4
560553a1	0010ecf8
5605d074	0010ed2c
5607babc	0010ed4a
5608b50a	0010ed9e
5608f483	0010edfc
560a7c04	0010ee2c
560c762d	0010ee9c
560c89c6	0010eecc
560e6b27	0010eeee
560f3f84	0010ef16
56113c48	0010ef4e
56122af0	0010ef6c
5612640c	0010ef96
5614f475	0010efb6
56169bfa	0010eff4
56178d7c	0010f010
561849ca	0010f05e
5619716b	0010f098
561a471c	0010f0c8
561d61c6	0010f0fa
561dcd3d	0010f116
561edc7d	0010f146
561fcd1e	0010f178
56200785	0010f1ce
562103ad	0010f1e6
56214d74	0010f22a
56220421	0010f26c
56239b9a	0010f296
56251d93	000e6ca4
56253735	00104b78
562551bb	0010f2d0
56255ad4	000f94c8
5625634d	0010f30e
56284a1b	0010f350
56285854	0010f3b0
5628f374	0010f3ce
562a5505	0010f3fe
562b4b9e	0010f43a
562bc0c6	0010f486
562ce1fe	0010f4b2
562dfaff	0010f4d2
56322b78	0010f4f4
5632d0d5	0010f51c
563371a7	0010f586
56338e4d	0010f5be
5633fa09	0010f618
5634b405	0010f634
56368489	0010f6a0
56378a2e	00104c4a
5637a6dd	0010f6c4
5637baa7	0010f702
5638d82f	0010f714
5639a565	0010f748
563b8497	0010f766
563bfe71	0010f798
563d1260	0010f7e2
563d1eff	0010f7fc
563d1f61	0010f816
563d21bf	0010f7fc
563d484c	0010f830
563d92d4	0010f7fc
563fcfd8	0010f848
56404137	0010f87e
5641d793	0010f8a2
56420507	0010f8e4
56420e77	0010f91a
5643d6fd	0010f96e
5643f1ae	0010f9b8
56476de7	0010fa16
5648d84b	0010fa62
56498043	0010faf8
564ae203	0010fb1c
564afd6f	0010fb4e
564b6cb4	0010fb8c
564b7996	0010fb8c
564bc7c5	0010fbaa
564d5b25	0010fbd6
56509e06	0010fbfa
56513f46	0010fc56
5651a278	0010fc88
56524545	0010fcee
565287bf	0010fd14
5655db65	0010fd38
5655ff30	0010fd6e
5658eda0	0010fdb4
5659c054	0010fdfa
565eaba3	0010fe2a
565f0aba	0010fe48
56605ac8	0010fe6a
5660f113	0010fe82
5662c718	0010fea4
5665fe6f	0010fecc
56665282	0010ff1e
56686125	0010ff40
5669096c	0010ff68
5669bbb3	0010ff90
566cb0de	00110008
566e4d43	0011004c
566f4af0	00110094
566fea29	001100c4
56715016	001100e0
56722e6b	00110108
56724f3e	00110136
56727594	00110168
5679110a	00110180
567b4d4b	001101ca
567bab39	001101f4
5680e30e	00110216
5686cbb7	00110248
56878171	00110280
5687c84f	001102d8
56894e42	001102fa
5689515b	00110356
568a5092	0011038e
568cf141	001103bc
568df15b	001103de
568e21b6	000dea16
568e23ed	000dea16
568e315f	000dea16
5694ceb1	00110408
5695dd06	00110432
569b1946	00110488
569eedd6	001104d4
569f6b5a	00110510
56a059d9	00110538
56a12aff	0011058c
56a1834e	001105ba
56a19edb	001105f0
56a2b212	0011062e
56a300d1	00110666
56a42e1d	00110690
56a437c6	001106d4
56a4c199	00110708
56a82bbc	00110724
56aa6ddd	0011075a
56ac98e6	0011077a
56ad733b	00110790
56b02a38	001107bc
56b05033	001107dc
56b43a3e	00110828
56b44b0c	00110850
56b49667	0011087a
56b92023	001108b6
56ba6543	001108d6
56bb37e1	001108f2
56bca5ec	0011093a
56bd4de2	00110984
56bf0d1f	001109c6
56bf48f3	00110a34
56c068d9	00110aa4
56c1d8c0	00110aba
56c26c8a	00110ae8
56c471d2	00110b26
56c5bbf9	00110b56
56c67a40	00110bbe
56c86e9a	00110bfe
56c990e3	00110c3e
56cbf571	00110c60
56cce79b	00110cb4
56d1f06c	00110d10
56d22244	00110d36
56d2282f	00110d50
56d23554	00110d6e
56d59691	00110dde
56d5e3dd	00110e32
56d60f25	00110e50
56d67734	00110e64
56d89c8c	00110e7a
56dce08b	00110e96
56dfaf57	00110eea
56e013f2	00110f0c
56e1c693	00110f48
56e53862	00110f8c
56e5dfbc	00110fc2
56e85f84	00110ff2
56e90017	00111012
56e92d2b	00111058
56e9a58d	0011107e
56eb1781	0011109c
56f14d8e	001110ea
56f215c4	0011113e
56f250eb	0011117a
56f26d01	0011119a
56f41257	001111d2
56f4e5e2	00111204
56f5a700	0011122c
56f5d980	00111250
56f6a6db	0011129e
56fa401f	001112c4
56fa46e1	001112fc
5700a9cb	0011132e
5701ddb8	0011139c
5702dbbe	001113de
57042696	0011140c
570a55fb	00111486
570b664b	001114a6
570b8fa6	001114ec
570c2acf	0011154c
570ccb0c	00111566
570e3ef7	00111598
570ed2f1	001115c8
57120604	0011161a
57162eb9	00111688
5716938c	001116be
571b5ca9	00111716
571ffb8b	00111736
57207165	00111768
57207ed2	0011177e
57216012	001117c6
5722287b	001117e6
57236ddd	00111828
5724d534	0011183e
572508ae	0011186a
572864cb	001118a8
572b5bfe	001118c4
572c870b	00111916
572ce399	00111958
573398bf	0011198c
5735a26c	001119e8
573b4766	00111a1a
573cc481	00111a40
573d72bd	00111a56
57406170	00111a7c
57409bef	00111aa2
5743f52f	00111ad4
57457ab8	00111b18
574a7631	00111b3e
57507760	00111b66
57512603	00111b8c
57521a4c	00111bac
57554767	00111bce
5755e062	00111bf2
575745f8	00111c26
57581649	00111c62
57596939	00111c88
575a1503	00111cc4
575a4b18	00111cf0
575aafea	00111d34
575bab2c	00111d66
575cac4a	00111d7a
575cb3f4	00111da8
5760ea34	00111dfc
57610a23	00111e3c
57623352	00111e5e
5762b657	00111e72
57634d81	00111eba
5764676b	00111f06
5764c599	00111f2c
5764e7a9	00111f76
5764facb	00111f94
57663af6	00111fe2
57664a58	00112030
576721de	0011206a
57683997	001120ac
57700fc7	001120f2
57704b11	00112132
5770fbf0	00112156
57719382	0011216a
57723a5e	0011219a
5773ef33	001121e4
5773f84f	00112200
57746bad	0011221e
57756d82	00112260
5775be88	00112286
57762e55	001122c6
5776c32e	001122ec
57778fb6	00112314
577abbfb	0011235e
577b620f	001123a0
57809b00	001123c6
57832f1c	00112410
5783b993	00112450
578462e2	00112470
5784b64e	0011248e
57853a37	001124b8
5785c655	001124ea
5786088e	00112518
578868d4	0011254c
578b5dc1	0011258a
578cc1bb	001125a8
5791f027	001125c2
5792bdff	00112612
57933f54	0011264a
579408be	00112666
57954cc0	001126ac
5795b694	001126dc
5795bc8c	00112710
5795d9aa	00112738
57972c40	0011275a
5798488d	00112786
57987a91	0011279c
579aa422	001127b2
579b00fa	00112806
579b89c4	00112806
579ea77e	00112846
579eef64	00112860
57a0cdb3	00101470
57a39932	00112896
57a5d77c	001128ae
57a61768	001128e2
57a833db	0011295a
57a8ab45	001129c8
57a8c961	001129fc
57afb2f2	00112a1a
57b05c69	00112a64
57b18609	00112a86
57b256c1	00112aaa
57b2d066	00112ac8
57b547f6	00112aea
57b57626	00112b16
57b90e71	00112b30
57bbc99c	00112bb2
57bf51d2	00112bca
57c729e0	00112bee
57c8b8cd	00112c78
57c99ee5	00112cbc
57ce9c36	00112cde
57cf6cdf	00112d1c
57d2bfa5	00112d4c
57d477bd	00112d80
57d764eb	00112daa
57d8ad55	00112dc8
57dba994	00112dfa
57df20ef	00112e20
57dfb6ab	00112e70
57e02cc2	00112e98
57e0e1db	00112ec8
57e1544f	00112ef2
57e20079	00112f22
57e2673c	00112f64
57e2fc2f	00112f80
57e73b68	00112fac
57e8b405	00112fd0
57e968d1	00112fea
57ea3024	0011301a
57eb89ad	0011303c
57eca677	0011305c
57ed13b2	001130c4
57ee5f3f	001130fe
57eea2e4	00113146
57eedd79	0011315a
57eef0aa	001131b0
57ef0b5b	001131d8
57ef16ec	00113238
57f07419	0011325a
57f0ca0c	001132b0
57f19217	001132de
57f197ec	00113304
57f258c7	0011333e
57f5a5f2	00113370
57f5ee9d	0011338a
57f95b35	001133c6
57fa2576	001133f6
57fa75f2	0011341a
57fd124f	00113436
5800c34b	00113466
58068ef3	001134c0
58078d7d	00113500
5808be73	0011354e
5809e24f	001135a8
580baf85	001135ce
580eaec3	001135fc
580eb5f3	00113620
580ebaf1	0011365c
580f2703	00113670
580f8fbd	001136bc
580f929f	0011370e
58120892	00113750
58123a13	00113774
58124a9b	00113798
5812f96b	001137be
5817ba12	001137ea
581a8fee	00113804
581aecef	00113850
581c9fa0	00113864
581e729f	00113882
58211ead	001138b4
5821f998	001138f8
582b027c	0011394c
582d1010	00113982
582dae51	001139a6
582e004f	001139ca
582e1268	001139ca
582e2ea9	001139ca
582e6b7a	001139ca
582e76b7	001139e0
582f066b	00113a10
582fa0ed	00113a5c
583049da	00113aa8
5830dfe5	00113ade
5835f8a8	00113afc
58368e1f	00113b1a
5836d335	00113b40
58373d8d	00113b8c
583771cb	00113bd0
5837c6ca	00113bf4
5838a2c1	00113c1c
583bdff4	00113c5c
583d032a	00113c74
583e63bb	00113cf2
583e6768	00113d22
583e8a0f	00113d5e
583eac21	00113d5e
583ead17	00113d5e
583eb170	00113d5e
583efcb8	00113d5e
583efd1a	00113d5e
583f7a4d	00113d70
5840975d	00113d90
5842435f	00113dbc
5842a1c6	00113dea
584315a3	00113e1a
58448277	00113e40
5845b824	00113e76
5845f265	00113ebc
584b6e60	00113f14
584f5865	00113f54
584fac70	00113f86
5850dabc	00113fb4
58522894	00113fd2
585259a9	00114012
585443cd	00114052
58551dd3	0011408e
585887ab	001140b0
5859b050	00114116
585acca5	0011417c
585b9cac	001141a6
585de527	001141ec
585f65d3	00114240
585fa55b	0011425c
58610325	00114296
58673f82	001142ae
58680c94	00114314
586928a3	0011434c
586a24df	0011437e
586dfe6b	001143ae
586edca6	001143cc
586f503d	001143f0
58701ba1	0011441c
58717203	0011444e
5871bacf	0011449c
5871d076	001144f6
5874e1a5	0011453e
5874f6ea	00114558
5875bd4e	0011459e
587730dd	001145c0
5877609d	001145ec
587805ed	00114606
5878bd16	00114620
58798aa7	00114652
587a32e4	00114684
587b49b8	001146de
587c3b31	001146fa
587c5463	00114758
587f4124	00114784
58805cfd	001147b2
588318b6	001147cc
588496d1	001147fe
5887516f	00114830
5888bd7c	0011487a
588a99a4	001148ba
588b3149	001148fa
588d02a0	00114912
588d1a01	0011493c
58904524	00114966
589060dd	001149a4
5891096d	001149d6
5891e71e	00114a0a
589200df	00114a30
58921767	00114a46
58926bc2	00114a5c
5892cb90	00114ace
5892de20	00114af4
5895de5b	00114b18
5899e988	00114b48
5899eac7	00114b72
589c6841	00114bb8
589fa9e9	00114bde
58a0fdfa	00114bf6
58a2eea6	000da0ec
58a33258	00114c0a
58a3d0f1	00114c56
58a42e31	00114c96
58a54f25	00114cbc
58a5d6a2	00114cea
58a63b43	00114d4c
58ab87d9	00114d7e
58ac02dc	00114dca
58ac319d	00114dee
58acf652	00114e3c
58ad121f	00114e92
58af79e7	00114ec4
58b030f8	00114ed8
58b079d3	00114ef8
58b0ebc5	00114f50
58b3c720	00114f78
58b4cc91	00114fbe
58b6038b	00114fea
58b9e294	00115010
58c10614	0011506e
58c54df3	00115084
58c898f1	00115100
58ce9733	00115166
58cf633c	00115186
58cfd8d5	0011519a
58d106d7	001151ac
58d2552f	001151e2
58d2da84	00115206
58d36e0f	00115244
58d5397b	0011525e
58d85968	0011528a
58d8904a	001152c6
58d89ffb	001152e4
58daed56	00115300
58db0864	00115334
58dbc018	00115358
58dbd675	0011536e
58dd82f3	0011539a
58dfc480	001153bc
58e02957	001153fc
58e11c28	0011541c
58e4e054	0011543a
58e5f7dd	0011546a
58e61d06	001154b0
58e65f47	001154dc
58e6d599	00115512
58e7895e	0011553c
58e8a0b4	00115568
58ea4097	001155a8
58eb2ee2	001155e2
58eee6a9	0011561e
58ef7ee9	0011566c
58f30650	00115696
58f3c30e	001156b6
58f505d4	001156ca
58f7c50b	00115704
58f8a87f	0011572c
58f936fa	001157a4
58f96086	001157bc
58fac07d	0011581e
58faecd8	00115850
58fbc8e3	0011589c
58ff4557	001158e6
590045e4	00115932
5901420e	0011594e
59040ca2	00115986
59048ccb	001159a6
59053369	001159c8
590595b4	001159fc
59070341	00115a18
59079479	00115a3a
590d0c50	00115a80
590d31d2	00115aa4
590ff863	00115aca
59153bf4	00115aec
591577b6	00115b14
5918eb23	00115b2e
59192833	00115b64
591a6d91	00115bac
591ac2bd	00115be8
591c3c64	00115c04
591cab41	00115c5e
591e6933	00115c78
591fab4f	00115c9e
591feb64	00115cb4
5920be79	00115cca
59218a64	00115d00
59236807	00115d44
5926cac5	00115d64
59274592	00115dac
592a468a	00115dc6
592aa7b5	00115dc6
592b0937	00115dda
592b8f2b	00115e0c
59311588	00115e38
5936e7b5	00115e52
5937f935	00115e6e
593c4e36	00115e9e
59427996	00115ece
59432e77	00115ee8
5944089f	00115f28
594481d9	00115f42
5945d747	00115f88
5947f02b	00115fbe
594979ce	00115fe4
594aa4d7	00116004
594af6cb	00116028
594b8010	00116066
594e19f4	001160a4
594ea03f	001160c8
594ebb91	00116102
5954b107	00116122
595728bc	00116140
5958e50c	00116178
595b9d49	0011619a
595e2610	001161ca
595f2f37	001161f2
595ffefd	00116240
5960a4a2	00116254
596173bf	00116296
59639094	001162b4
5964625e	001162ce
5964ba74	00116304
5966d651	0011632c
596748b8	0011634a
596a4693	00116376
597073a9	00116394
59713f0c	001163b4
59742c91	001163e2
59744415	00116416
5978d826	00116480
597c66bb	001164ae
597e4705	001164d2
597ef4fd	001164f6
5980089f	0011654e
59803ef9	00116562
5980c4d7	00116588
5982bd08	0011659e
5986ba1a	001165fa
5986bcf2	00116620
5986c8da	00116650
5988ce5d	00116680
59898cf1	001166c2
5989fbfe	001166e8
598ace69	00116732
598f0ef5	0011675c
59904e32	001167ac
5991deac	001167e6
5992991c	00116816
5996279f	00116876
599987e7	00116898
599b2038	001168a6
599bfca0	001168e6
599c51ac	00116930
599cae3f	00116948
599d2259	00116984
599d463a	001169c8
599e89b4	00116a2c
599f0083	00116a64
59a0dca2	00116a8a
59a1c33e	00116ae0
59a21783	00116b24
59a2bd75	00116b3c
59a518a4	00116b8a
59a728bb	00116bc6
59a7d31b	00116be8
59a8d9e9	00116c2e
59aa0e95	00116c4e
59ac343a	00116c6e
59ae0c48	00116c90
59ae2baf	00116cae
59aeb37b	00116ce4
59b038e3	00116d10
59b315c0	00116d3c
59b3a308	00116da8
59b64482	00116dc8
59b66752	00116e0e
59b72f48	00116e68
59b8d40c	00116e80
59b9e163	00116e9c
59bc36c4	00116ec0
59c04da3	00116eec
59c10973	00116f1e
59c1e792	00116f4e
59c2e3b4	00116f7c
59c43cf5	00116fb0
59c4fc6d	00116fee
59c59f94	00117028
59c8bc49	00117068
59caa9c1	0011708e
59ccea0c	001170ae
59cf3469	001170d8
59d08b9e	00117106
59d113d6	0011712e
59d1ecd5	00117174
59d2ef15	00117194
59d37f5e	001171b4
59d3a365	001171e8
59d51342	00117216
59d5f338	00117248
59d8ddf6	00117276
59d958ac	001172ae
59d9f964	001172d6
59dab1b4	00117326
59db0525	00117352
59dc7935	0011739a
59df04f1	001173c4
59df4e98	001173ec
59df75ce	001173ec
59e2aa7b	0011740e
59e30a26	00117456
59e50949	00117482
59e5e4cf	00117494
59e6e66f	001174e6
59e92b87	0011751a
59ea0fe6	00117560
59eaa5f1	00117592
59eb49d4	001175ca
59ebaae5	001175f2
59ecce5e	00117644
59ed5d78	0011766a
59ee0397	001176b0
59ee5b1a	00117714
59f1d7f5	00117744
59f32665	00117776
59f4ce0b	00117794
59f86e4a	001177bc
59f8e619	00117804
59f9ca64	00117838
59fa5240	00117874
59fb19f0	00117890
59fd50b5	001178ec
59fd6fe8	00117922
59fdbb6e	00117940
59fea597	0011796c
5a013501	00117994
5a0406b9	001179cc
5a055216	00117a46
5a05ff64	00117a88
5a09e572	00117ab2
5a0b7ab2	00117ad4
5a0c31b3	00117b02
5a0fd40f	00117b36
5a118926	00117b50
5a11b491	00117b94
5a13f3f8	00117bca
5a18cf99	00117bfc
5a1982b2	00117c22
5a1b65e4	00117c3a
5a1c80fd	00117c5e
5a1e148f	00117c9e
5a1f4681	00117cd8
5a1f903a	00117d46
5a210d0c	00117db0
5a21d751	00117dc4
5a24963e	00117e06
5a24c3bb	00117e42
5a24f752	00117e74
5a25c0f4	00117e9e
5a25f4ec	00117e06
5a291c16	00117edc
5a2d7f4a	00117f02
5a2f4a47	0006bd48
5a31918c	00117f22
5a339b5c	00117f4a
5a33af22	00117f66
5a345969	00117f98
5a36ad37	00117fce
5a36e4bf	0011801a
5a39ff3f	00118044
5a3b4a3b	0011805c
5a3d6dc7	001180b8
5a3fd6f0	001180e2
5a408c3d	00118120
5a41b3ee	00118144
5a41b4a7	0011817c
5a425f26	001181ba
5a443c88	0011820e
5a46cdee	0011822a
5a489ca4	0011825a
5a4a3fda	0011829a
5a4b0681	00118308
5a4e1be2	00118336
5a4e7e78	0011836c
5a4f1173	00118396
5a4fd5f8	001183c6
5a51fbaa	00118404
5a535fd5	00118436
5a53bd0d	00118462
5a54821b	0011847a
5a575bdb	00118496
5a599dd6	001184ca
5a5c46dc	001184e8
5a5d9768	0011851a
5a5dc73a	0011854c
5a5ea636	0011858e
5a5f2c66	001185ba
5a5f67cb	001185f0
5a5fe195	0011863c
5a60f08f	0011868e
5a611024	001186d8
5a616234	00118716
5a63edbb	00118762
5a644485	00118792
5a6581cd	001187c2
5a6606f7	001187fc
5a673007	0011881e
5a681a7e	00118850
5a687c47	00118862
5a6a6d01	00118890
5a6c09f3	001188b4
5a70746a	001188dc
5a7559d5	00118908
5a7a664f	00118976
5a7c0d35	001189a0
5a7c6e37	001189be
5a7d042a	001189e4
5a824348	00118a04
5a829a49	00118a28
5a83304c	00118a54
5a8349ef	00118a86
5a8385ee	00118aa4
5a83a237	00118aca
5a8676e2	00118b00
5a89707b	00118b24
5a8ad091	00118b5e
5a8ae68d	00118bc6
5a8c0548	00118c20
5a8ca8ae	00118c90
5a8d4186	00118cc0
5a8fb014	00118cf0
5a90022c	00118d40
5a92cf84	00118d82
5a946dd6	00118d92
5a94df46	00118ddc
5a954377	00118dfe
5a970873	00118e2e
5a986d3f	00118e4e
5a98ae81	00118e7a
5a98c886	00118e7a
5a9b8282	00118e94
5a9dcbaf	00118eb4
5a9f6af2	00118ef6
5aa00eb5	00118f0e
5aa1e7f1	00118f2e
5aa22758	00118f42
5aa318ba	00118f66
5aa455e4	00118f86
5aa4cddd	00118fb0
5aa5871d	00118fde
5aaa0d0a	00119014
5aaacf58	00119052
5aab9edc	00119086
5aacb11d	001190a2
5aae5e3a	001190c6
5ab35db7	0011911e
5ab529b5	00087c0c
5ab539c2	00087c0c
5ab542c0	00119172
5ab55434	00087c0c
5ab56739	00087c0c
5ab56bf4	00087c0c
5ab5da09	001191b8
5ab668b6	001191ee
5abd4180	0011922a
5abd45ca	0011929e
5ac1265c	001192de
5ac1c6c1	00119310
5ac45471	00119340
5ac5c65e	0011935a
5acbba23	0011938e
5acf0746	001193d0
5ad05808	001193f4
5ad14e43	00119426
5ad23ef1	0011946e
5ad297e1	0011949c
5ad54f88	001194b6
5ad9d46c	00119524
5adbb2e9	00119562
5adc9ab2	0011959e
5add087c	001195c8
5adfbf47	001195e0
5ae10e6b	00119626
5ae30d7c	00119658
5ae3e843	0011967a
5ae5b99a	001196a0
5ae7651d	001196e0
5ae77c73	001196e0
5ae7ff2e	001196f2
5ae839f3	00119756
5ae90f9d	001197a6
5aea48b6	001197e2
5aec34c0	0011981e
5aec56b7	0011983a
5aecb78f	0011987e
5aecc676	001198a0
5aed9195	001198d2
5aeec717	001198fa
5aef1fd2	0011991a
5af01299	00119932
5af01a13	00119964
5af11b77	001199c4
5af2353f	001199de
5af28dd6	00119a06
5af401e7	00119a4e
5af617cf	00119a86
5af82c61	00119aa4
5af86168	00119aa4
5afbce22	00119aba
5afc49a1	00119af4
5afd59bf	00119b20
5afee828	00119b36
5b039c0b	00119b6e
5b063d7c	00119bbc
5b07bc9d	00119bf8
5b0982fa	00119c14
5b09f84d	00119c56
5b0ad16c	00119c82
5b0b592f	00119cb0
5b0b6e7f	00119ce4
5b0ca85e	00119d28
5b0e420a	00119d80
5b0e77ee	00119dc4
5b100a2c	00119de6
5b11b1dd	00119e02
5b1213e9	00119e22
5b121993	00119e6a
5b12c0e3	00119e90
5b131137	00119ed6
5b14a57d	00119f20
5b158929	00119f60
5b170922	00119f9a
5b1a4201	00119fb2
5b1e1d91	000d0196
5b1e78a5	00119fce
5b20dee4	0011a02c
5b279ed8	0011a074
5b2952de	0011a0d2
5b2c36c1	0011a10e
5b2cf47b	0011a140
5b309917	0011a160
5b30ffdb	0011a1a4
5b32492c	0011a1c6
5b345e20	0011a21c
5b35c80a	0011a272
5b36a70c	0011a2ac
5b374305	0011a2d8
5b37d43a	0011a328
5b398202	0011a35c
5b3a8c25	0011a39a
5b3cbe9c	0011a3ca
5b3e82ec	0011a3ea
5b4260d1	0011a40c
5b428f18	0011a438
5b43b4df	0011a488
5b44d8ff	0011a4e2
5b454433	0011a50c
5b45e304	0011a52a
5b4625ea	0011a54e
5b465b5b	0011a5a4
5b4706fd	0011a5fa
5b47eb5d	0011a646
5b494a79	0011a66e
5b49cea4	0011a6e2
5b4c8836	0011a75e
5b52f801	0011a7a2
5b531d4c	0011a7da
5b539c8e	0011a814
5b53f2f4	0011a86c
5b565774	0011a8a0
5b572b36	0011a8bc
5b589749	0011a8d4
5b592890	0011a90e
5b5993cf	0011a956
5b5ddbd3	0011a966
5b631474	0011a992
5b645ad0	0011a9ac
5b65bf05	0011a9f2
5b684e04	0011aa0a
5b69d504	0011aa42
5b6bf6a5	0011aa54
5b6d8218	0011aa84
5b724acc	0011aaba
5b72ed19	0011aaea
5b745857	0011ab12
5b781f49	0011ab44
5b79ada9	0011ab84
5b7c0c81	0011abae
5b7c1365	0011abd2
5b7d4b9c	0011ac06
5b7e07b8	0011ac36
5b7ef631	0011acb2
5b7f5588	0011ace2
5b815762	0011ad1a
5b81d985	0011ad56
5b840ce9	0011adb4
5b843df0	0011ade4
5b8490c7	0011ae10
5b86602a	0011ae40
5b87b084	0011ae5c
5b8a22ad	0011ae9a
5b8d29a0	0011aebe
5b8e35c3	0011aeea
5b8e43a9	0011af22
5b8f1c70	0011af3a
5b92916a	0011af54
5b938e98	0011afce
5b9459b5	0011b014
5b982451	0011b062
5b98601e	0011b084
5b9953a6	0011b0a8
5b9accdf	0011b0e8
5b9cb28f	0011b118
5ba01430	0011b136
5ba17f5e	0011b156
5ba2b484	0011b1b0
5ba2dde9	0011b204
5ba38067	0011b272
5ba3de63	0011b2bc
5ba4e250	0011b2f6
5ba4f5d3	0011b33c
5ba507e2	0011b382
5ba5399f	0011b3ae
5ba978bb	0011b3d8
5bab612d	0011b40a
5bac4469	0011b434
5baf485e	0011b472
5bb03cef	0011b48c
5bb05d81	0011b4ba
5bb17091	0011b50a
5bb1f17c	0011b528
5bb24c7f	0011b548
5bb41051	0011b562
5bb457a8	0011b58e
5bb5b2b4	0011b5b2
5bb6b159	0011b5f0
5bb9efd7	0011b632
5bba6914	0011b672
5bbace38	0011b6de
5bbba177	0011b708
5bbbb805	0011b73e
5bbc02a6	0011b76a
5bbe0125	0011b79e
5bbe0710	0011b79e
5bbe3347	0011b79e
5bbe54b8	0011b79e
5bbec7a1	0011b79e
5bc17aea	0011b7b0
5bc1c420	0011b7d8
5bc1ceb2	0011b806
5bc3dc90	0011b818
5bc5276d	0011b860
5bc55b80	0011b87a
5bc64a17	0011b8a0
5bc76afa	0011b8d2
5bc794e6	0011b90e
5bc86bcd	0011b92e
5bcb8b88	0011b966
5bcce885	0011b9ba
5bcdbbf8	0011b9de
5bcf2acb	0011ba1a
5bd0063f	0011ba34
5bd054ea	0011ba5c
5bd0a362	0011baae
5bd0e4ca	0011bad8
5bd108a8	0011baf2
5bd13029	0011bb1c
5bd3a4ac	0011bb4c
5bd3c306	0011bb8a
5bd3c3fd	0011bbd8
5bd745fb	0011bbf0
5bd86a31	0011bc14
5bda5854	0011bc3e
5bdafc3f	0011bc86
5bdbf219	0011bcb0
5bdcace5	0011bcde
5bdd4a38	0011bd12
5be31932	0011bd6a
5be67ff9	0011bdb6
5be838c4	0011bdf0
5be8de2f	0011be1a
5bea95f7	0011be4e
5beaf546	0011be78
5beb00fb	0011be78
5beb0d9a	0011be78
5beb12a1	0011be78
5beb17af	0011be78
5beb200d	0011be88
5beb20d6	0011be78
5beb2281	0011be78
5beb276a	0011be78
5beb284b	0011be78
5beb2901	0011be78
5beb299b	0011be78
5beb2aa6	0011be78
5beb2ad9	0011be78
5beb2b0b	0011be78
5beb2d15	0011be78
5beb2d1b	0011be78
5beb2e05	0011be78
5beb2e83	0011be78
5beb2fd8	0011be78
5beb3009	0011be78
5beb311e	0011be78
5beb3ab4	0011be78
5beb45f1	0011be78
5beb6174	0011bebc
5beb6770	0011be78
5beb7ee8	0011be78
5beb80c5	0011be78
5beb80df	0011be78
5beb8367	0011be78
5beb86a6	0011be78
5beb88bc	0011be78
5beb8b5a	0011be78
5beb8cd5	0011be78
5beb90d8	0011be78
5beb9216	0011be78
5beb9262	0011be78
5beb940c	0011be78
5beb948a	0011be78
5beb9538	0011be78
5beb958b	0011be78
5beb9682	0011be78
5beb97e9	0011be78
5beb9b7a	0011be78
5beb9c32	0011be78
5beb9c51	0011be78
5beb9d61	0011be78
5beb9dc7	0011be78
5beb9f61	0011be78
5beba22e	0011be78
5beba275	0011be78
5beba462	0011be78
5beba5a1	0011be78
5beba804	0011be78
5bebab32	0011be78
5bebab78	0011be78
5bebacfc	0011be78
5bebad73	0011be78
5bebad87	0011be78
5bebaee7	0011be78
5bebb135	0011be78
5bebb4a9	0011be78
5bebb553	0011be78
5bebb7b3	0011be78
5bebb9cf	0011be78
5bebb9f0	0011be78
5bebba9d	0011be78
5bebbbfb	0011be78
5bebbc16	0011be78
5bebbc29	0011be78
5bebbc38	0011be78
5bebbc5e	0011be78
5bebbd20	0011be78
5bebbe0a	0011be78
5bebbead	0011be78
5bebbf4a	0011be78
5bebc228	0011be78
5bebc2e8	0011be78
5bebc34f	0011be78
5bebc3f1	0011be78
5bebc459	0011be78
5bebc547	0011be78
5bebc55b	0011be78
5bebc5d3	0011be78
5bebc6f5	0011be78
5bebc7df	0011be78
5bebcc42	0011be78
5bebce67	0011be78
5bebce7e	0011be78
5bebd045	0011be78
5bebd25a	0011be78
5bebd298	0011be78
5bebd29e	0011be78
5bebd4ed	0011be78
5bebd606	0011be78
5bebdbf5	0011be78
5bebddfc	0011be78
5bebde83	0011be78
5bebe0d8	0011be78
5bebe166	0011be78
5bebe325	0011be78
5bebe458	0011be78
5bebe5ed	0011be78
5bebe9c8	0011be78
5bebea79	0011be78
5bebeb6a	0011be78
5bebee26	0011be78
5bebeec1	0011be78
5bebef05	0011be78
5bebf2c5	0011be78
5bebf38b	0011be78
5bebf641	0011be78
5bebf735	0011be78
5bebfa6b	0011be78
5bef4ca1	0011bf2c
5bf02706	0011bf42
5bf191e3	0011bf84
5bf53c96	0011bfc8
5bf56947	0011c022
5bf57288	0011c040
5bf5e6d1	0011c07c
5bf73d79	0011c090
5bf7c6ad	0011c0e6
5bf7f6c6	0011c0f4
5bf8e5fe	0011c12c
5bf97d7b	0011c180
5bfb2242	0011c19c
5bfb4da1	0011c1ea
5bfd7d51	0011c244
5bffd908	0011c2a4
5bfffec1	0011c2a4
5c00c3d7	0011c2ba
5c05181b	0011c2fc
5c066f1e	0011c332
5c081973	0011c37c
5c08bf78	0011c404
5c097d9e	0011c42c
5c0d0915	0011c45e
5c0d1962	0011c488
5c0d4184	0011c4ee
5c0f5000	0011c50e
5c11aef5	0011c53c
5c11fccc	0011c552
5c123014	0011c5a8
5c140af7	0011c5d6
5c140dd7	0011c5f0
5c16ca0a	0011c616
5c19f2b0	0011c63c
5c1a941d	0011c65e
5c1b94eb	0011c680
5c1bfbf8	0011c6a8
5c1c6251	0011c6d0
5c1f3428	0011c704
5c20250d	0011c720
5c209f45	0011c75e
5c20c110	0011c7c2
5c20e341	0011c75e
5c21759c	0011c7fa
5c2359ff	0011c848
5c240c64	0011c896
5c25b116	0011c8cc
5c26753a	0011c8fc
5c27f2b6	0011c91e
5c29c8f8	0011c952
5c2cec75	0011c974
5c2d4c32	0011c990
5c31cd36	0011c9a6
5c31e585	0011c9ec
5c3240fa	0011ca26
5c339e3c	0011ca4a
5c33e2af	0011ca94
5c3466fe	0011caac
5c347145	0011cae4
5c34c29a	0011cb2c
5c366261	000bc998
5c372981	0011cb70
5c3915a4	0011cba6
5c3a5115	0011cbe4
5c3a924a	0011cc28
5c3bb162	0011cc70
5c3c49bf	0011ccaa
5c404ab7	0011ccf4
5c4123a0	0011cd18
5c420a2d	0011cd46
5c42b957	0011cd74
5c45efc9	0011cdb4
5c46b17f	0011cdfc
5c47694f	0011ce5e
5c47ab59	0011ce8a
5c4861dd	0011cea2
5c48a1e1	0011cec2
5c48bcb2	0011cef4
5c509b52	0011cf68
5c509f0e	0011cfaa
5c50e844	0011cfe6
5c53631e	0011d006
5c536619	0011d028
5c538848	0011d050
5c53daf9	0011d06a
5c5448d3	0011d08a
5c556740	0011d09a
5c56e58e	0011d0b8
5c581608	0011d0d8
5c6127c2	0011d106
5c66c20c	0011d14a
5c674c02	0011d172
5c68259c	0011d1ee
5c68f194	0011d226
5c69671b	0011d27e
5c6ba507	0011d2f2
5c6cb8e0	0011d320
5c6d5c8f	0011d340
5c6d7395	0011d366
5c6dc557	0011d3a4
5c6e417d	0011d3ec
5c6e6cc5	0011d408
5c6e83a7	0011d464
5c6ebb36	0011d49c
5c6edf86	0011d4da
5c7011de	0011d504
5c72b60c	0011d542
5c742e25	0011d57c
5c74f3c2	0011d596
5c7537e0	0011d5b0
5c755181	0011d5cc
5c772993	0011d60e
5c7766b5	0011d648
5c7983ab	0011d682
5c7bae2c	0011d6da
5c7f74fb	0011d6fe
5c80e643	000bc998
5c822864	0011d730
5c822984	0011d730
5c8260dc	0011d748
5c83f28e	0011d77c
5c86a12d	0011d7d6
5c8a4071	0011d806
5c8acf06	0011d840
5c8c861c	0011d896
5c8cc9b0	0011d8ce
5c9108d2	0011d8ea
5c935078	0011d91e
5c9470df	0011d962
5c9566a8	0011d9ac
5c9691d5	0011d9e0
5c9756b1	0011da00
5c97a15c	0011da3c
5c9944db	0011da70
5c9954be	0011da88
5c9b196d	0011daa8
5ca52d89	0011daea
5ca60352	0011db2c
5ca7c3f3	0011db50
5ca8ad27	0011db6c
5ca94d03	0011db9e
5cad005e	0011dbd4
5cadd5a2	0011dbe6
5cb46be5	0011dc1a
5cba9d58	0011dc4e
5cbf6354	0011dc68
5cc00a74	0011dc90
5cc0f8cf	0011dccc
5cc140d9	0011dcf8
5cc6da4a	0011dd18
5cc706da	0011dd48
5ccc5854	0011dd6c
5ccef1de	0011ddba
5cd063a2	0011ddde
5cd83004	0011de28
5cda14a0	0011de60
5cda9140	0011de80
5cdb1ab5	0011de9e
5cdb9a66	0011dedc
5cdca9a0	0011df14
5cdec596	0011dfa8
5ce09f4e	0011dfd0
5ce3c5b2	0011dff2
5cec5bc2	0011e03c
5cedc7ef	0011e066
5cedcfb8	0011e066
5ceeaa00	0011e084
5cef1d03	0011e0ae
5cf0ebca	0011e0e2
5cf23531	0011e130
5cf9d834	00083228
5cfba7bd	0011e14e
5cfc36f2	0011e16e
5cfe41cc	0011e1a4
5cff6f46	0011e1cc
5d01e388	0011e1fc
5d02bb00	0011e23c
5d04010f	0011e292
5d09cb72	0011e2d2
5d09fb25	0011e32e
5d0b0ab7	0011e354
5d0ca407	0011e378
5d118b5a	0011e3aa
5d138524	0011e3ec
5d14a403	0011e420
5d150eb2	0011e446
5d15b4f2	0011e472
5d16da5c	0011e486
5d1a0ed2	0011e4a0
5d1ba227	0011e4b8
5d1d0f4d	0011e4d8
5d1ebb00	0011e50c
5d204015	0011e528
5d22406c	0011e55c
5d245bf6	0011e592
5d246c30	000f74ae
5d24c7cd	0011e5ba
5d251baf	0011e5f8
5d27f570	0011e618
5d2867c1	0011e638
5d308810	0011e65a
5d32a0b3	0011e67a
5d32a58a	0011e6b0
5d33b8a8	0011e6f6
5d3513fb	0011e738
5d368281	0011e75e
5d37108c	0011e77e
5d393ffd	0011e79e
5d39cae1	0011e7d4
5d3b002a	0011e7fe
5d3b0355	0011e81e
5d3c626c	0011e83e
5d3c77d6	0011e88e
5d3c9ff3	0011e8b4
5d3e4266	0011e8e8
5d3fe1af	0011e906
5d415ddf	0011e940
5d428137	0011e970
5d4417cf	0011e9a0
5d455c18	0011e9c6
5d4804e2	0011e9f4
5d48d41b	0011ea5e
5d4ab329	0011eaa4
5d4e76a0	0011ead4
5d4f1cb4	0011eb02
5d540cab	0011eb50
5d55161f	0011eb68
5d5573e2	0011eba0
5d572fbb	0011ebd4
5d57426e	0011ec42
5d58fb13	0011ec5c
5d58fb72	0011ec76
5d5ed38e	0011eca8
5d5f3a6e	0011ed18
5d605f22	0011ed44
5d60ef26	0011ed60
5d6133fa	0011ed88
5d61c0c8	0011edbc
5d620dfb	0011ede6
5d63c0b4	0011ee04
5d6476c7	0011ee3c
5d647805	0011ee54
5d65a390	0011ee7c
5d6956a6	0011eeae
5d69784f	0011eef2
5d6aef48	0011ef0c
5d6bc2ef	0011ef3a
5d6c06a5	0011ef72
5d6ca464	0011efac
5d6d70d4	0011efda
5d6e3af5	0011efee
5d6f63ed	0011f03c
5d724ef4	0011f072
5d7390d5	0011f082
5d73de65	0011f0b8
5d74e778	0011f0d6
5d7786de	0011f0fc
5d778dba	0011f156
5d77a28d	0011f1a0
5d800bc3	0011f1ea
5d8090e1	0011f21e
5d827d01	0011f254
5d860342	0011f282
5d897e5e	0011f29e
5d8f857c	0011f2ca
5d901f74	0011f2e4
5d919c76	0011f31a
5d934111	0011f34a
5d944c48	0011f372
5d94ba0c	0011f396
5d95d155	0011f3f0
5d9791fa	0011f444
5d9807fc	0011f48c
5d9937c0	0011f4c4
5d9967d2	0011f4ea
5d9a900b	0011f50c
5d9b801b	0011f536
5d9cb35e	0011f54e
5d9d1f20	0011f58a
5d9f4108	0011f5b2
5da24abb	0011f5e8
5da281a2	0011f614
5da287db	0011f630
5da3b09e	0011f650
5da40c6f	0011f69c
5da40d77	0011f6c4
5da4234d	0011f722
5da633fa	0011f77c
5da6c313	0011f79e
5da704cb	0011f7ac
5da70f49	0011f7e4
5da75075	0011f80a
5da7ac9c	0011f846
5da9d405	0011f872
5dab57c1	0011f892
5dac748d	0011f8e0
5dacfec0	0011f93c
5db8041e	0011f960
5db8516c	0011f996
5db9c2e2	0011f9b8
5dba44e0	0011f9d6
5dbd78ee	0011fa24
5dc04086	0011fa74
5dc0e3f8	0011fa96
5dc19983	0011fac4
5dc2a858	0011fadc
5dc33ef1	0011fb08
5dc36f57	0011fb3e
5dc37f5d	0011fb56
5dc51c6e	0011fba0
5dc59bdb	0011fbd2
5dc79c6f	0011fc0a
5dc894e2	0011fc2a
5dc8dd78	0011fc54
5dc9df56	0011fc8e
5dcd0fe7	0011fcbc
5dce976c	0011fcfa
5dceab65	0011fd08
5dcfa482	0011fd48
5dd03ca4	0011fd8c
5dd0a1c1	0011fdca
5dd6223f	0011fde8
5dd6611c	0011fe36
5dd9a419	0011fe4e
5dd9b73d	0011fe78
5ddb0643	0005c336
5ddda30e	0011fe96
5ddeef3c	0011febc
5de07132	0011ff14
5de2f855	0011ff30
5de30737	0011ff58
5de5ec9b	0011ff86
5de8038c	0011ffb4
5de8b5fe	0011ffec
5de9d377	0012000c
5dea7bd8	00120034
5deb68f9	0012005a
5dec7276	00120086
5defa22f	001200dc
5df01ab9	0012010e
5df15771	00120132
5df1b258	0012014c
5df46fdb	0012018e
5df49087	001201c8
5df4bddb	001201fa
5df6b0d6	0012021c
5df737ce	00120248
5dfc2b3c	0012026e
5dfceb70	0012028e
5dfd8862	00120316
5dfd8df0	00120316
5dfd9089	00120316
5dfd9ecc	00120316
5dfdb7f8	00120316
5dfdb80d	00120316
5e006cbd	0012032c
5e01c7e5	00120352
5e081f76	00120384
5e0d2053	001203a8
5e0f2bc1	001203cc
5e1043d5	001203f6
5e114a42	0012042a
5e11da57	0012042a
5e1495b9	00120440
5e150f5f	0012048a
5e15725c	001204d6
5e16d34b	001204ec
5e179738	00120502
5e179cc9	0012052a
5e17c5c6	00120574
5e1ac88a	00120594
5e1d6aaf	001205be
5e20749b	001205dc
5e23ff89	00120602
5e25ec34	0012063e
5e25ee10	0012063e
5e261493	0012065a
5e2c24e4	00120676
5e2c2d9f	001206b0
5e2ccca1	001206dc
5e2f1359	0006bd48
5e2f2034	00120708
5e2f2f40	00120724
5e2f4f82	0012076c
5e2fa0d7	00120786
5e30503a	00120798
5e329101	001207c8
5e35a53e	001207fa
5e3a2f6a	00120852
5e3b174d	00120886
5e3b2ea4	001208cc
5e3ec2a7	001208e8
5e3fefe4	00120928
5e40f4b4	0012094a
5e426e1a	00120974
5e442a09	001209aa
5e44dc33	00120a18
5e458b97	00120a46
5e45a3f9	00120a5a
5e46764f	00120a7c
5e47ecf0	00120aa8
5e48a1b4	00120ade
5e499e86	00120b38
5e4a158f	00120b88
5e4be81f	00120ba4
5e4c58ec	00120bd0
5e4ca26f	00120bf0
5e4d24ee	00120c4a
5e4d956a	00120c6a
5e4ddd6c	00120ca4
5e4f8d7f	00120cc2
5e4f949b	00120cfc
5e525d4f	00120d2c
5e54546d	00120d6c
5e55951d	00120d8c
5e5723d6	00120dae
5e5788d5	00120dfc
5e578f0a	00120e36
5e584801	00120e5a
5e59fd8c	00120e92
5e5c7fdc	00120ed2
5e5fb924	00120f3e
5e6014e9	00120f6c
5e627e3f	00120faa
5e62f1d4	00120fe4
5e683bec	00121012
5e68dc75	00121058
5e6a48fd	00121096
5e6ec49b	001210c8
5e6eead8	001210ee
5e6f7ff2	00121122
5e706108	00121168
5e7147cc	001211b2
5e732006	001211f0
5e7399dd	001211f0
5e740fc3	0012121c
5e748581	00121236
5e74a214	00121286
5e7ae53e	001212b2
5e7be632	001212f2
5e7d714a	0012132e
5e7d82a0	0012134a
5e7dc4c8	00121372
5e7f3299	00121396
5e7fe2e4	001213ca
5e80eaa7	001213ea
5e8349aa	0012140a
5e83635b	0012146e
5e8385e3	00121496
5e839cd8	001214b6
5e857155	001214fa
5e86ff3a	00121544
5e870843	00121576
5e8acc62	00121592
5e8b73b1	001215b8
5e8ed20c	001215d6
5e902b4e	00121618
5e94cbb8	00121662
5e9639ce	001216d8
5e96acaa	001216fc
5e978209	00121744
5e97a262	0012176c
5e98b70f	00121790
5e99a707	001217c8
5e99dd30	001217f6
5e9bf970	0012183c
5e9dede6	0012187e
5e9e632b	0012189a
5e9ec993	001218c6
5ea4da16	001218f4
5ea4ffa8	00121944
5ea64f5c	0012196c
5ea67dac	001219bc
5ea91a8f	00121a06
5eaab9ac	00121a36
5eab000a	00121a70
5eab53a7	00121a8e
5eb0ff90	00121ac8
5eb45260	00121afe
5eb5ddd5	00121b2e
5eb60a14	00121b46
5eb6c7a8	00121b56
5eb704a5	00121b9e
5eb92cd6	00121bc2
5ebb1123	00121bf4
5ec4f9bd	00121c48
5ec7ee39	00121c94
5eca28e7	00121cc2
5eca60c5	00121cc2
5eca61f5	00121cc2
5eca6c31	00121cc2
5eca9a79	00121cda
5ecc1007	00121d16
5ecc235e	00121d4e
5ecf3b41	00121d8c
5ed17a6c	00121dde
5ed1bc1a	00121e54
5ed3b947	00121eae
5ed41bb0	00121ede
5ed5b85b	00121f1a
5ed71fba	00121f58
5ed8ef59	00121f9e
5ed92acf	00121fe6
5ed9a354	00122018
5eda2674	00122036
5edc2440	00122050
5edc7c64	0012208e
5edd30a1	001220ac
5edd5a87	001220d8
5ee157dc	00122102
5ee23eb3	0012212c
5ee29e67	00122168
5ee5507a	00122198
5ee7204f	001221ca
5ee7f8e6	00122200
5eea2a2d	00122234
5eea361a	00122256
5eeaeb73	0012226a
5eeb8258	001222fc
5eed91e5	0012231e
5eeea3f8	00122352
5eeebcd1	001223a6
5eefdf5f	001223f4
5ef013d2	00122438
5ef0f8ce	00122474
5ef28cef	001224c2
5ef2c87a	001224ec
5ef432a1	0012250a
5ef471ab	00122538
5ef703ca	00122550
5ef703cf	00122550
5efb4e25	001225be
5efb7913	00122612
5efc756b	00122674
5efd6739	0012269e
5eff1c9b	001226dc
5effa57d	0012271a
5f03001f	00122782
5f03d468	001227fc
5f04af20	0012282c
5f073638	00122862
5f0880e2	00122894
5f090732	001228f8
5f095ead	00122926
5f0ba0c4	00122940
5f0c8489	00122980
5f0c8490	001229a8
5f0ef189	00122a02
5f109e20	00122a3c
5f10fa8f	00122a74
5f1c00c4	00122abc
5f1c5488	00122ade
5f1d25a4	00122afc
5f1eaa5b	00122b5a
5f1f9ab3	00122ba6
5f21a684	00122bcc
5f221bda	00122bea
5f2458f1	00122c20
5f281bcd	00122c50
5f2854f0	00122c5a
5f293416	00122c96
5f2a32b5	00122cde
5f2c75ed	00122d0c
5f2d5fab	00122d2c
5f2f7018	00122d66
5f320a6c	00122d9a
5f343572	00122dde
5f358d5a	00122dfc
5f3609de	00122e48
5f392f91	00122e98
5f3b9396	00122ee4
5f3bced3	00122efe
5f3be9c4	00122f36
5f3c2223	00122f86
5f3cb3b9	00122fcc
5f40399c	00122ff8
5f423594	00123050
5f443f66	0012307e
5f456294	001230ac
5f463e60	001230ea
5f48e2be	0012311c
5f496a0b	00123146
5f4db46e	00123192
5f4f3c0b	001231be
5f55c51d	001231e0
5f56084c	0012322c
5f59f057	00123276
5f5a3c34	001232a8
5f5a64d7	001232e0
5f5a88de	00123342
5f5c95c4	0012337c
5f5e0631	001233b4
5f5f50c5	001233c2
5f5fd0e5	001233f6
5f61de4c	0012342a
5f62ad2f	00123458
5f687121	0012349c
5f690dc4	001234ec
5f6b21d7	00123524
5f6bb1ba	00123542
5f70962a	00123564
5f71485a	001235a4
5f73679d	001235c0
5f74d4cd	00123622
5f75d0ea	00123642
5f7b64dd	00123664
5f7c594f	001236c4
5f80012b	00123700
5f85242c	0012371c
5f85813c	00123754
5f89b875	0012376a
5f8b7c5d	001237b8
5f8b7e6d	001237f8
5f8bb824	00123840
5f8d5c33	0012387e
5f8ecb2d	001238b0
5f8ecfaa	001238dc
5f917145	00123912
5f91af95	0012393c
5f92b9ec	00123966
5f9402b7	001239aa
5f94a6de	001239e8
5f95626c	00123a28
5f9720aa	00123a50
5f98fe38	00123a90
5f990d68	00123ad2
5f9a2f90	00123af0
5f9aace2	00123b0e
5f9ab734	00123b34
5f9affc3	00123b50
5f9c0d5e	00123b70
5f9c4f82	00123b90
5fa0e524	00123bac
5fa20430	00123bc6
5fa21b62	00123bf2
5fa3ea1a	00123c24
5fa5b3aa	00123c50
5fa6d734	00123c7c
5fa97686	00123ca4
5fab3d06	00123cf4
5fabdf27	00123d40
5fabfd3d	00123d74
5fad22cf	00123da4
5faf08c1	00123dc6
5fb212d6	00123df6
5fb41672	00123e3a
5fb59b46	00123e50
5fb65e81	00123e68
5fb6e7a7	00123e80
5fbc066c	00123ebc
5fbd08d2	00123edc
5fbe8042	00123ef4
5fbf904a	00123f36
5fc2518b	00123f76
5fc30830	00123f92
5fc6a863	00123fb2
5fc89b18	00123ff2
5fc9118e	00124016
5fca596a	0012402c
5fce5071	00124096
5fce71c2	001240b6
5fd1d798	001240ec
5fd1e0cd	00124124
5fd21998	00124162
5fd2bd29	0012418e
5fd46d95	001241a8
5fd7c28a	001241f2
5fd8920e	00124242
5fdd6110	00124278
5fdd6eb7	00124290
5fddaf4e	001242c8
5fdebbaf	001242fe
5fdfe09a	00124324
5fe06d3e	00124376
5fe0ad7a	001243a0
5fe632ea	001243d6
5fe8e708	0012441c
5fe9a95d	00124434
5fec2eb6	00124464
5feefb42	001244a0
5fefe27a	00124506
5ff1e800	0012454c
5ff268e2	0012456e
5ff7243c	001245cc
5ffc444c	0012462a
5fff7d42	0012464c
5fffc747	001246b4
600098b4	001246d6
6000c10b	00124718
60017f19	0012475a
600226ad	00124770
6003b600	0012479a
6005ce6a	001247be
6005ce6b	0012480c
6007ebde	00124844
6008943a	00124892
600b364e	001248e0
6010f807	00124922
6011374f	0012496c
601555a3	001249a0
601a14da	001249cc
601bba7d	001249e6
601c9b71	00124a20
601ea861	00124a56
602573c7	00124a82
6025b824	00124aae
6025bd73	00124ad8
6028b3e6	00124b34
6029acc5	00124b62
6029ea2c	00124b8e
602d1494	00124bec
602dcd00	00124c1c
602dee3b	00124c6c
602f40f5	0007d326
602f89d7	00124c92
602f9f36	0007d326
6032228c	00124cb8
60327eef	00124d0c
603347e7	00124d4e
603649b8	00124d82
60366b10	00124daa
60369afc	00124de8
6037e15f	00124e22
603918ae	00124e68
603938c7	00124eba
603ac554	00124f08
603d30a7	00124f42
603d8be9	00124f74
603dacbc	00124fa8
60410006	00124fe0
604114d3	00125034
60414ee0	00125064
6041e313	00125084
604457d2	001250b4
60469ee4	001250e4
60481e83	00125106
6048dcd6	00125134
60496922	00125192
60496e3b	00125192
604b6eee	001251b6
604c5372	001251f0
604f7161	0012521c
6051c4a7	0012525c
60532303	0012528e
6053c434	001252d0
60547ac8	001252fc
6054fb6c	00125322
60552d51	00125348
605688a8	00125368
60581d58	0012539e
6058a85e	001253bc
605c3cca	001253e0
605d12d2	00125428
605f750d	00125468
6061302f	001254cc
6063866b	0012550e
606586c2	00125566
606814d5	00125582
606d015f	001255de
606d79bc	0012560e
606fe5b4	00125646
607071eb	0012568c
6070a21e	001256d6
60717184	00125702
60723f17	00125722
607289e4	00125746
6073aa03	00125788
60759f7e	001257c2
60794a90	001257f8
6079eea1	0012583e
607a33bf	0012587a
607a6dc8	001258d2
607b33ce	00125918
607bc39e	00125946
607c0ff0	0012596e
6080b185	00125994
6080dd3a	001259bc
6086b898	001259ec
60890cf9	00125a26
6089130b	00125a26
608bdc1e	00125a8c
608d86ac	00125ae2
608dd19d	00125b32
609011ca	00125b52
60921c23	00125b84
609341a2	00125b9a
6093fa69	00125bbe
60958b93	00125c14
6095c56e	00125c52
6098756f	00125ca6
609be86d	00125cd2
609d875b	00125d2c
60a01a0a	00125d54
60a21dfd	00125dca
60a608bc	00125dec
60a7aaba	00125e0a
60a8fb08	00125e2c
60aaa488	00125e72
60abd57f	00125eea
60ac5f2d	00125f66
60affe4c	00125fa4
60b13b6c	00125fb4
60b1f3d0	00125fee
60b40faa	00126046
60b477e6	00126066
60b4fd32	001260b8
60b5ed52	001260f0
60b5f36c	00126116
60b6489b	0012612a
60ba0b14	00126196
60bcc7d6	0012620e
60bd1695	00126268
60bed737	00126284
60bee2ad	001262c2
60bef97b	001262e4
60c1b16f	0012631e
60c249e4	0012633a
60c39f5f	0012635c
60c48baf	00126382
60c5f730	001263c4
60c73f08	00126414
60ca45cc	00126430
60ca56cf	00126486
60cd6d5d	001264b4
60d1f13f	0012650e
60d3492a	000d9dda
60d39136	000b64ee
60d78790	0012654a
60d926c1	001265a8
60dab252	001265e0
60dab9a5	001265fc
60db600a	00126632
60dd375a	00126666
60df13c8	00126690
60e20b3f	001266be
60e31bd6	001266e6
60e3b985	0012670a
60e4817d	00126756
60ea502f	00126772
60eac22a	001267a8
60ec1c02	001267d6
60ed00ff	0012680e
60ee6f1d	00126828
60eff419	00126862
60f0f673	001268a0
60f1726f	001268cc
60f1fa41	001268ee
60f29523	00126904
60f4e78a	00126930
60f4e7e4	00126976
60f6a052	001269b6
60f75593	001269d2
60f7d5a6	001269ea
60f8f68d	00126a02
610296d2	00126a30
6106959e	00126a76
6109455a	00126abc
61099652	00126af4
610aa485	00126b7e
61101185	00126bd8
6112ef19	00126bfe
6113cac2	00126c1a
611a441e	00126c8a
611aad79	00126cc4
611d515d	00126d06
6122d25e	00126d3c
612421c4	00126d6a
6124a64c	00126da8
6127192c	00126dea
6127d474	00126e16
612b6467	00126e30
612cd743	00126e50
612dfa68	00126e98
612f64e8	00126eb6
612fa41b	00126eb6
613056c9	00126ed8
61317b48	00126f12
6134b001	00126f6e
6136dfa5	00126f92
6137451b	00126fb0
61379dad	00126fe2
6137b037	00127022
6139f38c	00127058
6139f43d	00127058
613a7ff3	001270a0
613d71c4	001270b8
613de610	001270ce
61405443	001270fe
6143fc9e	00127126
6144c409	0012715e
6146d094	00127192
614c84cf	001271b0
614fa00f	001271c8
6150b224	001271f2
6153fbcf	00127226
6155e9e3	00127266
61568338	001272a2
6156e583	001272d6
6157ad97	0012732c
6158394f	0007fd0a
6158fa22	0007fd0a
615cab91	00127390
615d7396	001273e0
615e3147	001273fc
615e8889	00127454
615ff192	001274aa
6161ff12	00127516
61624715	00127544
6162bf22	00127594
6162ee07	001275c6
616a72bd	00127600
616b6451	00127638
616f1180	00127666
616f2694	001276aa
61709fdb	001276e0
61710378	0012772a
6171be77	00127750
617db614	0012777a
617f1902	001277b8
6181acb7	001277de
6183810e	001277f6
6184177f	00127824
618455a3	0012784c
6184d436	0012788a
6185ab7f	001278b8
6185b9a8	001278e2
61865860	00127902
61875dad	0012794e
61890d5d	00127978
618c8e85	001279b0
618ee751	00127a02
618eeede	00127a42
61908929	00127a8c
619214a9	00127ac6
6192cba4	00127b54
6193664b	00127ba6
61959120	00127bbc
6197fbd3	00127bfe
619dedef	00127c20
61a130a2	00127c3c
61a2eca1	00127c72
61a318db	00127c9a
61a72397	00127cc0
61a73f63	00127cec
61ac53b7	00127d20
61b02745	00127d34
61b1e27d	00127d62
61b20279	00127d90
61b2837b	00127db4
61b4b96d	00127e0e
61b7631e	00127e4e
61b7da65	00127eb6
61b821cc	00127ee6
61b84f49	00127f14
61bd7d5e	00127f2e
61bd9e70	00127f7e
61beb7c0	00127fba
61c3aeb7	00127ffa
61c409e8	00128052
61c68f74	0012808e
61cb61d9	001280ae
61cc1a64	00128106
61cc30c8	0012815c
61cc432f	00128196
61cda845	001281bc
61cf68e3	0012820a
61cfd60b	00128256
61d1888c	00128272
61d45ba6	0012829e
61d556f2	001282fa
61d8f344	0012833e
61d8f856	00128364
61d954c8	00128384
61d97b9c	001283a2
61d9aa58	001283d4
61d9d9c3	0012840c
61dab1f0	00128420
61db8301	00128452
61dbfc90	0012846c
61dc342c	001284a4
61dcddb5	001284e2
61dd06d2	0012850a
61ddbc08	0012852e
61de0209	00128556
61de3578	001285a2
61df4913	001285c2
61df8c22	001285da
61dfe04c	00128608
61e1e7f8	0012864a
61e522da	001286a8
61e6f466	001286ca
61e81419	00128704
61e85563	0012871e
61e95968	00128732
61e9ef32	00128780
61ea8b1c	001287ec
61eb9aed	00128802
61ecb342	00128870
61ee297d	001288a0
61f12de6	001288ba
61f24016	001288f8
61f26d39	00128916
61f2830b	00128938
61f72209	00128988
61f79aa2	001289b6
61f85c65	001289ea
61f8718e	001289ea
61f99268	00128a2e
61feaaf9	00128a6a
620211d5	00128a9c
62022b82	00128ab8
6202d8ef	00128ae2
62036b4e	00128b0e
6204a059	00128b62
620729dd	00128bc8
62098b41	00128bfa
620aa898	00128c2c
620b76a7	00128c54
620bb649	00128cac
620fe08f	00128cd4
6210bd06	00128cf2
6210d74e	00128d2e
62144df8	00128d44
62165cc1	00128d6e
621a01c5	00128daa
621cd2de	00128dc8
621e1f07	00128e02
621e47e0	00128e28
621eff4d	00128e42
621f7b00	00128e68
6221a782	00128ea2
62228e5d	00128efa
6222fa18	00128f0e
6223890c	00128f2c
622561e1	00128f76
6225fff6	00128f94
622af8dc	00128fce
622d9dea	00128ff4
622e3dec	00129024
622e420e	0012906c
622f31a3	001290a8
622fff03	00129108
62315714	00129124
62321bd1	00129164
623226c6	00129186
62330339	0012919a
6233093a	001291bc
62345602	001291f2
623e4131	00129238
6242f7c5	0012924e
624333fb	001292ba
624348e5	0012930e
6243702e	0012933e
624483ff	0012939a
624577c7	001293ba
624654d2	00129400
62491e75	00129428
624a8024	00129444
62506ec3	00129468
6250d253	001294a4
62517e6b	001294ee
6251a3b2	0012951a
6251ad7b	0012951a
62525cf4	0012955e
625294aa	00129596
6252dd79	001295b0
62533bff	001295e0
625369fb	00129610
6253ff03	00129644
62574f48	0012966c
6259c0cc	001296ac
625acfb7	001296d6
625c289a	0012971c
625cda13	0012975e
625d8956	00129792
625e363f	001297b2
62607364	001297d0
62624e0d	001297fc
62656329	0012981e
62657845	0012983a
6266568c	00129876
6266f371	00129896
62681ce5	001298c8
626b31ac	000d4212
626bfe95	001298e0
6270f008	00129902
6271b36d	00129934
627260b2	00129954
6274279d	00129980
62744024	001299c8
627637a9	001299f0
62767529	00129a14
62785a2a	00129a2c
627957d4	00129a5e
627a87ee	00129a8e
627b11f1	00129abc
627bc64e	00129afa
627e4442	00129b1a
6280eaf3	00129b36
628208a4	00129b82
62820df0	00129bae
62863cc1	00129be2
6289be21	00129c54
6289be3b	00129c54
6289c1cd	00129caa
628ae33e	00129d14
628ca9de	00129d58
628ddd0f	00129dc2
6290739a	00129de4
629098bb	00129e04
6291421f	00129e24
629193a3	00129e62
62934a21	00129e82
629532ad	00129eaa
6295a7e8	00129ed2
6295c004	00129ef2
629c8a2c	00129f18
629d62cf	00129f5c
62a5a0ab	00129f90
62a61a3b	00129fbe
62a7a3c4	0012a006
62a8f0f5	0012a03a
62a961a7	0012a066
62ab1fda	0012a0c2
62ab3b3d	0012a0f8
62ad4b65	0012a150
62ae5686	0012a19a
62b09ecc	0012a1b4
62b52e45	0012a1d4
62b58371	0012a1fa
62b59adf	0012a24a
62b7ed0f	0012a298
62b8cea0	0012a2be
62b929a9	0012a2e6
62b9ba56	0012a326
62ba9141	0012a360
62bbefb5	0012a3ca
62bc1f5e	0012a3ec
62bc7f41	0012a41e
62bd2a38	0012a46c
62bda36f	0012a4b4
62be32da	0012a4e8
62c2e7f4	0007eefa
62c4b190	0012a536
62c4e312	0012a57c
62c52548	0012a59a
62c5f607	0012a5d4
62cba9a3	0012a5fc
62d02919	0012a63c
62d31ca4	0012a682
62d37cdb	0012a68e
62d3b8c5	0012a6a8
62d41135	0012a6bc
62d8c8ae	0012a6e8
62dbec75	0012a720
62e12671	0012a774
62e1c4d8	0012a7ca
62e1d2a8	0012a802
62e20c9d	0012a82c
62e381f0	0012a846
62e3969f	0012a882
62e3e086	0012a89e
62e45cf0	0012a8b4
62e534ae	0012a8d2
62e606cb	0012a91c
62e64df3	0012a93a
62e7452d	0012a95a
62e8434a	0012a990
62ed31f2	0012a9cc
62ed3448	0012aa04
62edba84	0012aa34
62ee8042	0012aa86
62eeafa9	0012aac6
62f0497c	0012aae6
62f26a48	0012ab10
62f2bf87	0012ab32
62f3786e	0012ab5e
62f5d639	0012abb4
62f66785	0012abe2
62f673db	0012ac02
62f73a5c	0012ac60
62f74fe4	0012acb0
62fc7f4b	0012ad06
62fcd3e5	0012ad28
62ff1ac0	0012ad92
630044a6	0012adc0
63019f2e	0012ae04
63039702	0012ae3c
630757d6	0012ae72
6307c044	0012aea6
6308848f	0012aedc
630915eb	0012af28
630a3ed1	0012af56
630a8ca1	0012af74
630a8e17	0012afa8
630adc82	0012af56
630b305e	0012afde
630bb9e2	0012b016
6310daeb	0012b060
6311e749	0012b0a2
63127843	0012b0de
631718e1	0012b110
6317844b	0012b12e
63179449	0012b17c
631a1d5e	0012b1c0
631a779e	0012b1ea
631ab34c	0012b202
631adf0b	0012b234
631b125e	0012b266
631d1080	0012b2a4
631f2ce0	0012b2ea
6321f026	0012b32c
6322aeb7	0012b348
63238b01	0012b390
6323ada2	0012b3a6
6325015a	0012b3c4
6325eef6	0012b3de
6326bfd4	0012b42a
632766eb	0012b462
6327a0fe	0012b494
6329375e	0012b4bc
632971c7	0012b4d6
6329f41f	0012b522
632c76de	0012b56e
63307b82	000e924c
63330a22	0012b598
6334561e	0012b5be
6335dc7a	0012b618
63399c47	0012b64a
633a7908	0012b674
633ea7c5	0012b6a6
633efdbb	0012b6d0
6342ac20	0012b6f8
6342eba4	0012b774
634448d6	0012b7ae
6345e831	0012b7f4
6346da1e	0012b82e
63471e4e	0012b86c
634b1ac1	0012b8a6
634f3551	0012b8f2
63504947	0012b926
635296ea	0012b942
63534e54	0012b97c
6353886b	0012b9ce
6353f74d	0012b9f0
6354ba7a	0012ba2a
6356571c	0012ba70
6356e62c	0012ba94
635b9189	0012bac0
635c883f	0012bafa
635db84b	00087430
635ddc3c	00087430
635ee8d7	0012bb3e
63605630	0012bb66
63659d4b	0012bb92
6366d221	0012bbc8
636c3099	0012bbf6
6370f859	0012bc0e
63718c51	0012bc50
6373b7e4	0012bc7e
6374e58b	0012bca4
63768d0d	0012bce0
6376cc58	0012bd44
637818f7	0012bd70
63783dcd	0012bdc0
6379612b	0012bddc
637ae618	000ee6e4
637c4f07	0012be1e
637ee955	0012be90
6387b39b	0012bec0
6389ae8d	0012bf0c
638a124b	0012bf52
638c1e02	0012bf6a
638f0e40	0012bf88
63919742	0012bfe2
63925205	0012c00a
6393c332	0012c032
63962e4b	0012c084
63972acb	0012c0c2
63975385	0012c0c2
63994332	0012c0dc
639ad655	0012c104
639e0cec	0012c11a
639ed316	0012c162
639efcf7	0012c19c
63a6a6c0	0012c1d0
63a725e1	0012c1f2
63a8cf56	0012c214
63a9ec57	0012c256
63aa206b	0012c26a
63aab9ba	0012c2ac
63aca218	0012c2da
63acf6a7	0012c2f6
63b02713	0012c342
63b03a4d	0012c342
63b19c7d	0012c386
63b1a3a8	0012c39e
63b2c162	0012c3d8
63b452d6	0012c3fa
63b49467	0012c43c
63b55b5d	0012c458
63b7fba7	0012c488
63bb77df	0012c4d2
63bd6f43	0012c514
63c1344d	0012c528
63c146c1	0012c554
63c163b3	0012c58c
63c384d9	0012c5c2
63c58b5b	0012c5fc
63c59033	0012c656
63c6aa16	0012c688
63c83a76	0012c6aa
63c84367	0012c6c8
63c9a74d	0012c71c
63cb1c80	0012c75a
63cbe0f3	0012c774
63ccfb9e	0012c796
63ce67d7	0012c7bc
63ced354	0012c7ea
63d477ff	0012c832
63d4eb2e	0012c862
63d5510b	0012c89a
63d746f3	0012c8b8
63d7e3db	0012c8ec
63d82ba3	0012c918
63d9f46b	0012c96e
63da79e9	0012c994
63dd0727	0012c9ae
63dda415	0012c9e8
63df4f7e	0012ca12
63e1076b	0012ca3a
63e23a3b	0012ca6c
63e2a08e	0012caa0
63e3b8f7	0012cae8
63e656b9	0012cb1e
63e77f0a	0012cb5a
63e7ad5c	0012cb7e
63e80564	0012cb9c
63e90c29	0012cc02
63ec4792	0012cc36
63ee384b	0012cc7c
63ef48c8	0012ccb8
63efa54a	0012ccde
63f00d3c	0012cd22
63f3b347	0012cd4a
63f8028d	0012cd86
63f90a13	0012cdc4
63fb51ac	0012cdfc
63fc2ccd	0012ce3a
63fc956b	0012ce6a
63fe940a	0012ce94
640008b3	0012cebc
6401b480	0012ced0
6403542a	0012cefc
64037e87	0012cf30
6404b23e	0012cf76
6406a164	0012cfac
640bf79d	0012cfce
64127dd4	0012cfe2
6413b27c	0012d008
64145d75	0012d028
6414cffb	0012d084
6415f5ad	0012d0b0
64177bb2	0012d0ec
641b5c5b	0012d12e
641c0313	0012d14e
641c735c	0012d176
641c8b46	0012d1ba
641cf948	0012d1e2
6421c55c	0012d1fe
6421e33d	0012d21e
6425a8fa	0012d23e
6427fc6b	0012d25a
64296466	0012d27a
6429c439	0012d2a4
642aeb14	0012d2ea
642bf21d	0012d31e
642cb942	0012d356
642f77d0	0012d378
643021b8	0012d3b0
64319d97	0012d3fa
643391ce	0012d44e
6433f19a	0012d466
64341782	0012d4a4
6434a224	0012d4d8
64350f97	0012d52c
64356baa	0012d56a
64367936	0012d58c
643a32d8	0012d5c8
643a607b	0012d60c
643f86e9	0012d630
6441c4d5	0012d66c
6442a263	0012d6d8
6443b443	0012d700
6446085c	0012d75e
64462026	0012d7a0
64483c72	0012d7c2
64497fa5	0012d816
64499491	0012d83e
644a0157	000f58da
644a019e	000f58da
644a12a7	000f58da
644a131e	000f58da
644a1588	000f58da
644a1c1c	000f58da
644a23e7	000f58da
644a29a9	000f58da
644a2c1e	000f58da
644a30f7	000f58da
644a335a	0012d866
644a34fc	000f58da
644a3784	000f58da
644a3888	000f58da
644a39a9	000f58da
644a3a32	000f58da
644a3bd9	000f58da
644a3c55	000f58da
644a3ceb	000f58da
644a3e45	000f58da
644a3ef7	000f58da
644a3fa8	000f58da
644a4323	000f58da
644a45ef	000f58da
644a4c2d	000f58da
644a4c9b	000f58da
644a4d8b	000f58da
644a5013	000f58da
644a54a8	000f58da
644a57c9	000f58da
644a5874	000f58da
644a5da0	000f58da
644a5e95	000f58da
644a6032	000f58da
644a64e6	000f58da
644a658a	000f58da
644a6640	000f58da
644a6ce9	000f58da
644a6dc3	000f58da
644a6fe6	000f58da
644a7cb4	000f58da
644a7d7e	000f58da
644a8258	000f58da
644a935a	000f58da
644aa8e4	000f58da
644aaeee	0012d898
644ab75d	000f58da
644ac03c	000f58da
644ac0bd	000f58da
644ad0e3	000f58da
644aee4b	000f58da
644af207	000f58da
644af226	000f58da
644af803	000f58da
644bbd1e	0012d8ce
64511f64	0012d90a
6451edfc	0012d92c
6452809a	0012d948
6455473a	0012d964
6456804f	0012d9b0
6458b705	0012da00
645a2d1d	0012da42
645ec6e7	0012daae
645f3b72	0012dad2
6460ea9f	0012db0a
64615f38	0012db5e
64631607	0012db88
64660b08	0012dbcc
6466acec	0012dbec
6467298f	0012dc0a
64679dba	0012dc60
6467e60b	0012dcac
6467eb23	0012dcf8
64682ed9	0012dd46
646b4a1e	0012dd6c
646fcad4	0012ddc2
647049e0	0012ddf4
647164dc	0012de1a
64741901	0012de5c
64774b86	0012de80
64790e21	0012dea2
64797514	0012dee0
647b6a5e	0012def2
647c05c1	0012df36
647c1eaf	0012df70
647c4e07	0012dfb0
647c6e04	0012dfe2
647c8a96	0012e00c
647f9875	0012e030
6481d5df	0012e064
6482b39e	0012e088
648532b3	0012e0b0
6485fbf6	0012e0f2
6486335e	0012e11e
6487cdd8	0012e148
648bab60	0012e170
648be734	0012e1b6
648dab54	0012e1dc
648f3406	0012e204
64926abc	0012e234
6493ff62	0012e260
649438c3	0012e29e
6496c084	0012e2cc
6496d85c	0012e2e4
6496ee21	0012e2fe
64980815	0012e320
649c0d94	0012e34a
649dc0fe	0012e368
649edfe9	0012e3aa
64a1d6f6	0012e3e4
64a20d6d	0012e3fa
64a28930	0012e468
64a2e476	0012e4ac
64a30e2e	0012e4de
64a37988	0012e500
64a66715	0012e538
64a66e36	0012e55a
64a729d2	0012e59e
64a7b06a	0012e5d8
64a9350d	0012e602
64a96728	0012e620
64a98cc5	0012e63e
64ad2107	0012e672
64ad54a7	0012e6a4
64ae8858	0012e6da
64afe4d6	0012e6fc
64b1a959	0012e71a
64b26866	0012e73a
64b3403c	0012e75a
64b6c789	0012e79a
64b80ecc	0012e7d4
64bacae5	0012e812
64bd51f2	0012e83a
64be229b	0012e876
64be747b	0012e8a8
64be8e9d	0012e8c4
64bf78a0	0012e8f2
64c27511	0012e922
64c356de	0012e964
64c5b8cd	0012e97c
64c63bfd	0012e9ac
64c7b218	0012e9e0
64cb059b	0012ea0e
64cc3241	0012ea36
64cd0f3b	0012ea56
64d0c3ba	0012ea7c
64d12898	0012eaa6
64d1494a	0012eac6
64d173a7	0012eae4
64d1a13f	0012eb16
64d1a2bc	0012eb40
64d1a4de	0012eb16
64d21263	0012eb66
64d2aa1f	0012ebce
64d38ba7	0012ebec
64d3d692	0012ec18
64d3dd86	0012ec78
64d49502	0012ec98
64d52987	0012ecbe
64d64efc	0012ecf6
64d799b3	0012ed24
64da459a	0012ed4c
64db557a	0012ed74
64de902c	0012edb8
64dee8c7	0012edde
64e01d46	0012ee10
64e13a8f	0012ee54
64e1f9c5	0012ee80
64e47d2f	0012eec8
64e4cbe7	0012eef6
64e54863	0012ef34
64e58e03	0012ef86
64e6c19c	0012eff2
64e6e486	0012f038
64e8d256	0012f05e
64e99f7f	0012f082
64ead5f0	0012f0f4
64eb873b	0012f13c
64f191df	0012f16a
64f1d5b7	0012f1c8
64f24866	0012f1ee
64f556f9	0012f23c
64f68727	0012f25c
64f6d206	0012f276
64f80fc1	0012f29e
64f82b60	000baa64
64f840c2	000baa64
64f85237	000baa64
64f86639	000baa64
64f875b3	0012f29e
64f87882	000baa64
64f87d11	0012f29e
64f8e757	000baa64
64f93cf5	0012f2b2
64fbe1eb	0012f2f2
64fdb228	0012f318
64fdea7b	0012f348
64fdee05	0012f382
6505f2f4	0012f3b0
650c17c2	0012f3f6
650e8775	0012f430
650f78ab	0012f456
6510f734	0012f492
651115e4	0012f4d4
65116617	0012f4f4
6511da3c	000f6702
6511fff8	0012f542
6513bc37	0012f55e
651482b7	0012f5a0
6514c464	0012f5c8
65184ec2	0012f600
651b1feb	0012f624
651b7c02	0012f678
651cb459	0012f6a0
652017f0	0012f700
652043fe	0012f730
6520b5c7	0012f79c
6521d10d	0012f7da
65239c42	0012f828
6525fc61	0012f844
65262ba3	0012f868
65267fc2	0012f8b2
6526f398	0012f8d8
6526fb52	0012f8f2
6527de82	0012f938
6527e87d	0012f98a
652a1bdb	0012f9be
652fdc02	0012f9f6
65313899	0012fa20
6531f0d2	0012fa44
6531ffc3	0012fa6c
6532bfc5	0012fa9a
653321de	0012fabc
65363713	0012fad0
65380642	0012fb24
65383dd7	0012fb50
653c7af9	0012fb9a
653d7452	0012fbce
653dc61e	000f74ae
653dfecd	0012fbf4
653ec8df	0012fc0e
6542dee4	0012fc40
6543b23b	0012fc6e
654bb9e0	0012fca0
654ca7e1	0012fcf2
654e860b	0012fd0a
654eb20d	0012fd28
654f71fc	0012fd82
654f82f6	0012fdb2
65501f92	0012fdca
65518b89	0012fe14
6553bab4	0012fe3e
655503ba	0012fe6c
65554035	0012fe84
6555b53c	0012fec6
655807ad	0012feee
655b5754	0012ff3a
655e1fb2	0012ff62
655f2007	0012ffb0
655fd1ca	0012ffd6
65635285	0013000c
6563697d	00130022
6565072c	00130074
6565701f	0013009c
65668c1e	001300c2
656717e6	001300fe
656a1c5b	0013011c
656b188b	0013013c
656c782f	001301b8
656e409b	0013021c
65714a0d	0013023e
657212be	0013026a
657300f5	001302a6
65730519	001302a6
657310de	00130300
657ad5e9	00130336
657dc1d9	0013035a
657f5da8	00130382
657fa654	001303e6
657fdb5b	00130404
6581f3b8	0013046c
658390b4	001304cc
6583bd2f	0013050e
65897320	0013054a
658aaee1	0013056a
658ba640	001305a2
658cb2e4	001305c6
658ed0f2	001305e0
658f7079	0013060c
65905370	00130656
6590cad4	00130672
6594cd09	001306a2
659b42f3	001306f0
65a0bab3	00130708
65a1378f	0013074a
65a173de	00130794
65a1fbec	001307cc
65a2a5e0	001307fc
65a538b2	00130830
65aca3fe	00130878
65ade2d6	001308c0
65af2347	001308ec
65af4df0	0013091e
65af5914	00130954
65b0d83c	00130986
65b13818	001309b0
65b518d6	001309f8
65b767cb	00130a2a
65b84b9c	00130a64
65bce70e	00130aa4
65bd82cb	00130aca
65bdbe68	00130af2
65c0f390	00130b0e
65c148fe	00130b3a
65c1a1c5	00130b68
65c1d01e	00130b8a
65c2639a	00130bb0
65c33e8c	00130bf6
65c54cb1	00130c0e
65c5621d	00130c6c
65c6cafc	00130c96
65c722f9	00130cbc
65c882f4	00130cd2
65d01c5d	00130cf8
65d12a0a	00130d3e
65d5436d	00130d6c
65d5e7c9	00130d8a
65d6b59e	00130dba
65d8d114	00130dde
65da6690	00130e0a
65dbf34d	00130e54
65dd9f60	00130e9c
65de7d2a	00130ed8
65df73c2	00130f26
65e3ea39	00130f50
65e6e3ff	00130f6a
65e89865	00130fa4
65ec783e	00130fb2
65ed4378	00130fde
65ed5217	00130fea
65eda6da	00131010
65ee786d	00131030
65f17474	0013104a
65f27c0a	00131074
65f394ee	001310a6
65f524b1	001310c0
65f59987	0013110a
65f7b60e	0013114c
65f7dbc5	0013114c
65f89095	00131168
65f92b17	001311a2
65fc19b1	001311d6
65ff6860	00131228
65fffeaa	0013124e
660116c5	0013127a
6604e7f3	00131292
6606786e	001312b4
6608077b	001312f4
6608acb1	0013133a
660986e4	0013135a
660b6f96	00131374
660baa2d	001313a0
660d7d40	001313c4
660dd4d7	001313fe
660e52ed	00131430
660f97af	00131454
6610f32b	0013148a
6612a758	001314b6
66153b64	001314d8
661581d1	00131506
66176e4b	00131530
66181f86	00131556
66194f27	00131578
66195ea5	00131596
661c48fb	001315ae
661c55c7	001315d0
661cbe8a	0013161a
661eca93	00131672
661f3111	001316b8
662190c4	001316de
6622108f	00131724
6622559b	0013174a
6623057e	0013176c
6623dcb3	00131796
66243e42	001317c8
66284649	00131854
66297158	0013188a
662aa0e4	001318b8
662cf4a6	001318e4
6630c62c	00131936
6630cdef	00131970
6632d349	001319a4
6636bbf7	001319f6
6637ad2d	00131a3c
6637d354	00131a88
663af16b	00131a96
663ea222	00131abe
66465166	00131ae8
66469185	00131b66
6646a569	00131ba2
664a9be3	00131bd4
664ca842	00131c0e
664d5ad7	00131c46
664de1be	00131c5a
664f90a1	00131c72
66519e7c	00131c90
66541720	00131cb2
6657282b	00101d42
66595621	00131cc8
665b71e7	00131cee
665f49d8	00131d26
66619ced	00131d64
6661ef6d	00131d9c
6662c3c1	00131dc4
6662d155	00131dc4
6662ffeb	00131dc4
6663bf1f	00131e44
6665f246	00131e72
66664ad1	00131e90
66674d7c	00131ea8
6667c4fc	00131eec
666a1bb8	00131f12
666e822d	00131f38
666ff128	00131f50
6670f922	00131f88
6674659b	00131fb8
66752db2	00132004
66757230	00132058
667774e1	0013208c
66795a3e	001320bc
667ec321	001320ea
667fcc9e	00132116
668199e9	00132142
6681b651	0013215e
6681f645	0013217c
66827485	001321b2
66828795	001321d4
6683a132	001321f4
6683ad88	0013221e
66852aea	00132258
6685c10d	0013226a
6685cc52	00132258
6685efc3	00132258
6685fa31	00132258
66869555	001322a4
668880a9	001322c0
66896370	001322e4
668cfd92	001322f8
668d0a93	0013232e
668d1a10	00132354
668d2210	00132376
668e2ef4	00132392
668ea857	001323d8
668ecf5f	00132410
668f1fa5	00132434
66905061	0013245e
66908d53	0013245e
6690c4c1	000dfd62
669640a5	00132470
6697a4e3	001324b6
6698d28d	001324f2
669a73a5	00132538
669afbea	00132560
669b45d6	001325b2
669ca8de	001325ec
669d80ba	00132638
669edbb8	0013265c
669fd4d0	001326be
66a11c76	001326ea
66a1ab7a	00132712
66a1bf80	0013276c
66a4dbf3	001327a8
66a598f9	001327f8
66a7a4da	00132832
66a83a23	00132862
66ab3764	00132882
66ac9634	001328c0
66ad51c4	001328f4
66ad774a	0013290a
66b03b93	0013291c
66b1088e	00132952
66b41483	0013297a
66b45257	001329a2
66b61579	001329cc
66b61d6d	001329ec
66b8e346	00132a16
66bc58f5	00132a40
66bcc8e8	00132a68
66c04c3c	00132a9e
66c13e72	00132ac8
66c21a4d	00132b1a
66c4ea88	00132b6a
66c7cced	00132baa
66c86723	00132bd8
66c8a62c	00132bfe
66caa33d	00132c2c
66caacb5	00090588
66cab89b	00132c42
66cb7200	00132c5e
66cd99c1	00132c96
66cda225	00132cb2
66ce1971	00132d12
66dbbf87	00132d4e
66dc283b	00132d7a
66dd9e11	00132dac
66ded6ec	00132dce
66df3518	00132df2
66e15328	00132e22
66e5bb9c	00132e3a
66e60ba8	00132e6e
66e64dac	00132eaa
66ea819f	00132ec4
66eacc0f	00132ec4
66ead714	00132ec4
66eb8896	00132ed6
66ebba81	00132f0c
66ed70d3	00132f28
66eead2f	00132f66
66eeeb4f	00132fde
66efac2f	00133014
66f0035d	00133040
66f120bd	00100fa0
66f127a5	00100fa0
66f18682	00133062
66f18ea4	00100fa0
66f19795	00100fa0
66f19ac4	00133062
66f19c9e	00100fa0
66f1a2f7	00100fa0
66f1bc83	00100fa0
66f1c214	00100fa0
66f1c7fa	00100fa0
66f1cc4f	00100fa0
66f1d086	00100fa0
66f1ef8a	00100fa0
66f1f5dd	00133076
66f1f8c1	00100fa0
66f1fd35	00100fa0
66f49136	001330a4
66f60ea8	001330ec
66f64366	00096510
66f6d285	00133102
66f77152	0013313e
66f97087	00133188
66fa0a90	001331a8
66faecf1	001331cc
66fb8b5a	001331fe
66fbefa7	00133246
66fcbdd4	0013325c
66fd4a23	00133274
66fe0f48	001332b0
6701fe9f	001332cc
6705eb68	0013330e
670604a0	00133336
67061ba2	00133336
670932ef	0013334e
67099c65	00133374
670a281c	0013338c
670bb00f	001333a2
670bb4f9	001333fe
670d9140	00133428
670fe911	00133440
6711a2bd	001334a2
67158881	001334c8
6715b242	001334f8
67171bd6	00133532
67177185	0013357e
6718b6c7	001335b8
671b72e0	00133600
671cdd59	00133642
671cf9cf	00133658
671cfd44	00133658
67237659	0013366e
6723dffe	001336ae
6723e37d	001336da
6723ee2c	00133734
6724776f	0013378a
672548e6	001337bc
6725af7f	001337f0
6725d399	0013381c
672a66cc	0013384a
672d3ed8	00133872
672d6f9f	001338a6
672f6faa	001338d0
6731372d	00133916
673188c8	00133936
673341b1	00133954
673445a5	00133974
67377f9e	0013399a
673a0de1	001339c8
673a6ec3	001339e2
673bf6ff	00133a10
673c6e3f	00133a38
673eb93f	00133a4e
67401277	00133a74
67408251	000a3dac
6740873c	000a3dac
67408a8a	000a3dac
6740ba07	000a3dac
6740bbf4	000a3dac
67426057	00133ab4
6743ef22	00133aec
6744ceff	00133b16
674549d6	00133b56
6748ac34	00133b90
6749aa57	00133bbc
674ceb44	00133be6
674d586f	00133c2c
674e73d4	00133c92
674ec6ff	00133cd4
674f379d	00133cee
674feec3	00133d34
67509725	00133d66
6750ec4b	00133d9c
67514aab	00133dc2
6752b1d9	00133e10
675707cc	00133e82
6759c7c8	00133e8e
675a0d68	00133eb4
675b7fa0	00133ec6
675f9f72	00133f2a
675fbdd8	00133f4c
67626a83	00133f70
6762fa6e	00133f84
6763edb1	00133fc6
67640175	00133fea
67648c4b	00134014
67657e80	00134070
67664cca	00134088
6766f678	001340a4
67697cbf	001340da
676e25d2	00134110
676e3ffb	0013414a
676f0ab8	00134162
67732556	00134196
67734cf5	001341b4
6774f28d	001341f6
67756e49	00134214
67772a4b	00134248
67783b17	00134270
67790a16	001342a4
677a278e	001342f2
677ba145	0013433a
677d3b5b	00134392
677e1a8e	001343be
677e9075	00134408
67802cb1	0013443c
6782beea	00134488
6783ca06	001344ea
678c3410	0013452c
678cb182	0013454a
678cf27c	0013456e
678f5b5b	001345e4
678f96a5	0013460a
6790d586	0013465e
6791d782	00134686
67944dab	001346a4
679a1ad5	001346c4
679ba6c6	001346dc
679d0478	00134706
679efade	0013473a
67a21e9d	00134766
67a281f4	001347a0
67a3e16f	001347e8
67a4e7c7	00134824
67a6c16b	0013485a
67a8f4cf	00134872
67a915ea	001348b8
67a9876e	001348ee
67a99320	001348ee
67aa20cc	00134904
67ad6de9	0013491c
67adb971	0013495c
67b09095	001349a6
67b12daa	00134a1a
67b15ff1	00134a40
67b19418	00134a54
67b20dbd	00134ab0
67b2201f	00134ab0
67b23aff	00134ab0
67b24f63	00134ac2
67b26847	00134ad2
67b27cd8	00134ae6
67b3535a	00134af8
67b5c6a7	00134b34
67b665cd	00134b7c
67b67c17	00134b9c
67b6bb1b	00134be4
67b8b3e7	00134c0c
67b94c60	00134c2a
67b98f38	00134c46
67be1fda	00134c8a
67bea0fc	00134cb6
67bed9f0	00134cf6
67bf1ca4	00134d16
67bf96b1	00134d5c
67c0c4eb	00134d9a
67c2b9a1	00134de8
67c38c3a	00134e12
67c7c7a7	00134e30
67c7d90c	00134e52
67c80bf5	00134e8e
67c8edbc	00134ec0
67c974d8	00134f22
67c98ddf	00134f44
67cc67a7	00134f62
67cfd5c2	00134f96
67d21955	00134fcc
67d231af	0013500c
67d3c5de	00135050
67d3c771	00135072
67d43a80	001350c4
67d6f6ca	0013512c
67d85db4	00135166
67d88fa5	001351b2
67d94455	00135206
67da6aa0	00135236
67dac3a6	00135278
67df59a2	00135296
67dffcaa	001352b0
67e26ca4	001352ca
67e2a4f7	001352fa
67e341f8	00135316
67e34ac4	0013534e
67e480fd	00135366
67e564b9	001353ac
67e5c97f	0013540a
67e858a9	00135436
67e95075	0013548a
67e9cba1	001354aa
67ea2748	001354d6
67ee1655	001354fc
67ee6844	00135524
67ef7510	0013555e
67ef977c	00135592
67f01a64	001355ca
67f1a85c	00135604
67f37789	00135626
67f614c6	0013564e
67f682bb	00135698
67f7f636	001356b0
67f86aab	001356e6
67f8dcd6	0013571a
67f8f8b4	00135738
67faef23	00135770
67fc5eef	00135796
67fe1f72	001357ea
67fff4cd	00135818
6800231e	00135830
680094b5	00135872
68029ce3	0013589c
6803518e	001358b4
680386bd	001358dc
6805864c	00135902
6805aa48	00135936
68063d49	001359b0
68069d79	001359da
68084331	00135a1e
680a27b2	00135a4e
680adf1d	00135aaa
680c9c58	00135ae4
680d2092	00135b02
6813015f	00135b44
681346dc	00135b94
6816c9aa	00135bc8
68179739	00135c1e
6819c864	00135c34
6819d734	00135c56
681b0d7f	00135c6e
681be1e0	00135c94
681c3c19	00135cd2
681e1c58	00135d26
681fb87a	00135d52
6820283f	00135d80
6820f5e0	00135db2
68216c08	00135dce
68219025	00135e00
682230da	00135e2c
6826350c	00135e80
68289f55	00135ea0
6828d22c	00135f02
682ab791	00135f28
682af0a9	00135f28
682b69ce	00135f66
682b92b9	00135fe0
682b9ce6	00136020
682c8aaa	0013604c
682fbd86	00136080
6832ab46	001360b4
683711e2	00136110
683776e4	00136150
68382522	00136170
683912e7	00136190
683b4424	001361c4
68441be9	001361f6
684568fa	00136220
6846c828	0013625a
68472d2a	0013627c
68474f8c	0013629a
6848b856	001362bc
68495ff2	001362d8
68498bb4	001362f8
684be3a7	00136314
684d0bbc	00136342
684dce92	00136366
684ef0ce	00136382
68502565	001363ac
6850b68f	001363e0
6853239f	00136420
6853c73b	00136456
6853c77e	0013647e
6854180f	001364a6
6855cffe	001364c0
6855eb6c	001364c0
685883e7	001364fa
6858d1e4	00136540
685b85e8	00136564
685d75cb	0013658c
685e62f2	001365c4
68605ffb	0013660e
68609fe4	00136652
6860b394	0013669a
6863924e	001366be
6867c251	001366ee
68682952	00136710
686a6614	0013673e
686afe8d	0013676a
686c1284	001367ec
686eaf4f	0013682a
686eaf6c	00136872
686fb170	00136894
686fbf67	001368d4
686ffd0c	001368fc
68701315	0013694a
68708319	0013698a
6870f5a7	001369e4
6872ab24	00136a04
68771d16	00136a60
68796ac7	00136a7e
68798331	00136ab6
687bb411	00136afc
687c0aed	00136b2a
68825f26	00136b5c
6884e592	00136ba4
6884e882	00136bbc
6884ef1f	00136c0e
6889320e	00136c34
688a60b4	00136c76
688d913f	00136c9c
688f260e	00136cd0
68947120	00136d04
6894bbc0	00136d40
6897197e	00136d5e
68972f63	00136d96
68982949	00136dd4
689c2104	00136e0c
689c3a72	00136e48
689ebd1a	00136e76
689fef2a	00136ea6
68a0deba	00136ee0
68a19e09	00136f04
68a3e517	00136f1c
68a42f20	00136f36
68a63511	00136f58
68a7d7ef	00136f7a
68abbc11	00136fa2
68ac15f6	00136fe2
68acf38e	0013700e
68acf92b	0013703c
68ae27cd	0013705c
68ae7be9	00137080
68af374f	001370ac
68b5fe8f	001370d6
68b62bb2	0013711c
68bdc65d	00137134
68be4783	00137158
68bfd3ab	00137190
68c43934	001371c0
68c48d26	001371f0
68c50f6d	0013721a
68c61e72	0013724a
68c8e08b	00137272
68ca5452	00137290
68cad4ec	0013730c
68caf6cc	0013739e
68ccb341	0013741e
68ce715e	00137434
68d1dbb5	00137476
68d307a0	001374ca
68d382b7	001374fa
68d3fa7c	00137528
68d4374c	00137570
68d5e01c	00137598
68d6e5df	001375c2
68d9181f	001375da
68da21ea	0013763c
68dabb1d	0013767e
68db12c7	001376b0
68db7782	0013771a
68dbb9ec	00137740
68dcbc0f	0013776a
68dccce6	0013779e
68dd8cd5	00137810
68dd9981	00137864
68dec9e3	00137892
68df0129	001378ae
68e22bc0	001378f2
68e31220	0013793a
68e331c0	00137956
68e3bf7f	0013793a
68e3c3aa	0013793a
68e3c530	0013793a
68e58ae7	00137976
68e943f8	0013799c
68e99917	001379ea
68eb58f1	00137a38
68ec4eb7	00137a5c
68ec9e77	00137a82
68ee2c44	00137aa6
68f051ba	00137ad4
68f0c50f	00137b28
68f105cc	00137b74
68f14571	00137bd4
68f4a345	00137c04
68f5f6a7	00137c36
68f818a5	00137c68
68fa89a0	00137c86
68fae3cb	00137cb2
68fc4ff4	00137cf8
68fe5278	00137d2a
68ff936d	00137d54
69001895	00137d98
6901cbc6	00137de8
69035029	00137e3c
6904d98f	00137e60
690510c4	00137e8a
6907d328	00137eac
690835bf	00137ebe
690881a4	00137ef4
690c4c59	00137f1c
690fe9ae	00137f40
69100f26	00137f5c
6910f2da	00137f8e
6912128a	00137fdc
6915e7cd	0013802c
69161754	00138076
691635fa	001380b0
691ba7f8	001380f4
691dd5e8	00138126
691e642e	00138152
691e9c72	0013816c
691ebfb9	001381a2
6920593b	001381c0
6920cbc3	001381de
6920f8c9	001381fa
69215e3e	00138220
6922719e	00138238
6924ba4b	0013825c
6925b728	00138296
69282f3e	001382d2
6928a1b1	00138318
692a8554	0013833c
692aa78e	0013835c
692ad75f	001383aa
692b0a35	001383d0
692daffe	001383f2
692f8f2c	00138416
692fcc2e	00138444
693494b1	0013846c
6935a4ac	001384c2
6937c2cd	00138528
69381d33	00138558
6939d7c4	00138598
693a5b22	001385cc
693ad63f	001385e6
693f612d	00138610
6940c3d3	0013864a
69410e1c	00138682
6942f6db	001386a8
6944e5df	001386da
69453e49	001386f4
6945498d	0013872a
69469afb	0013874c
6947a852	00138778
694cdff1	001387ac
694e04bc	001387ea
694f1a71	0013880e
694f4303	00138868
69510ed7	0013887c
6951f17d	001388b2
6952518d	001388e8
69537600	0013890a
6953f2da	00138942
6956b62c	00138980
69574a37	001389ce
6957860a	001389f6
6958b312	00138a16
695c6148	00138a52
695d89a8	00138a88
6960e36a	00138ac4
69624470	00138b08
6965bae1	00138b4c
6968f200	00138b98
696987cf	00138bd6
696bf23b	00138bee
696e2151	00138c1e
696e6a05	00138c32
696e7157	00138c44
69705b8f	00138c72
6970f53e	00138cac
6971d1e6	00138cde
6974cad1	00138d28
697676b0	00138d52
6979a0d9	00138d92
697cd475	00138de6
697cf940	00138e18
697da447	00138e70
69842c4d	00138e98
69848446	00138eb2
69856a08	00138eca
69858116	00138ef6
6985be3f	00138f16
6985f892	00138f46
69886818	00138f94
698b58ad	00138fc4
698bf747	00138fe4
698c7aa3	0013900a
698df980	0013902a
698e2ebd	00139068
698e55ae	001390cc
698e7a8a	0013910c
698f1fbe	0013913c
698f99aa	0013916e
69909727	0013918e
6990da09	001391ec
6990deb7	00139204
69953379	0013921c
69959a0f	0013925e
6995e4f5	0013925e
6995efe9	0013925e
69974516	00139278
69980527	00139296
6998ad5f	001392d2
699b2992	0013930c
699dd0e1	00139346
699ddc7e	00139370
699f9b82	0013939a
699ff899	001393bc
69a1fec9	00139426
69a2f6f4	00139454
69a3fb27	0013946c
69ab4f20	0013949a
69acab54	001394da
69ad6585	0013950c
69b294d8	0013954a
69b3678b	00139562
69b49623	00139594
69b4de06	001395d4
69b564b6	001395f4
69b9ee03	00139658
69b9fbed	00139690
69bad47b	001396b2
69bca298	001396dc
69bcc280	00139710
69c10822	00107ddc
69c171df	00107ddc
69c7e7f7	0013973a
69c92e0d	0013978a
69c98f18	001397b2
69cb5ec3	001397ec
69cbd3dc	0013980c
69ceba25	00139834
69cf98aa	0013984e
69cfe744	00139884
69d0549d	001398ac
69d557fc	001398d2
69d5c1ea	00139920
69d93078	00139950
69d9dd61	0013996a
69dbf622	001399ae
69e083be	00139a06
69e233b2	00139a4a
69e5ac03	00139a64
69e5ffd0	00139a9a
69e63ca6	00139ad6
69e701ef	00139af8
69e78c50	0009b0d4
69e794e1	0009b0d4
69e7fcf9	00139b12
69eb51b0	00139b6e
69eb8fcc	00139bae
69f0eb98	00139be8
69f0f4e5	00139c1e
69f10409	0007b892
69f410b9	00139c4c
69f83a8b	00139c84
69fa7f6f	00139c9e
69fc8eec	00139cd2
6a04e634	00139d24
6a05dc50	00139d4c
6a069862	00139d8a
6a07c947	00139dbc
6a083ade	00139e14
6a085329	00139e3e
6a09c7ae	00139e5e
6a0a1d5c	00139e88
6a0cb8a7	00139ea2
6a0d5918	00139ede
6a0e0760	00139f04
6a0e1a32	00139f2c
6a124554	00139f60
6a155e94	00139fb4
6a182c94	00139fe8
6a1a0899	0013a01c
6a1b0842	0013a046
6a1b0b7f	0013a078
6a1e4cd2	0013a0a4
6a222e8e	0013a0d0
6a223fa7	0013a12e
6a2396cb	0013a164
6a23bed7	0013a1c0
6a23c4f0	0013a214
6a25baf8	0013a23a
6a26b0a1	0013a26a
6a28366d	000d977a
6a28b240	0013a284
6a2b7d99	0013a2ba
6a2c1a56	0013a2d0
6a2deb33	0013a2ee
6a2fc538	0013a32e
6a307e05	0013a356
6a336314	0013a384
6a33f00a	0013a3a0
6a3469f0	0013a3f0
6a3571d3	0013a412
6a3918b4	0013a444
6a399372	0013a480
6a3a50c9	0013a4ae
6a3cc92d	0013a4e4
6a3cf3c6	0013a514
6a3e9134	0013a53c
6a3f0569	0013a578
6a40031e	0013a5e2
6a42ac9b	0013a5fc
6a43adde	0013a640
6a449259	0013a65e
6a48f93c	0013a67c
6a4970e3	0013a6a4
6a4b89d6	0013a6da
6a4cde88	0013a724
6a4d0866	0013a75c
6a4dd0db	0013a77e
6a4e3d80	0013a798
6a4e8009	0013a7d6
6a4ffd79	0013a808
6a50eb17	0013a830
6a5450b8	0013a8aa
6a545401	0013a8ee
6a5509ab	0013a92e
6a5747ce	0013a970
6a5810b2	0013a9c2
6a588b34	0013aa0c
6a58e203	0013aa36
6a5bbb20	0013aa5a
6a5c5f25	0013aa9c
6a5e7897	0013aac2
6a62a604	0013aae8
6a644477	0013ab0a
6a65422d	0013ab2c
6a671224	0013ab52
6a6a9af5	0013ab70
6a6fcdd9	0013abd6
6a7003a7	0013abf6
6a710c4a	0013ac20
6a72a56a	0013ac4c
6a72b398	0013ac8c
6a734a77	0013aca2
6a73b165	0013accc
6a74e812	0013ace8
6a75ed5b	0013ad0c
6a76004a	0013ad3e
6a7657cc	0013ad58
6a782afc	0013ad76
6a79307b	0013ada2
6a7b0960	0013adce
6a7b3645	0013adf6
6a7b69bb	0013ae22
6a7c9790	0013ae40
6a7ca1d0	0013ae5e
6a7cdf0d	0013aea4
6a7e52e7	0013aef6
6a7f4c3a	0013af0c
6a836809	0013af5c
6a86093c	0013af7c
6a8cdf51	0013afb2
6a90229e	0013afe4
6a902795	0013b024
6a906465	0013b058
6a9106a3	0013b098
6a992f72	0013b0c2
6a9aec1d	0013b13e
6a9b453e	0013b1ae
6aa04fec	0013b1ce
6aa06a69	0013b23e
6aa147de	0013b26c
6aa2fc7c	0013b290
6aa45661	0013b2c8
6aa7ce1f	0013b338
6aa81b1f	0013b39a
6aa8426e	0013b3de
6aa9936b	0013b406
6aae260d	0013b47e
6aafcb30	0013b4a4
6ab0184b	0013b4fe
6ab13b3a	0013b526
6ab14769	0013b540
6ab1f138	0013b572
6ab1fb30	0013b59c
6ab344e0	0013b5c4
6ab5d472	0013b5f8
6ab8c16b	0013b674
6abc5108	0013b6d2
6abcc5d5	0013b6fe
6abcd5b6	0013b72c
6abd3a91	0013b788
6abf5c20	0013b7d8
6ac14a98	0013b7fe
6ac2e582	0013b80a
6ac31ecf	0013b83c
6aca21be	0013b860
6acc31ab	0013b88a
6ace9b5f	0013b8b0
6acf400e	0013b8ca
6ad10469	0013b8f2
6ad1ce65	0013b92c
6ad7434d	0013b96e
6ad8c481	0013b9b0
6ad9efe5	0013b9e8
6adb0cb3	0013b9f4
6adb209f	0013ba28
6adcaa6f	0013ba5e
6adfaa41	0013ba94
6ae28ef6	0013bad0
6ae3b06c	0013baf6
6ae45c3c	0013bb1c
6ae697a9	0013bb46
6ae9ddba	0013bba8
6aeb05a4	0013bbf2
6aec10ba	0013bc4e
6aee6577	0013bc78
6aeec101	0013bcbc
6af1138b	0013bd0c
6af1c11f	0013bd32
6af24b3a	0013bd64
6af43180	0013bd8e
6af67adc	0013bdb2
6af74361	0013bdea
6afa6a62	0013be14
6afb90b3	0013be54
6afbd21b	0013be72
6aff56c5	0013bea4
6aff6d10	0013bef2
6b00dadd	0013bf48
6b0443c2	0013bf7a
6b04b05f	0013bfc8
6b05eeb6	0013bff6
6b068f14	0013c012
6b06c31c	0013c05e
6b08cf8b	0013c084
6b09eef8	0013c0c4
6b0ab474	0013c112
6b0ae123	0013c132
6b0b13d2	0013c164
6b0b8d86	0013c198
6b0fc9ec	0013c1c4
6b113395	0013c1ea
6b124bcf	0013c236
6b130200	0013c25a
6b13351e	0013c276
6b15a133	0013c2a0
6b16b736	0013c2c4
6b17df2f	0013c2f2
6b17f5e1	0013c322
6b190f0f	0013c346
6b1a576f	0013c388
6b1a8301	0013c3b4
6b1a9169	0013c3ca
6b1a98ce	0013c3ca
6b1b4ab4	0013c3e0
6b1f1e4b	0013c3f4
6b20b1ef	0013c41a
6b23bebf	0013c43c
6b2473f0	0013c45a
6b266709	0013c49a
6b26edaf	0013c4f2
6b270ed3	0013c520
6b27283a	0013c54c
6b28d3ef	0013c580
6b2b52cf	0013c5ae
6b2f4723	0013c5e6
6b324e77	0013c60e
6b3457a4	0013c648
6b34953a	0013c664
6b34a7e3	0013c6c6
6b3632f8	0013c6e4
6b365043	0013c706
6b373373	0013c728
6b3a81b3	0013c74c
6b3a9062	0013c768
6b3b65ab	0013c7d6
6b3d203a	0013c7f6
6b3d2ae1	0013c83a
6b3d37c9	0013c864
6b4013db	0013c878
6b40de53	0013c8b0
6b4234e5	0013c8f4
6b454eab	0013c94e
6b45b93f	0013c96c
6b492be7	0013c99a
6b4bf9a8	0013c9b8
6b4c3aaf	0013c9ea
6b4cb602	0013ca24
6b543143	0013ca50
6b549428	0013cac6
6b56b62e	0013caf0
6b59db44	0013cb28
6b5a0993	0013cb6e
6b5ade35	0013cb84
6b5aedc3	0013cbb2
6b5dae5e	0013cbd2
6b5f8b7f	0013cc0a
6b63062f	0013cc4e
6b6342df	0013cc98
6b639093	0013ccbc
6b64744e	0013cd22
6b64e75a	0013cd5a
6b660922	0013cd92
6b66c633	0013cde0
6b6810a4	0013ce26
6b6820e6	0013ce26
6b6907d0	0013ce70
6b6c611c	0013ceae
6b6dd63b	0013cec4
6b6df76a	0013cf06
6b6dfbd9	0013cf1e
6b70dc63	0013cf7e
6b712c18	0013cfb8
6b72e1df	0013cfd8
6b733884	0013cffc
6b73d3d0	0013d02a
6b7435ba	0013d06e
6b76aa65	0013d094
6b8040da	0013d0ce
6b80d3fc	0013d114
6b81b869	0013d158
6b826f05	0013d19a
6b89a867	0013d1f2
6b8e3075	0013d23e
6b904bb3	0013d284
6b91f574	0013d2ba
6b9469a2	0013d2d8
6b953548	0013d2f0
6b9681a5	0013d33c
6b97ee4e	0013d386
6b994e5f	0013d3b0
6b9961d0	0013d3f2
6b998143	0013d41a
6b9a6853	0013d44a
6b9c346c	0013d498
6b9d3eaf	0013d4a4
6b9d82c4	0013d4cc
6b9dbd90	0013d50c
6b9ec7e6	0013d52c
6b9f060a	0013d554
6b9ff60d	0013d588
6ba03597	0013d5d4
6ba0caee	0013d622
6ba2cb6f	0013d646
6ba33fff	0013d688
6ba3b78a	0013d6a6
6ba41341	0013d6d6
6ba5588b	0013d72c
6ba9183c	0013d75e
6bac705d	0013d794
6bacdce4	0013d7e2
6bae85dd	0013d80c
6baf268e	0013d85c
6bb17476	0013d8a4
6bb18413	0013d8c6
6bb36d81	0013d908
6bb55c2f	0013d95e
6bb57cb3	0013d986
6bb5a55e	0013d9c8
6bb897c9	0013d9fe
6bbc3bfb	0013da44
6bbc81bc	0013dab4
6bbf65e1	0013dafa
6bbff753	0013db46
6bc096dc	0013db76
6bc0ee82	0013db98
6bc1255e	0013dbc4
6bc262ba	0013dc0a
6bc29692	0013dc42
6bc2f077	0013dca8
6bc368af	0013dcf0
6bc3fb36	0013dd18
6bc6e196	0013dd32
6bc81779	0013dd5e
6bcc2ba7	0013dd82
6bce9afc	0013ddb0
6bcf1413	0013ddfe
6bcf3988	0013de2e
6bcf80c2	0013de78
6bd41f8e	0013de9c
6bd501e6	0013ded6
6bd603aa	0013def0
6bd6318e	0013df3c
6bd724be	0013dfb4
6bd84028	0013dfd4
6bd93ee4	0013dffa
6bda20c2	0013e024
6bdb7353	0013e050
6bdc77e8	0013e0a6
6bde1a47	0013e0dc
6be02235	0013e11a
6be0bb0f	0013e13e
6be11b63	0013e168
6be30f6b	0013e1a6
6be43246	0013e1bc
6be867b7	0013e20e
6be98e8e	0013e23a
6bea1505	0013e256
6beb7b7a	0013e27c
6bec1952	0013e2b6
6bec68ff	0013e300
6becd729	0013e320
6bed46c5	0013e338
6bedd767	0013e376
6bef5e51	0013e3b2
6bef779c	0013e3f0
6bf142cf	0013e42a
6bf53c8f	0013e450
6bf56aee	0013e482
6bf74d14	0013e4ca
6bf8472a	0013e4ea
6bf84c04	0013e4ea
6bf851f9	0013e502
6bf870c1	0013e4ea
6bf87d73	0013e4ea
6bfaad17	0013e52c
6bfb2359	0013e59a
6bfcf0a9	0013e5bc
6c0290d2	0013e5f6
6c02aeec	0013e612
6c098488	0013e648
6c0b991e	0013e6a6
6c0cef92	0013e6fa
6c0d5064	0013e71c
6c0f97b4	0013e74e
6c0fcdc9	0013e78a
6c10c0c8	0013e7bc
6c10c43c	0013e7e4
6c1302f1	0013e7fc
6c14bc10	0013e842
6c157ea9	0013e874
6c183660	0013e898
6c1a2ee3	0013e8e4
6c1aea51	0013e92c
6c1e8dec	0013e956
6c1f04cd	0013e984
6c208ad1	0013e9cc
6c21c701	0013ea36
6c25c816	0013ea58
6c2687b6	0013ea72
6c26983e	0013ea9c
6c298787	0013ead8
6c2ad862	0013eaf0
6c2b2dc3	0013eb26
6c2ef3ed	0013eb4e
6c2f6d42	0013eb78
6c328852	0013eb9a
6c32e50a	0013ebce
6c338db7	0013ebf8
6c35c956	0013ec4c
6c367452	0013ec88
6c393cf5	0013ecc6
6c399cae	0013ed04
6c39aab9	0013ed68
6c3b48bc	0013edce
6c3bfff8	0013ee14
6c3d1957	0013ee36
6c3e9e32	0013ee6a
6c3ebb1e	0013ee9e
6c3ff05a	0013eed0
6c40548c	0013ef0c
6c428999	0013ef34
6c44efea	0013ef62
6c46795f	0013ef8c
6c47abe8	0013efb2
6c480bfc	0013efd6
6c480d5c	0013f024
6c48435d	0013f078
6c494993	0013f0ae
6c49a15f	0013f0e2
6c49a1c7	0013f0e2
6c49fab9	0013f112
6c4c1464	0013f15e
6c4d3cb3	0013f17a
6c4dc9c8	0013f1c0
6c4f562b	0013f202
6c54bd66	0013f22e
6c587d3b	0013f250
6c58a384	0013f270
6c5934e6	0013f29e
6c5b1d84	0013f2e6
6c5bf3d5	0013f332
6c5c18c6	0013f358
6c5e8514	0013f382
6c612804	0013f3c6
6c614f46	0013f3e8
6c6565dd	0013f444
6c6645ce	0013f49c
6c678d8f	0013f4bc
6c6b3591	0013f510
6c6de869	0013f544
6c6e0b7f	0013f55a
6c704cb4	0013f57e
6c735851	0013f5da
6c73dae1	0013f5ea
6c7435ef	0013f604
6c743874	0013f666
6c7571ea	0013f6a8
6c798264	0013f6de
6c7b76da	0013f734
6c7fa891	0013f752
6c7ffaa8	0013f78c
6c803e3b	0013f7ae
6c80587f	0013f7da
6c81e9e4	0013f802
6c824236	0013f834
6c847047	0013f85c
6c87325b	0013f896
6c87bfc1	0013f8d8
6c87ff7c	0013f8fc
6c8a6710	0013f92e
6c8e9f79	0013f970
6c912f74	00060616
6c913c1f	00060616
6c9160c6	00060616
6c91b2a1	0013f9a0
6c92beeb	0013f9c6
6c94748a	0013f9ea
6c9672a5	0013fa08
6c99b28d	0013fa20
6c9a250a	0013fa5a
6c9af548	0013fa7c
6c9bf55d	0013fa94
6c9c0e5d	0013faae
6c9cc38c	0013fae6
6c9d50dd	0013fb20
6c9d69f2	0013fb42
6c9da457	0013fb6a
6c9dcef9	0013fbac
6c9eb46f	0013fbe2
6ca26b9f	0013fc04
6ca35dfd	0013fc4e
6ca434f6	0013fc74
6ca49ed2	0013fc8c
6ca4cd77	0013fcae
6ca5b276	0013fce6
6ca66d39	0013fd7a
6ca90bf4	0013fda0
6ca95ca9	0013fdb8
6caa4320	0013fdf2
6cadfed6	0013fe26
6caf40d1	0013fe86
6cb19f09	0013fe9e
6cb2bae8	0013fef2
6cb2d32f	0013ff58
6cb3b0c4	0013ff78
6cb511df	0013ffca
6cb85859	00140010
6cbb1c02	00140046
6cbb348e	001400a2
6cbbf9da	001400c4
6cbd424c	001400fa
6cbe6d42	00140118
6cbf44c7	00140166
6cc07343	0014018c
6cc66b8b	001401bc
6cca1529	001401e8
6ccdd2ec	0014021e
6cd2d9bc	0014025c
6cd32de0	0014029c
6cd451ee	001402d4
6cd739f3	001402e6
6cd744da	00140324
6cd94491	00140364
6cd9a970	001403a8
6cdb96ea	001403d0
6cdc0d7d	001403f6
6cdc4b80	0014044a
6cdd2f0a	0014049a
6cde2eb4	001404c8
6ce0a98f	001404ea
6ce60712	0014051a
6ce7838e	0014054a
6ce7c019	00140574
6ceb5b8c	001405a4
6ced73ca	001405d8
6cef140c	00140664
6cef7eff	0014068c
6cf1b488	001406d0
6cf1b58f	001406d0
6cf2197e	001406fa
6cf2e98a	00140744
6cf737ee	00140790
6cf73b88	001407aa
6cf74d96	001407ca
6cfa3f57	001407ec
6cfdc51d	00140830
6cff30ca	00140862
6d004f26	00140892
6d02dd15	001408e6
6d03d881	0014091c
6d07489f	00140990
6d08f3cc	001409b4
6d0a75b8	001409e4
6d0b1479	00140a2a
6d0b6eb1	00140a5a
6d0b7603	00140a72
6d12832e	00140ab6
6d129f27	00140ad0
6d14229d	00140b0c
6d144fa4	00140b46
6d1b7e64	00140baa
6d1df26d	00140bce
6d1ebfb8	00140c06
6d1f7492	00140c1e
6d20dc2e	00140c40
6d21d033	00140c62
6d21ef0d	00140c74
6d234744	00140ca6
6d23b390	00140ccc
6d265d3f	00140cf8
6d267b1a	00140d24
6d29dd4c	00140d6c
6d2a5cff	00140d8a
6d2dd718	00140db8
6d2f3193	00140de8
6d3151de	00140e0e
6d318cc2	00140e62
6d32e154	00140eba
6d37167d	00140ef4
6d389a52	00140f08
6d3e9777	00140f22
6d3f2395	00140f38
6d3f8a9a	00140f64
6d40fa9e	00140f7a
6d41242e	00140fa4
6d41e99e	00140fbc
6d420d1e	00140fd8
6d4b41ed	00141016
6d4b99e2	0014105e
6d4c7828	00141078
6d4de3aa	001410a8
6d50c933	001410dc
6d511c20	00141132
6d52f26a	00141150
6d53244b	00141190
6d55c578	001411b0
6d55d7c4	00141224
6d56be34	00141280
6d57b543	001412c2
6d58273d	001412fe
6d5bc43f	0014132c
6d5bf659	00141370
6d5c35e6	001413ee
6d5dcefa	0014140c
6d5e1f64	0014143e
6d5e38e7	0014147a
6d5f1269	001414ba
6d672a6b	00141506
6d678de5	00141526
6d684040	00141570
6d690e57	001415ae
6d6d71f2	00141612
6d74459f	00141640
6d752142	00141674
6d767ad2	001416a4
6d78810c	001416c4
6d7cfb7b	00141700
6d8007fb	00141738
6d86ee23	00141776
6d8811b4	001417c2
6d886467	001417fc
6d8d7389	00141840
6d8efd1d	0014187c
6d903474	001418a2
6d934741	001418ce
6d94dc5b	00141920
6d94ec4c	00141920
6d9a5712	00141958
6d9bd729	00141994
6d9f3686	001419bc
6d9f372f	00141a02
6da03478	00141a28
6da133cb	00141a66
6da27455	00141a9a
6da34cbc	00141adc
6da36bd6	00141b0c
6da9f2ca	00141b2a
6daa6901	00141b5c
6daae468	00141b84
6dadde1b	00141bce
6daf79f8	00141bfa
6dafb8b7	00141c30
6db072c2	00141c6a
6db0a61b	00141c9c
6db1ab1b	00141cc4
6db1c028	000b7f08
6db1c71e	00141d0c
6db1c8a0	000b7f08
6db24768	00141d20
6db44c77	00141d4e
6db4ee5e	00141d6a
6db65dd2	00141dbc
6db6c09e	00141e1e
6dba6af8	00141e8a
6dbf0953	00141ec8
6dbfb77b	00141ef0
6dc0246b	00141f10
6dc3e52b	00141f36
6dc57580	00141f76
6dc8d2bb	00141fce
6dc91d52	00141ff4
6dcb1476	0014202a
6dcd1881	0014204e
6dcdcabf	0014207c
6dcf965c	001420ae
6dd01032	001420ea
6dd280fc	0014211c
6dd45c29	0014213a
6dd5b5e4	00142182
6dd8511c	001421d2
6ddc30a2	001421f0
6ddfe4df	0014227a
6de0ef12	001422b0
6de1627b	001422d4
6de43bac	001422fc
6de941ce	00142316
6decb87f	00142336
6dee8736	0014234c
6deffbdd	0014238a
6df0ed82	001423d8
6df1100c	0014241c
6df126bb	0014245c
6df2f26a	00142480
6df6586d	001424a8
6df7bbea	001424e8
6df7f53c	00142524
6dfa0748	00142580
6dfa3ff5	0014259e
6dfa730e	001425bc
6dfaac72	00142614
6dfc0d1f	00142648
6dfca381	00142676
6dfd924b	00142698
6dfe905d	001426c2
6dfecf53	00142704
6dfef7b8	0014272a
6dff24b2	00142762
6dffc8bb	001427a2
6e003ce5	001427ca
6e02b647	001427ee
6e03af91	00142828
6e052f2c	00142856
6e055986	0014286c
6e069520	001428a0
6e07b00c	001428e0
6e0b2b7d	0014291a
6e0b5424	0014294e
6e0c6dd8	0014296a
6e0d6ce4	001429ae
6e0d7ec8	001429d0
6e0ed8af	00142a10
6e12f9d5	00142a3e
6e15a5bf	00142a5a
6e16af3b	00142a86
6e1924d1	00142aa8
6e1c54eb	00142b02
6e2085b0	00142b7a
6e20e8ca	00142baa
6e22a6bb	00142bca
6e25fc4d	00142bfe
6e2b5462	00142c22
6e2c584f	00142c3e
6e2f0f1d	0009be1a
6e2f8579	0009be1a
6e2f89ea	0009be1a
6e2f9181	0009be1a
6e2f9a63	0009be1a
6e2f9d2b	0009be1a
6e2fa375	0009be1a
6e2fc037	0009be1a
6e2fcb08	0009be1a
6e2fd003	0009be1a
6e2fd8a1	00142c88
6e2fdcdc	0009be1a
6e3156b4	00142cce
6e35ae54	00142cfa
6e366879	00142d28
6e36b9f2	00142d42
6e38e3c4	00142db6
6e3e7b28	00142dcc
6e3eaa0c	00142e22
6e3f6ca4	00142e58
6e408e54	00142e8c
6e416539	00142eac
6e4678e8	00142edc
6e4724d7	00142f36
6e4bb7c2	00142f4c
6e4be153	00142f7e
6e4ceaaa	00142fc4
6e4e4292	00142fe6
6e4f3678	0014301e
6e5080cc	0014307a
6e50e3da	001430d4
6e53a0bf	00143110
6e53f2e3	0014313a
6e5a20d1	00143156
6e5b77cd	0014317c
6e5ba049	0014319a
6e5e7b32	001431c8
6e5ef799	001431fa
6e61f178	00143224
6e622a08	0014326a
6e636b23	00143286
6e682821	001432b0
6e6882a7	001432da
6e692d2d	00143302
6e6c59bf	00143342
6e6d6aa8	0014335e
6e6e0cd0	0014338c
6e6e2e5e	001433c6
6e6f865c	0014340e
6e70e89e	00143466
6e718ff1	001434b4
6e71cc1d	001434de
6e736c5d	00143504
6e797ce2	00143534
6e7b63bd	0014354a
6e7b7e32	00143576
6e7bd465	001435be
6e7ca4de	001435ea
6e7ca7ac	00143608
6e7e6890	00143638
6e7f6926	0014366a
6e81eea6	00143688
6e832c22	001436b2
6e83c658	001436f2
6e855264	00143738
6e8654b4	0014376a
6e87d645	001437c2
6e885cc1	00143804
6e8917c8	0014385e
6e8a673c	001438c4
6e8a9937	001438f0
6e8c280b	00143910
6e8e894e	00143938
6e904c32	00143960
6e93edbc	00143996
6e97533c	001439d4
6e987cc6	00143a1c
6e9888eb	00143a60
6e9cdd9e	00143aac
6e9debcf	00143ac2
6e9e32e1	00143b0c
6ea0c76f	00143b56
6ea3ad1c	00143b8a
6ea4e88d	00143bb4
6ea5333f	00143bdc
6ea60907	0013000c
6ea6b4f1	00143bf4
6ea6f97d	00143c0a
6ea73893	00143c2e
6ea74b84	00143c5c
6eac8642	00143c94
6ead323f	00143cae
6ead6e45	00143cda
6eadb14e	00143d30
6eade335	00143d60
6eb3b686	00143d84
6eb4b879	00143da4
6eb4df6d	00143dc4
6eb4fd83	00143de4
6eb65f50	00143e06
6eb90058	00143e38
6eb94172	00143e74
6eba0e5a	00143eac
6ebbdcbc	00143ef8
6ebe3fbf	00143f40
6ebe85b6	00143f40
6ebfdacd	00143f60
6ec03782	00143fa8
6ec0a895	00143ff2
6ec33ede	0014403e
6ec517ab	00144068
6ec8793d	001440b4
6ec93a40	001440d2
6ecbb616	001440ec
6ecd1c8f	0014412c
6ecf2504	0014415a
6ed1d201	00144192
6ed2ea66	001441b0
6ed3c4e7	001441f2
6ed46bba	00144242
6ed7328e	00144264
6ed849e5	001442ae
6ed85250	00144306
6ed8b013	00144330
6edae8a5	0014434e
6edb956b	00144370
6edfb597	001443bc
6edfc3eb	001443d8
6ee18237	001443ee
6ee416a6	0014444a
6ee560df	0014446c
6ee5cd6e	00144490
6ee6544f	001444e6
6eeba325	00144520
6eed9bbf	0014455c
6eee9e3d	00144572
6eefccb2	001445c4
6eefe4cd	001445f6
6ef094b4	00144614
6ef19a72	0014464a
6ef349cc	00144694
6ef3f22e	001446e8
6ef44df8	0014471a
6ef664de	0014472e
6ef7d7f9	0014474e
6ef7e446	0014478e
6ef8e4e6	001447ba
6ef93c6c	001447ee
6ef94af1	001447ee
6efb7061	00144808
6eff6a4d	0014483e
6eff85e1	00144868
6f0068a9	00144886
6f033685	001448be
6f050828	001448f0
6f098d11	0014492a
6f0a6365	00144954
6f0c202b	00144986
6f0cfb12	001449da
6f0d8f40	001449f6
6f0f0a21	00144a28
6f121c6d	00144a56
6f13101d	00144a70
6f1379fd	00144a88
6f13fd04	00144aae
6f17d608	00144ae6
6f193d8e	00144b1a
6f1b3dd1	00144b54
6f1be030	00144b76
6f1cb9f6	00144ba0
6f1ee615	00144c20
6f1fbfcf	00144c60
6f20f8fb	00144c80
6f21e402	00144ca6
6f22e0ad	00144cde
6f235a2a	00144d2a
6f24e9db	00144d64
6f270b30	00144d84
6f273c25	00144da2
6f2bcc47	00144dd2
6f2c1120	00144e08
6f2c751d	00144e3a
6f2ed921	00144e72
6f2efad3	00144eae
6f30aed7	00144ece
6f30cbc4	00144f0c
6f3113da	00144f28
6f311491	00144f5c
6f3300c9	00144f88
6f34e6a4	00144fbc
6f37c2e2	00144ffa
6f384a66	0014502a
6f397e3e	0014503e
6f3a61d5	00145096
6f3b4e29	001450d0
6f3b5692	001450e2
6f3b8e9f	001450f4
6f3b9498	00145108
6f3b95fc	001450d0
6f3bbb97	0014511e
6f3be714	001450f4
6f3c33db	00145132
6f3c90a1	0014515a
6f3cc903	0014519c
6f3e1b97	001451c4
6f3ed8ad	001451ea
6f3f373a	00145220
6f40b503	00145272
6f421803	001452a0
6f42b4e0	001452c2
6f447ec1	000ca198
6f463be2	001452e8
6f4805fd	00145310
6f4936e9	0014534a
6f49371a	0014537c
6f4ba077	00145392
6f4c737c	001453c0
6f4d945c	001453e2
6f53018d	001453fe
6f554883	0014542e
6f55c4fd	00145452
6f56ecb0	001454b0
6f5735bc	001454f0
6f58da61	00145510
6f5ab618	00145522
6f5d6d4d	00145570
6f5e023d	00145586
6f5e3381	001455ba
6f5ecd9e	00145614
6f5f0e15	00145646
6f5f5d43	00145672
6f607622	001456a2
6f60fe9a	001456e0
6f617784	00145710
6f61d803	0014573e
6f634b6a	00145770
6f651a31	000f9ad0
6f66359e	0014579e
6f6901dc	001457f0
6f693150	00145826
6f6a42d0	0014586a
6f6c3dcc	0014588e
6f6c3ebd	001458b2
6f6dc637	001458f0
6f6e0aa9	00145912
6f714d15	00145948
6f725f42	0014595a
6f74dc3d	00145986
6f758f3d	001459b6
6f75d34d	001459d6
6f76de68	00145a0a
6f77d2a0	00145a34
6f7854cf	00145a70
6f7cd334	00145a8c
6f7de82c	00145aa6
6f800f23	00145b08
6f80eae1	00145b3a
6f8120d3	00145b74
6f813ab2	00145bb8
6f816056	00145bde
6f8333f0	00145c1c
6f834626	00145c52
6f83540e	00145c7e
6f875a23	00145cba
6f876031	00145cd2
6f8891df	00145cfe
6f897e58	00145d32
6f897fa1	00145d32
6f8c11e8	00145d7e
6f8c58af	00145db2
6f8c7b78	00145de6
6f8c83f2	00145e3a
6f8c89db	00145e60
6f8ca534	00145e8a
6f8cc9be	00145ec4
6f8ed81d	00145f06
6f8f5984	00145f30
6f932ad9	00145f52
6f9481f1	00145f80
6f96ca21	00145fbc
6f96df45	00145fea
6f983147	00146018
6f983556	00146018
6f9b8be4	00146070
6fa08a9a	0014609c
6fa0a3cf	0014609c
6fa1bef6	001460b4
6fa43a1d	001460fa
6fa47592	00146120
6fa4e7f1	00146166
6fa734c3	00146198
6fa8e9f6	001461e8
6fa9a8fb	0014620c
6fab14e3	0014623c
6fabb647	00146260
6faf30df	0014628e
6fafcb28	001462d8
6fb012ba	0014632c
6fb05735	00146354
6fb120aa	00146376
6fb25a87	001463b2
6fb38677	001463dc
6fb8c4b6	00146406
6fb92f50	00146432
6fbb168b	00146466
6fbcb6b5	001464a2
6fbdf725	001464c6
6fbec243	001464ea
6fc1307f	00146522
6fc62776	00146552
6fc6fc66	001465a0
6fc70ae1	001465e8
6fc7349a	00146610
6fc79b83	00146658
6fc8fb65	00146698
6fca70eb	001466b4
6fcbfa18	001466e6
6fcdfb1f	00146706
6fcf64f8	00146736
6fcfea02	00146792
6fd2987e	001467ac
6fd42316	001467c8
6fd50018	001467fc
6fd61896	00146818
6fd6a256	00146836
6fd8dba7	0014687e
6fd9d173	001468cc
6fdc272b	001468fe
6fe044d7	0014691a
6fe0e7bc	00146962
6fe1f768	0014698a
6fe202e1	001469aa
6fe2916e	001469d6
6fe29bb7	00146a0c
6fe5d320	00146a50
6fe702db	00146a70
6fe70f18	00146a96
6fe75698	00146ad0
6fe9e7f1	00146b22
6fea80f9	00146b5c
6feb62cb	00146b7a
6fed6f27	00146ba6
6ff01f3c	00146bd4
6ff02bb2	00146bd4
6ff0482d	00146bd4
6ff05cac	00146bd4
6ff05fe2	00146bd4
6ff075b1	00146bd4
6ff0966d	00146be6
6ff0c795	00146bd4
6ff47be6	00146c20
6ff6c58a	00146c64
6ffaad11	00146c9e
6ffb4315	00146cc4
6ffe054e	00146cf4
6fff4307	00146d0e
70015fc3	00146d3a
700233a3	00146d7a
7003d133	00146dae
7005dd30	00146dcc
7006044f	00146e18
70067f5b	00146e6c
700885da	00146e94
700e6130	00146eca
700fe1a3	00146f0c
70100ac8	00146f4a
7010b212	00146f66
70123bde	00146fa0
701263de	00146fd2
7012a067	00147022
701305d8	00100fa0
701311ef	00100fa0
70131d3b	00100fa0
70131f02	00100fa0
701323b7	00100fa0
70132ae4	00100fa0
70133688	00100fa0
70134678	00100fa0
7013536e	00100fa0
701359c7	00100fa0
70135e74	00100fa0
70139b29	00100fa0
7013c018	00100fa0
7013ddf8	00100fa0
7013e965	00100fa0
7013ec2c	00100fa0
7016832b	0014706c
70169b2e	001470a8
701876c2	001470c2
701996fd	001470e6
7019a286	00147108
7019ed56	0014714c
701c4c5b	00147190
701dfdd9	001471b8
701ff3a2	001471e2
70208489	0014720e
7023c63b	00147256
7024fcee	0014727e
7025fab6	001472e0
7026e473	0014731a
70275deb	00147374
7028d456	00147398
702a2217	001473c6
702a7e9d	001473e6
702bd34c	00147420
702d7e2f	0014746a
702efda2	0014748e
702fc748	001474a8
702febff	001474d2
70332c8b	001474f2
70366c48	00147512
7036c240	00147548
703926ae	0014757e
7039ae4f	001475aa
703a2d8a	001475da
703f287e	00147616
703f72a0	00147648
703faccd	0014768a
70408b09	001476c0
70409b7e	001476e8
7041ec68	001476fe
7042debf	00147728
7043d043	00147770
70441f3f	0014778c
7044b1cf	001477b8
704516d2	001477ce
704e9f98	001477fe
704eaacc	0014782a
7050b9c2	0014784e
70519436	00147876
7051cbf4	001478b4
70527dc7	00147900
7053589f	0014791c
70556bf3	00147950
705b5f23	00147990
705ee04b	001479fa
705f30b4	00147a10
705f86c7	00147a2c
705f95ba	00147a60
706032f0	00147a9e
7060ca36	00147ae6
7061c69b	00147b06
7062ff52	00147b38
706400b4	00147b66
70643140	00147ba8
7065a90d	00147bdc
7065cb06	00147c12
706607c9	00147c58
70668184	00147c88
7068d26b	00147ca4
7068ec01	00147cd0
706ca2a8	00147d0a
706d4d85	00147d34
706e568c	00147d80
70725c86	00147db0
7073d0ca	00147de8
707506c4	00147e12
707550b1	00147e42
7078b749	00147e80
70796c51	00147eb8
707a79f9	00147eea
707b0f68	00147f04
70824da5	00147f3c
7084720a	00147f4e
708493f7	00147f94
7084e27b	00147fcc
708621bd	00148002
70890412	00148024
708c3f4b	00148050
708cccf2	00148098
708e9c40	001480dc
708ef12e	001480dc
70903b75	001480f4
7091a5fd	00148122
7091bdc2	00148154
7092f38f	00148170
70930809	00148188
70938be5	001481a4
7094402a	001481cc
70944686	001481e2
70947cd3	001481cc
709ab21c	0014821e
709d7515	00148236
709d9dae	00148254
709def0e	00148278
709e1a51	001482ce
709f31d0	00148300
70a120d3	00148326
70a20030	0014839e
70a3156f	001483ca
70a3cc7f	001483ee
70a47bee	00148442
70a4acc2	0014847c
70a583b8	0014847c
70a58def	0014847c
70a5950d	0014847c
70a5dfe0	0014847c
70a8d6bd	00148492
70aa575e	001484a6
70aee5f0	001484d8
70af1647	00148512
70afe92a	00148542
70b24b36	00148570
70b346d8	001485a6
70b59d78	001485e0
70b5f142	00148618
70ba0904	0014865c
70ba11e0	00148694
70bb7480	001486ca
70bce70f	001486ec
70be0ad6	0014872c
70bf76d2	00148768
70bfaecf	0014878e
70c03516	001487a6
70c2f956	001487d6
70c350c3	001487ee
70c38148	0014881e
70c86e2f	00148838
70c9607e	00148892
70ca432d	001488fc
70cd3446	00148932
70d1a717	00148968
70d1ecbc	001489a6
70d26ffc	001489fc
70d59dcd	00148a32
70d74cbe	00148a60
70d90c78	00148aa6
70da4926	00148ac6
70db002f	00148b2c
70dcd044	00148b62
70de1610	00148be0
70e01d5e	00148c26
70e0de9c	00148c7c
70e1ea11	00148c9a
70e3588f	00148cde
70e36176	00148cfc
70e42073	00148d16
70e45566	00148d32
70e487f1	00148d4c
70e58650	00148db6
70e67aea	00148de0
70e6c491	00148e3c
70ea85f4	00148e58
70ea9d35	00148e74
70ec3844	00148ea6
70ee14c9	00148ed0
70ef8394	00148f08
70f09dad	00148f36
70f2ba23	00148f5a
70f330fd	00148fc4
70f628f8	00148fe8
70f6a077	00149000
70fb5c3f	0014901e
70fc5ae1	00149082
70fca5f1	001490a4
70fd0668	001490ce
70fdb55d	001490fc
70ff9152	0014912e
71005327	00149146
71005ff6	001491d6
710177e9	001491fe
7103d771	0014921c
7105101f	0014923e
71051567	0014923e
71087044	00149280
71095168	001492a4
710a01e8	0014931a
710a083d	00149396
710bccc9	001493c0
710be8cc	001493e8
710d5743	00149414
710d8bac	00149456
7110b88a	00149496
7112d1e7	001494e2
71132611	0014950e
7113c78a	00149558
7114ae9c	00149580
7115f891	001495a2
71163112	001495ce
71186ebc	00149622
7119086e	00149658
71198f81	00149658
711a0fe9	00149670
711aecd2	001496b4
711c5ff2	001496da
711cc158	001496fe
711de1a7	0014971a
711ecafb	0014974a
7121609c	0014976c
7121d3fa	001497cc
712228ab	001497fe
7122a3a3	0014985c
7122f8d6	001498ac
71231b59	001498da
71251a59	00149918
7125ba4b	0014992e
7126f044	0014996e
7126fabf	001499aa
712a7beb	001499f8
712a9ac0	00149a3a
712b1d86	00149a4e
712e8a84	00149a86
712f1764	00149a98
712f1d65	00149ab4
71332972	00149ae6
71340fa6	00149b16
7134e1db	00149b34
71359ad1	00149b5c
71366978	00149b86
7137e6a4	00149bbe
7138465f	00149bd4
7138d260	00149c14
713c5e08	00149c40
713c82d5	00149c64
713cf1a7	00149c96
713e8f3b	00149cd6
713ed1e3	00149cf0
713f2236	00149d1e
7142006a	00149d4c
7142e923	00149d8e
71437b85	00149dd8
71440113	00149e38
714601ee	00149e56
71467069	00149e9c
71487c43	00149ef4
714899cf	00149f18
71490591	00149f64
714bf316	00149fa8
714c38c3	00149fd6
714db522	00149ffe
714f19b4	0014a03e
714fbb48	0014a05a
7150b42a	0014a078
7150c548	0014a0a6
7155ad6e	0014a0e6
7155dc0a	0014a10a
71578dfd	0014a140
71593cd9	0014a166
715a7f7d	0014a17a
715b5cb0	0014a1a0
715cf5ef	0014a1c2
715dc96b	0014a1f8
715f7735	0014a226
715ffc1f	0014a24e
7161ade4	0014a29a
71651b81	0014a2c2
7166bb2e	0014a2ec
7167e7e2	0014a30a
716c11cc	0014a332
716c69b0	0014a35e
7172d5c2	0014a3b2
71737cf4	0014a3ee
7178f076	0014a408
7179e245	0014a420
717c78c2	0014a444
717fcc52	0014a478
71806f9f	0014a49a
7181d84b	0014a4ca
7181f072	0014a4ea
7182a1e0	0014a504
7182c532	0014a530
7184b90a	0014a55c
718c659c	0014a5a8
718f9b08	000ac5d8
71909a0f	0014a626
7190f265	0014a642
71912072	0014a668
7192597f	0014a698
71939e76	0014a6d2
7194896b	0014a71e
71953a3d	0014a732
71959f57	0014a76e
7197feb3	0014a788
71982801	0014a7b0
71988555	0014a7c8
719c469c	0014a812
719df1fe	0014a838
719e38be	0014a852
719e5a8b	0014a876
719fe617	0014a8a2
71a2e9b3	0014a900
71a4eac4	0014a91a
71a825e8	0014a946
71b22231	0014a972
71b271d5	0014a9aa
71b30517	0014a9c6
71b3fb5d	0014a9fe
71b6d5ef	0014aa3e
71b7d2ae	0014aa82
71b7dd88	0014aab2
71b7deb7	0014aab2
71b7e6ea	0014aab2
71b7fb8b	0014aab2
71b91b88	0014aac6
71baa5cf	0014aae0
71bc9f08	0014ab02
71be193b	0014ab2c
71be380c	0014ab52
71c02422	0014ab94
71c03f87	0014abb0
71c0ec79	0014abf0
71c12b7e	0014ac1e
71c3dfc2	0014ac46
71c630b5	0014ac9e
71c64d62	0014ad06
71c654ef	0014ad56
71c730bd	0014ad7e
71c90fad	0014adb8
71cb646e	0014ade6
71cc1ca9	0014ae60
71cd7012	0014aea4
71cd83cd	0014aebc
71cdfee6	0014aed4
71ce1872	0014af30
71d08c84	0014af76
71d18190	0014afc2
71d35b45	0014afec
71d670ad	0014b01e
71d78776	0014b036
71d7c194	0014b05a
71d7cf2b	0014b072
71da35ee	0014b0be
71daa310	0014b0dc
71dd882c	0014b13c
71e58f65	0014b154
71e6a9f2	00087430
71e6e085	0014b1a8
71e9f381	0014b1dc
71f096f6	0014b208
71f2af1d	0014b222
71f3c31b	0014b262
71f41d92	0014b284
71f52d0e	0014b2e4
71f98c17	0014b322
71f9f62a	0014b34a
71fab9d2	0014b398
71fb5d70	0014b3cc
71fb9b7a	00087c0c
71fbf686	0014b412
71ff1cb3	0014b482
7204ff09	0014b4c2
72069fd7	0014b4de
72079c25	0014b4fe
7207b92f	0014b518
72098b54	0014b562
720d816e	0014b598
720f4bd5	0014b5c2
7210f756	0014b622
721572ac	0014b64e
7215b4e6	0014b67c
7216ca96	0014b69c
72170b83	0014b6d2
721803bc	0014b6f4
7218a7e4	0014b71a
721c5ad8	0014b758
721c7b66	0014b796
721e9fd4	0014b7fa
72264a88	0014b834
7226bac4	0014b87a
722900fa	0014b8b2
722911c6	0014b8b2
72292fe3	000691a8
72293def	0014b8b2
7229b4cd	000691a8
722a95c5	0014b8c8
722c98cd	0014b8f8
722dc8eb	0014b916
722e86a7	0014b968
722ef992	0014b986
72309b00	0014b9e4
7231bd0c	0014ba02
723501ea	0014ba2c
723712c3	0014ba94
723a8b6f	0014bad8
723aa9f4	0014bb08
723c51bd	0014bb22
723d561c	0014bb44
723df163	0014bb6a
723e9b55	0014bbb8
724000a5	0014bbec
72402fab	0014bc3e
7241494e	0014bc68
7241612c	0014bcc6
72447edf	0014bd14
72468e1d	0014bd4e
7246a7da	0014bd96
7246ffd7	0014be0a
7247856e	0014be68
724b79bb	0014be8e
724ba2b4	0014bee8
724c4fa8	0014bf18
724dde22	0014bf4e
724eee6a	0014bf76
724facff	0014bf90
7251a47b	0014bfe8
72537c70	000c50bc
7254af2c	0014c01c
7258d365	0014c040
7259613d	0014c098
725c0abc	0014c0dc
725cfdeb	0014c112
725e76f1	0014c13a
7260069c	0014c196
7262fc0a	0014c1b4
72639086	0014c1dc
72670d5a	0014c22a
7267a09f	0014c248
726977a0	0014c2ae
726b3976	0014c2fe
726c11d9	0014c340
726d1b00	0014c370
726dc9ce	0014c3b2
72726a0a	0014c3c8
72729e3f	0014c3f6
727327df	0014c41c
727347c8	00149a98
72738ab0	0014c45a
7275e727	0014c48e
7275e8d0	0014c4b4
7276785f	0014c4d0
7279b330	0014c504
727a122b	0014c53a
727b6516	0014c576
727bc3fc	0014c5c4
727c9520	0014c600
727cc465	0014c62a
728219a4	0014c674
72823223	0014c674
72824671	0014c674
72824c48	0014c674
728278de	0014c674
7282f01e	0014c674
7283cf78	0014c688
72865343	0014c6c2
7286eb31	0014c6f4
7287f9a8	0014c73a
7288b516	0014c76a
728a2248	0014c794
728b6c93	0014c7dc
728c6135	0014c80c
728e7c98	0014c84a
728f76d0	0014c87e
7292cb61	0014c898
7292dbfa	0014c8f0
729348ad	0014c938
7295f021	0014c964
72974fee	0014c996
729909f4	0014c9fc
729baa3d	0014ca3c
729ce571	0014caa2
729d4a44	0014cac4
72a05160	0014cb0a
72a188c9	0014cb34
72a1a99e	0014cb4c
72a26565	0014cb70
72a4561d	0014cbcc
72a571cd	0014cc0a
72a5e547	0014cc34
72a92655	0014cc68
72aaa3a1	0014cc82
72aaad69	0014ccc6
72abb8e3	0014ccdc
72abcd19	0014ccfe
72ac8268	0014cd38
72adeb44	0014cd8a
72aef298	0014cdba
72b09423	0014ce2c
72b96a46	0014ce74
72bb4c9b	0014ceb4
72bcc690	0014cee6
72bcd508	0014cf3a
72bd9b2c	0014cf64
72be5be2	0014cf86
72bfa858	0014cfc2
72bffeae	0014cffe
72c11b64	0014d02c
72c60e8f	0014d062
72c7474a	0014d0a2
72c75c86	0014d108
72c8c5ee	0014d170
72c90cc1	0014d198
72c9aab6	0014d1c0
72d1b312	0014d1e4
72d23c0e	0014d222
72d2907a	0014d25e
72d5c1d8	0014d2b2
72d7361c	0014d2da
72d95d1f	0014d31e
72d96e6b	0014d358
72db5c55	0014d3a6
72db8fe0	0014d3e2
72dbc8b0	0014d424
72dc5c44	0014d474
72dec05f	0014d4c8
72e53f09	0014d520
72e6120a	0014d54e
72e91c76	0014d57a
72ec6d05	0014d5c0
72ecbd59	0014d5d8
72ecd333	0014d5f8
72ef804e	0014d638
72eff798	0014d666
72f079de	0014d68e
72f15872	0014d6b4
72f29f7c	0014d6ea
72f87352	0014d70c
72f9fcae	0014d72c
72fbe6ea	0014d744
72ffc4b0	0014d770
7302872b	0014d79c
7302b9db	0014d7be
73037e63	00104b78
7303cc2e	0014d81a
7303db3b	0014d84a
73045b9e	0014d880
73087579	0014d8ae
73099b12	0014d8e0
730c3e56	0014d918
730dc002	0014d948
730f3454	0014da0a
730fe910	0014da2a
73110081	0014da8c
73112531	0014db02
73119faf	0014db7c
73123b54	0014dba6
7315d6f3	0014dbd4
7318f861	0014dbf4
7319e2aa	0014dc3c
731be690	0014dc5c
731befd2	0014dcde
731c1ebc	0014dd36
731df8a3	0014dd60
731e7ca0	0014dd80
731ff185	0014dd9a
732195a5	0014ddd6
7322fcb1	0014ddf8
7325bf7e	0014de54
7326eba6	0014deb0
73276b7c	0014ded4
7328ba9f	0014df00
7328c0fd	0014df44
7328c323	0014df44
732a1873	0014dfaa
732a74be	0014dfc6
732b2493	0014dfe4
732b8cce	0014e00c
732ba5d7	0014e044
732bc083	0014e062
732c2734	0014e090
732e32be	0014e0ae
732f424b	0014e0dc
7330286d	0014e114
733043b9	0014e13a
73322b82	0014e164
7332c5bd	0014e180
733332fc	0014e1be
733349c6	0014e1ec
733500f0	0014e21a
7336db98	0014e266
733ae6a3	0006b392
733b4921	0014e2b6
733c518b	0014e2e0
733cf3a0	0014e304
733db6db	0014e358
733f6ad3	0014e374
73441bf6	0014e3b8
734681a2	0014e404
7346fcfe	0014e42e
7349b973	0014e460
734a1eb8	0014e4ae
734a9584	0014e4ae
734d1dfc	0014e4c4
734dcf99	0014e502
734ee0f2	0014e534
735496df	0014e562
7356ba91	0014e582
7356d2e2	0014e59a
7357729e	0014e5b4
73581429	0014e5e6
73598750	0014e610
735c9cb7	0014e64c
7361428b	0014e6a2
7362a09a	0014e6f2
73635fcc	0014e722
73638964	0014e782
736450be	0014e7a8
73657087	0014e7b8
73659ffa	0014e7f2
7365f68c	0014e7f2
7367101a	0014e822
7367756a	0014e852
73693437	0014e870
7369b355	0014e890
736adc9f	0014e8b0
736af3b8	0014e8fe
736da1d4	0014e92a
736dabf0	0014e95c
737021fb	0014e986
73702bd8	0014e9da
7371735d	0014ea0c
73737dc3	0014ea54
737620ae	0014ea72
7376c06f	0014eab6
737763e2	0014eaec
737a2bab	0014eb24
737b4f45	0014eb88
737c7746	0014ebb2
737fad88	0014ebe2
73811bb8	0014ec02
7383e64f	0014ec38
7384ed4a	0014ec6e
73875f4f	0014ecaa
7387e17a	0014ecd8
73881671	0014ed46
73883299	0014ed82
7388ea2d	0014eddc
738f5e26	0014ee28
73901fce	0014ee60
73911c8a	0014ee8e
73921e8a	0014ef0a
7397536c	0014ef5c
73993aaf	0014ef8a
739a2431	0014efce
739a9e01	0014f00e
739c4aee	0014f030
739cea22	0014f066
739e0578	0014f09c
739f948f	0014f0c6
73a2a3df	0014f116
73ab3c58	0014f144
73afe867	0014f174
73b00a11	0014f1a0
73b0d23a	0014f1ea
73b10157	0014f222
73b35f56	0014f26e
73b3b299	0014f29e
73b60301	000d1456
73b656cc	0014f2d6
73b705a3	0014f2ee
73b85675	0014f322
73b8e747	0014f340
73b98495	0014f38a
73bb57f5	0014f3ae
73c09434	0014f3f4
73c2288b	0014f41e
73c312a1	0014f450
73c474c4	0014f4aa
73c49ff0	0014f4de
73c9f80c	0014f4f6
73cab529	0014f522
73ccab3b	0014f564
73cd4807	0014f57a
73cd91ec	0014f598
73ce5c95	0014f5e6
73d0ec52	0014f648
73d13643	0014f6a2
73d19126	0014f6fe
73d65d1d	0014f730
73d8308c	0014f750
73da765d	0014f768
73db7f87	0014f7a0
73dbca09	0014f7ca
73dc70c4	0014f802
73dcd98b	0014f84e
73dcfdca	0014f8a6
73df4e3c	0014f8e4
73e0b89a	0014f90e
73e1f1ef	0014f96a
73e38c11	0014f9a0
73e490fe	0014f9e4
73e5b6f2	0014fa16
73e60366	0006f0b2
73e60f9c	0006f0b2
73e89667	0014fa36
73e8e513	0014fa5c
73ea2215	0014fad0
73ed0db9	0014faf8
73ee56c8	0014fb50
73eeb3c7	0014fbb2
73f0aa1e	0014fbd4
73f0b020	0014fc10
73f1cd3d	0014fc30
73f1cd4d	0014fc6e
73f1e189	0014fc94
73f29eb0	0014fcc8
73f39360	0014fcec
73f44382	0014fd36
73f47b0e	0014fd62
73f4c077	0014fd92
73f5477a	0014fdb6
73f5e898	0014fdd6
73f67392	0014fdee
73f761c9	0014fe2c
73f790bd	0014fe50
73f80eb9	0014fe86
73f8d460	0014fea2
73fa1c27	0014fef0
73fa9c71	0014ff5e
73fae0a7	0014ff82
73fb4afd	0014ffe4
73fc2cbf	0014fffe
73fc859d	00150042
73fd0bf6	00150074
73fda480	001500a2
73fed6b0	001500ce
73ff0746	0015011e
73ff4c5a	00150192
7400356a	001501bc
74029dd2	001501dc
740336c6	00150202
74039eb0	0015024e
74061220	00150272
7409a760	0015028e
740b32a9	001502b6
740c2568	001502da
740c6d82	0015030a
74109afa	0015033e
7411ca10	00150356
741344b7	00150374
74136985	001503a0
74136d96	001503a0
7416402a	001503ce
741666e2	001503f6
7416cef0	00150460
74188f83	001504aa
741b956b	001504d2
741c62e1	00150518
741c6d55	00150566
741d05e0	00150580
741e231b	001505c8
741f0e24	00150616
74203432	00150636
7420bf32	00150660
7423f086	00150676
7424b581	001506b8
74256284	001506ce
7429de97	00150704
742a0bfc	0015072a
742e37bc	0015074c
742e7cfc	00150774
742eb58c	0015079e
743413b1	001507d4
7434614c	001507fe
7437cb37	0015082a
7438511a	00150866
743b8644	001508ac
743c04fd	001508d2
743d59df	001508f4
743e3ba9	00150950
7446c3bd	00150980
7447d38b	001509be
744a7b21	001509da
744c12b2	00150a22
7450a1d5	00150a4a
74570e04	00150a7e
745ac1e9	00150aa4
745cc011	00150ad4
745f4e4f	00150aea
746639fd	00150b0a
7468d984	00150b30
7468dc7f	00150b30
746adf45	00150b56
746bd85b	00150b90
746bf242	00150bb8
746c188b	00150bf2
746d4873	00150c34
7471e6c0	00150c6c
7472ebe1	00150c98
7477e102	00150cba
74791bee	00150cd8
747b3c2a	00150d10
747c0967	00150d34
747cdd63	00150d5a
747ecf27	00150d7c
747fb2b2	00150daa
747fbc64	00150dca
74814075	00150e3c
748228b0	00150e54
74831f35	00150e7a
74871d38	00150ea0
7487ecaa	00150efe
7488c2b6	00150f12
74913c94	00150f74
74922cfc	00150f94
7494e0f3	00150fd2
74959c69	00151002
749a5caa	00151016
749b9223	00151052
749ba8a1	0015106c
749cd1a6	00151088
749ce1fd	00151088
74a155d8	001510d0
74a37ee6	00151134
74a8adba	001511ae
74aaf44e	0015121c
74ab8b51	00151242
74acfd57	0015128e
74ae08da	001512c6
74b25837	001512f2
74b2e5dd	0015134e
74b3b2b6	0015136e
74b5c3ad	001513ba
74b7accb	001513da
74b83d01	001513fa
74b866b3	0015141c
74b8e309	0015144c
74b993a5	00151476
74bba9a3	001514a6
74bc134a	001514e4
74bec5b0	0015150e
74c03407	00151526
74c85cf7	00151544
74c896c1	00151544
74cd3b18	0015155e
74cff119	00151598
74d0086b	001515e4
74d0671e	0015160a
74d18d2c	00151636
74d358ab	0015167c
74d4ad9f	001516a4
74d66841	001516dc
74d73f6f	001516fe
74d7eb98	00151746
74d93e93	001517b0
74d965ae	001517dc
74dac394	0015181a
74dac659	0015184a
74dbf9e3	0015188c
74dcd88d	001518c4
74de4bf3	001518e4
74df5561	00151916
74e01441	0015192c
74e435bc	00151970
74e43a53	00112786
74e49b25	0015198c
74e4cb01	001519a2
74e6ceac	001519c6
74e91de4	001519e4
74e99fc4	00151a1c
74ea29a9	00151a4e
74ea616a	00151a78
74ed74f1	00151ab8
74f0dc3e	00151b0a
74f5cd14	00151b88
74f86649	00151ba4
74fccf50	00151bd2
74fe47e4	00151c16
74ff6394	00151c32
74ffbc72	00151c82
7500beb3	00151c96
75035775	00151cce
750a75b1	00151cf6
750b7a0d	00151d0a
750c2a6d	00151d3c
750cc7cc	00151d58
7510e94c	00151da8
7510ec84	00151dca
75112350	00151df6
7514dd0a	00151e0a
75162487	00151e24
75166eb3	00151e24
75167a85	00151e24
7516d893	00151e24
751833dc	00151e4c
751a96d3	00151ec4
751b24f6	00151efc
751ca5d2	00151f14
751d7f2b	00151f34
751db39d	00150efe
752081ab	00151f5c
7521c7dd	00151fa0
7522924f	00151fc4
752362b2	00151ff2
7523ae47	00152008
75249357	0015203a
752516ff	0015207e
75279cfb	001520ac
752be22c	001520c6
752c2b95	00152118
752c3112	0015214e
752d4973	001521a4
75306bfc	001521c8
75320c8e	00152208
75338863	00152248
753422ec	00152276
75343ca6	0015229c
7534621c	001522c8
7535aac5	0015230e
75392570	0015232a
753adaa0	0015236e
753b152d	001523ca
753b1b46	001523ca
753c7764	001523e0
753cfeb9	00152406
753e6c1e	0015245a
753e9166	001524c4
7542882d	001524ec
754328a2	0015251a
75438607	00152532
7543f349	00152570
754527c1	0015259c
7546c365	001525b2
7546d209	001525f0
7546dd54	00152618
7547884b	00152642
754848ad	00152670
75488892	001526a0
754b26e3	001526be
754b561b	001526ea
754c8459	00152724
754d58b5	0015274a
754e8885	00152790
754f0239	001527c0
755058cb	001527e4
75508c5f	00152836
75529658	00152858
7553a8f6	001528c4
7553b12b	0015293a
755400f2	0015296c
7554d2fc	00152998
755b3961	001529ca
75613f04	00068106
75616987	001529fc
756646df	00152a3c
7567456b	00152aa6
756ca995	00152ade
756d019d	00152b06
756d63a1	00152b5e
756f52d5	00152b96
756fc79b	00152bb4
756fd7cc	00152be4
7570a34e	00152bfa
7571c3cc	00152c1a
75722233	00152c6c
7572828f	00152cca
7574b36d	00152cfc
75773a72	00152d4c
75779914	00152d84
7577b4ae	00152da4
7579610e	00152dc8
757c81ec	00152e0e
757ec736	00152e40
757f96b6	00152e60
7581768f	00152e96
75819fc5	00152eca
7583c8d4	00152f36
7583dfd9	00152f50
75850f5e	00152f9e
75852c9b	00152fc6
7585fe20	00153038
758ada5d	00153058
758d5601	00153072
758dff13	00153092
758f1151	001530c0
758f23f1	00153114
758f4878	0015313a
7591751e	0015317c
75948c78	001531a6
75950579	001531c8
759558b0	001531e6
75960fd7	00153252
7597fae1	00153294
759862d4	001532b8
7598dfb9	001532de
759bf60e	00153326
759cc733	00153358
759d613b	001533ac
759e8d76	001533d0
75a076b9	00153416
75a22003	000cd71e
75a2558f	00153462
75a2d2ec	001534b0
75a4334c	001534d4
75a4ea74	0015350a
75a84aa4	00153546
75a872e9	00153546
75aacd70	00153558
75ad4756	00153578
75ad7c28	001535c6
75ae3d0a	001535f6
75b1e74f	0015363c
75b23fd2	0015368e
75b2f379	001536c2
75b35119	001536f4
75b494ed	00153746
75b555e0	00153766
75b5c1c5	001537d6
75b5eb6e	00153826
75b80b72	00153854
75b89b99	00153878
75bb0ed5	00153890
75bb8e61	001538d4
75bbd4b0	001538fe
75bd9ee7	00153960
75c9a199	001539b4
75c9f5ad	001539ca
75ca73da	001539ee
75cb5774	00153a28
75cc5b0c	00153a74
75ccc3a0	00153ade
75cd4250	00153b0a
75cf2019	00153b24
75cf799e	00153b4c
75d064fb	00153bc0
75d2f603	00153bf2
75d39aad	00153c24
75d40f14	00153c5e
75d5236c	00153c82
75d570c7	00153c9e
75d86528	00153cba
75d88c00	00153d32
75d9caaf	00153d6a
75dc46ea	00153d8e
75dc5938	00153d8e
75dc63da	00153d8e
75dda50e	00153da8
75dde8f3	00153dd8
75ddeacd	00153e2c
75e01271	00153e54
75e2783c	00153e88
75e3a742	00153ec2
75e42ac1	00153ef8
75e46b51	00153f38
75e56e93	00153f6a
75e62b3a	00153fb6
75e68a4e	00153fce
75e74db1	00154000
75e8b7d9	00154040
75e9d01c	00154088
75ebdd42	001540c8
75ed1f2a	001540e8
75ed2695	0015411e
75ef39c1	00154148
75f08483	0015416a
75f0bbf0	0015416a
75f0ec91	00154192
75f15ccd	001541c8
75f71d8f	00154232
75f7ec76	00154274
75f88b29	001542a8
75f8f348	001542e4
75fa9ef5	00154306
75fb1bc2	0015432e
75fe815a	0015434e
75ff51f2	00154378
7600219a	0015438e
760072e2	001543c4
760524e4	001543e2
76058efc	0015441c
76065c68	0015444c
7607081b	00154468
7607aefb	00154490
76085a8b	001544c4
760a18d7	00154508
760d5062	0009db26
760d5a97	0015453e
760d6106	0015457a
7612d39b	001545c4
7612eaf7	001545e6
76139c1f	0015462a
761456e7	0015464a
761770f0	00154666
76178053	00154684
761d5fe0	001546ce
761e7092	00154704
7622e012	0015471a
7623b123	0015475a
7623c65f	0015478a
76240dc8	001547b0
76252a43	001547ce
7626e56a	0009bd66
76288681	00154800
76295995	00154836
762ac540	00154862
762b2c30	00154890
762b80b7	001548be
762cd24a	001548fa
762dbae6	0015496e
762de30e	0015499a
762de33d	001549b8
762e7513	001549e0
76325814	001549fc
7637c826	00154a34
763890b9	00154a7c
763b1035	00154aa6
763b12e0	00154b08
763c1ee2	00154b42
763d1e5e	00154b9e
763f501c	00154c48
763f7109	00154caa
76409498	00154cd8
7640b248	00154d0c
7641126f	00154d34
764512c3	00154d84
76453d81	00154dd8
76467e90	00154df2
76474391	00154e2a
76494e98	00154e6a
764b18c3	00154ea6
764bb240	00154eea
764c40e1	00154f18
764ca516	00154f62
764cf6bf	00154f18
764f7a7c	00154f9e
7652cc1c	00154fce
76560e4d	00155022
7659aee8	00155080
765a1352	001550b2
765c1501	001550d4
765cf47c	00155110
765d7b1c	0015515a
765dc6bb	00155180
765e41ad	001551b2
765e8836	0015520a
76627d46	00155266
76636008	00155286
76659fc1	001552b8
766f9744	001552f4
76718b75	0015530c
7673f5d8	00155346
7674232e	0015536e
76751316	00155392
767578a0	001553be
7676df7a	001553f8
7676fea0	0015540e
76772704	00155428
7677b5c0	0015544a
7677ef51	00155468
76789da9	0015549c
76792dab	001554ca
7679438a	001554fe
767b0a7d	00155536
767bac8d	00155580
767ce8de	001555aa
767dcbb8	001555c6
767e01f7	00155614
7681942d	0015564c
7681b512	001556a4
7682e8db	001556c8
76833797	001556fe
7685c2ad	00155726
76862139	00155748
76888e49	00155770
768a8379	001557c2
768aa3d7	001557d8
768b3987	00155828
768c3477	00155852
76904a12	00155884
769633c3	001558a8
7696fb86	001558fe
76986072	00155976
7699887c	001559d8
7699b62e	00155a10
769a2f92	00155a5e
769b6884	00155a74
769c0ca2	00155a8c
769c5c9b	00155ad6
769db586	00155afe
769f9963	00155b2c
769ff9eb	00155b56
76a0cf79	00155b92
76a12e49	00155be8
76a23ac7	00155c56
76a2db6b	00155c92
76a4577f	00155cba
76a73c12	00155d02
76a928d8	00155d42
76a9344d	00155d86
76acb69f	00155dae
76ad0e5f	00155dc8
76ad762d	00155e7a
76af7b0c	00155ea2
76b18336	00155ebe
76b1c165	00155ef2
76b28338	00155f2e
76b2f702	00155f6c
76b34f4d	00155fa8
76b46381	00155fe2
76b562da	00155ffa
76b5a4fa	00156016
76b6e16d	00156052
76b7d116	0015609c
76b98a50	001560ba
76b9dadc	001560fe
76ba4309	00156130
76c1cd7e	00156150
76c36f20	00156186
76c45792	001561ac
76cbf910	001561e2
76cc303b	0015620e
76cf98dc	00156238
76d53ad2	00156264
76d63316	0015629c
76d6ad3a	001562bc
76d720ab	0015630e
76d73c84	00156332
76d7ff2c	0015637c
76d9f7d4	001563aa
76dafabe	001563e8
76dbfe99	0015640e
76de5121	00156452
76df01e7	0015647e
76df92ee	001564b8
76e062a4	001564e2
76e0dae8	00156516
76e1bba0	00156550
76e4f230	00156580
76e66c30	001565bc
76e6c479	001565e0
76e7295a	001565fc
76ea1009	0015664e
76eac22f	0015669e
76ec21eb	001566b6
76eebe59	001566f0
76ef81fc	00156736
76efb0d6	0015674a
76f1b7c9	00156770
76f3015b	0015679e
76f3a4dd	001567f4
76f3e295	00156828
76f3f15a	00156858
76f422b7	0015687a
76f563a3	001568a8
76f62842	001568cc
76f73466	001568ec
76f9a70b	0015690a
76fa5b61	00156956
76fa94ee	00156976
76fee8ce	001569a0
76ffa45a	001569da
770315d5	00156a2a
7703d0f3	00156a64
77041bf4	00156a86
770492c1	00156a9e
7706719f	00156aec
770b92f3	00156b1c
770cb69a	00156b3a
770e2887	00156b60
7710d5fe	00156bb4
7710f3cd	00156bd4
771255e8	00156c1e
7716a2bb	00156c42
77180bde	00156c66
77197250	00156ca4
77199137	00156cbe
771ae3ad	00156cf4
771dfbcc	00156d26
771e3eb3	00156d6e
7722f924	00156da2
77231a63	00156de8
772376cd	00156e1a
77285da6	00156e48
7728f0d5	00156e90
77291e3e	00156ee2
77298781	0008c08a
772be8c8	00156f1c
772bed57	00156f4c
772e18b8	00156f76
772e7fd6	00156fa0
772edc67	00156fc0
772fda18	0015702a
7731667b	00157060
7732a57a	00157096
7733d365	001570da
7734e9a8	0015711e
77381e16	0015716a
77397f6b	00157196
773bd561	001571b4
773c0426	001571dc
7741bd38	0015722e
774297bb	00157288
7745b1dc	001572ce
774677ab	001572da
7746dfeb	0015732e
7746f9e1	0015735e
774c38fb	00157394
774cb194	000c0b7e
774dc138	001573b8
774ef3b1	001573e0
774f0701	001573fe
7750471d	00157424
7751ca55	00157480
7753009b	0015749c
77547c02	001574bc
7756b15e	001574e8
7758b3d6	0015750a
775c1d8b	00157528
775d4c88	00157556
776183c4	0015758a
776822b7	001575c8
77695362	0015760c
776a601f	00157632
776b9bba	00157650
776d625d	001576a8
776d9ac5	001576cc
776fa51d	001576ee
77700499	00157716
77704bd1	0015776a
77706b9b	001577a6
7770e667	001577d6
7773c38c	001577f8
77741e8a	00157820
7775fef6	0015787a
7776fb02	0015789c
77776bb0	001578c8
777a83cb	001578ec
777af424	00157900
777d46c9	0015791c
777d9a63	00157938
777e747a	00157960
777f1034	0015799a
77808471	001579b8
7780a019	00157a00
778581ff	00157a6c
77883ebc	00157a9c
7789b3a3	00157ac6
7789eb01	00157aee
778bc5b1	00157b04
778f1bce	00157b26
7791805b	00157b48
7792b6dd	00157b68
7797567f	00157ba2
779800fc	00157bb6
779875a6	00157be2
77996910	00157c02
779dcf50	00157c34
779e2e31	00107f4c
77a0992f	000a630e
77a0e437	00157c7a
77a6a038	00157cb4
77a9d87c	00157cec
77aab97b	00157d4c
77ad828b	00157d7e
77b3d694	00060616
77b5892e	00157db6
77b78dfd	00157dec
77b86304	00157e12
77b982a8	00157e4e
77b98fb3	00157e82
77bacf4e	00157ea4
77bbc35c	00157f10
77bcf936	00157f38
77bd28e5	00157f78
77bf60b6	00157fd4
77c011bd	0015801e
77c02a1e	0015803a
77c314c0	00158062
77c431ef	00158084
77c60d7c	001580ca
77c7a7d6	00158124
77cc3238	00158152
77ccd27d	00158178
77cd4542	001581aa
77cd9424	001581dc
77cfef54	00158208
77d20cfe	00158240
77d857ba	00158262
77d85b68	0015827e
77db365f	001582ae
77dc2edd	001582fe
77dc3150	00158332
77dca41c	0015838e
77dd10e9	001583be
77dda308	001583fe
77ddce60	00158436
77df5a8c	00158446
77e238d8	00158478
77e36964	001584ce
77e412b6	001584ee
77e8e634	00158514
77ea31c9	0015853a
77ed0186	00158576
77ed419f	001585a2
77f02991	001585ca
77f06148	00158600
77f22883	00158634
77f3a774	00158660
77fdabae	001586d2
78008eae	00158746
7803bc8b	00158788
78061fd1	001587cc
78063fdb	001587f6
78070c54	00158826
780a1d70	0015886e
780c5f07	001588a4
780d36cd	001588ca
780d8902	0015891e
780f9d51	00158986
7810a3fd	001589ac
7810b61b	001589c8
7810f31c	001589e8
7812f7a0	00158a14
78133fcd	00158a30
78149505	00158a88
78158b3a	00158ae6
7819a935	00158b04
7819be83	00158b3e
781a06a8	00158b5e
781b15c6	00158b7e
781c0105	00158bd0
781d3022	00158bf8
781de88a	00158c4a
781e6aa5	00158cb0
781f6f95	00158cda
782016fd	00158d06
78225967	00158d28
78233728	00158d6c
7823e11d	00158d88
78254c94	00158dcc
7825f13a	00158df0
7826313a	00158e16
78277a22	00158e40
78281804	00158e9a
782a99df	00158eb8
782b5f57	00158ede
782ba673	00158ef0
782d713d	00158f40
782da213	00158f6a
7830f3c0	00158fb2
78310b59	00158fdc
78345996	00159026
7835588f	00159068
78399dcb	00159084
783b9766	001590c2
783cf6a4	001590f4
783f9283	00159114
7841dfc3	00159154
7842b31a	00159178
784550df	0015918e
7847c0e7	001591ae
78489977	001591d2
784912c2	001591fc
784a1c82	0015921e
784a6b7c	00159274
784abeaa	001592ae
784b16b0	001592fe
784c53cd	00159322
7850d2c0	0015935c
785184d1	0005db6c
785253be	0015937e
7854aa4d	001593b6
78580894	001593de
78589905	001593f4
78596efb	001593de
7859b27a	0015944c
785abb6e	00159464
785de98d	0015948c
785e8199	001594ce
786001c9	00159500
7866b68a	00159520
7867f02e	0015956e
7868330b	001595b0
7868acad	001595f4
786954a3	00159610
786f289a	00159664
786fd829	0015969c
78707e86	001596ce
7870f753	001596ea
787377b7	0015973c
787481ae	00159764
7875baf3	0015978e
7879fe27	001597f2
787eda24	00159812
787f457f	0015985c
7880f425	0015987c
78814f39	001598aa
7884b62b	001598d2
7885024b	00159908
7885d79a	00159948
78872ac4	0015999a
788749a3	0015999a
788a7b7f	001599ec
788bffeb	00159a0c
788f92af	00159a42
7890d633	00159a64
7892443d	00159aaa
7892802c	00159acc
7892b49d	00159afc
78938c24	00159b30
7894bb5e	00159b6e
7896191b	00159ba8
78962f6f	00159bcc
78989b86	00159c00
7899d521	00159c20
789a60e1	00159c40
789c9f0d	00159c5e
789cadcb	00159c7c
789e7c1c	00159cc4
78a08e51	00159cdc
78a0a13a	00159d0a
78a4b853	00159d20
78a4ce44	00159d48
78a99005	00159d58
78ab1c92	00159dc8
78b1e38a	00159e18
78b6c70d	00159e3a
78b93816	00159e60
78ba16d3	00159e9c
78ba1cd6	00159ec2
78ba908b	00159ee8
78bb27af	00159f44
78bc2e78	00159f7a
78bd5de7	00159fb4
78bff746	00159fdc
78c171fc	0015a012
78c3b7a3	0015a04e
78c41f60	0015a070
78c4d339	0015a092
78c50c65	0015a0b4
78cab597	0015a0f0
78cbbd6e	0015a11c
78cbc0b6	0015a152
78cbf7e6	0015a152
78ccfcd9	0015a168
78d77877	0015a1b8
78d7e8ad	0015a1ee
78d84e9e	0015a210
78d9494b	0015a236
78dab21c	0015a260
78dd6f11	0015a28c
78de23f2	0015a2bc
78df91ae	0015a2f6
78e08c8b	0015a324
78e140ee	0015a360
78e1975f	0015a398
78e1f09f	0015a398
78e35e99	0015a3dc
78e7d5d4	0015a3fc
78ea5be6	0015a444
78eb155e	0015a488
78ebd5e5	0015a4b2
78f17be3	0015a4f6
78f2e33b	0015a534
78f3a942	0015a586
78f43351	0015a5a4
78f7ea1f	0015a5da
78f96934	0015a5f2
78fa4d0e	0015a632
78fd9b71	0015a64c
78fda4a0	0015a64c
78fdf3c3	0015a67a
78ff301a	0015a698
78ffaaed	0015a6e8
79021172	0015a720
79031627	00085264
7903bac8	00085264
790967b9	0015a76a
790a6a6d	0015a7aa
790d01d2	0015a7d0
790d3337	0015a81e
790d8b3d	0015a842
790f3da6	0015a88e
790f8454	0015a8d0
7911a6b3	0015a912
79131934	0015a938
791559a7	0015a95c
7916489e	0015a99a
791884f1	0015a9b0
7918ac77	0015a9e2
791978f0	0015aa0a
791b7a96	0015aa38
791c3bc8	0015aa70
791dcc9b	0015aaa4
791f2f83	0015aac6
791f960c	0015aaf4
7922911b	0015ab18
7928ac01	0015ab34
792aff93	0015ab56
792b75a1	0015ab9e
792c5f77	0015abba
792dd024	0015abd8
792fbe49	0015abf4
7931b677	0015ac14
79334d22	0015ac3e
79360251	0015ac66
79379dd6	0015ac8c
793d0b6c	0015acac
793fcf22	0015acdc
79403c5b	0015ad00
7942101d	0015ad26
7942490e	0015ad5e
7944a116	0015ad94
7945f243	0015adc0
79464181	0015adda
794842a5	0015ae16
7948aec9	0015ae40
7948ddf2	0015aeae
7948ee90	0015aece
7948fa87	0015af12
794a94a3	0015af30
794adc99	0015af50
794d036d	0015afa8
794e1f30	0015afe2
794e3661	0015b00a
794ebc26	0015b020
794ee296	0015b020
79513bf6	0015b042
795410ae	0015b084
79541180	0015b0a6
79561c28	0015b0ce
79568382	0015b0fa
7959ed8b	0015b12e
795d53d6	0015b15a
7962663b	0015b17c
79650e47	0015b1b2
796547c0	0015b1dc
7967d780	0015b1f0
796937dd	0015b20a
7969993c	0015b25a
796b751d	0015b280
796c7081	0015b2e6
796edffc	0015b340
7970eb60	0015b386
797169a8	0015b3de
79728af2	0015b418
7978b6ab	0015b436
7978fe7e	0015b44c
7979cba8	0015b498
797a4f52	0015b4c8
7983b7ee	0015b4e6
7985eb8b	0015b506
79864712	0015b526
798686f9	0015b592
798834b9	0015b5b6
79883a58	0015b5d8
7988acbc	0015b628
7988e612	0015b67c
798ae338	0015b6ac
7991d1b4	0015b6d6
79931d8b	0015b6f4
7994d175	0015b718
7995741d	0015b75a
79963614	0015b776
799751ce	0015b7ae
79978570	0015b81a
79978965	0015b838
79979a1a	0015b85a
7997fb4c	0015b8ba
79980d50	0015b91a
799a3b9d	0015b970
799cba37	0015b9a8
799d4ea4	0015b9c4
79a00d04	0015b9fa
79a2acf7	0015ba5e
79a36cfb	0015ba88
79a41f5c	0015baa4
79ab8535	0015bb04
79ab9176	000d9dda
79abe0f1	000d9dda
79ac6221	000843f6
79ae57a7	0015bb38
79b2bbb5	0015bb4c
79b34cc0	0015bb9e
79b3dc0a	0015bbc6
79b58d0d	0015bbe8
79b5f304	0015bc50
79b6a94b	0015bc84
79b96edd	0015bcbc
79b994dc	000bc998
79bbc586	0015bd22
79bc0f15	0015bd48
79bd73ef	0015bd68
79bdf32b	0015bda0
79be38cc	0015bdbc
79c05d62	0015bdf0
79c12da4	0015be28
79c1df71	0015be5c
79c1f04c	0015be82
79c3482c	0015bec4
79c36a2d	0015bee6
79c92e45	0015bf08
79c934be	0015bf4c
79c9e9de	0015bfac
79ca390c	0015bfd0
79cbf380	0015bfea
79ccee5f	0015c01a
79cdbd75	0015c058
79cddd79	0015c0ba
79cfb168	0015c0e8
79d1ecdb	0015c122
79d272ea	0015c142
79d28624	0015c184
79d2939c	0015c1c8
79d2f873	0015c202
79d386f1	0015c24e
79d3e0f4	0015c24e
79d4811a	0015c266
79d6b9c0	0015c2e0
79d75dcd	0015c306
79d9a7b1	0015c326
79da2ba0	0015c34a
79dc1580	0015c3a4
79dcb467	0015c3c4
79dcc210	0015c3e2
79dd2fe5	0015c410
79dd53c2	0015c452
79ddbb3a	0015c470
79e1d534	0015c49a
79e39c53	0015c4d2
79e4a426	0015c500
79e59bca	0015c51c
79e6210a	0015c54c
79e9e1e2	0015c5ae
79ec4be6	0015c5ca
79ec4ef8	0015c5f8
79ed1487	0015c62e
79eef1b3	0015c66a
79f2fcde	0015c6c6
79f5fe23	0015c6ea
79f6ef44	0015c722
79f77c80	0015c75a
79fa192e	0015c7a6
79fa63f1	0015c7d8
79ff59c2	0015c818
7a0099ba	0015c842
7a04d4a2	0015c88c
7a04fdbc	0015c8aa
7a056ba7	0015c8c8
7a082e82	0015c902
7a0a40de	0015c91a
7a0bf7f9	0015c93c
7a0e8ccf	0015c978
7a132f3f	0015c9b4
7a137b5c	0015ca40
7a18f5c6	0015ca5e
7a191d56	0015cad2
7a198212	0015caf8
7a19a090	0015cb1a
7a1e7df2	0015cb42
7a1e7e65	0015cb70
7a1f7937	0015cb9e
7a214bd5	0015cbd6
7a224bdb	0015cc1a
7a22d51b	0015cc64
7a23a32f	0015cca6
7a23f333	0015ccd0
7a2801c2	0015cd0e
7a292438	0015cd34
7a2adbb0	0015cd68
7a2c9776	0015cd9a
7a2ccfc5	0015cdd2
7a2d4683	0015ce02
7a2f65c7	0015ce30
7a2fef1a	0015ce4e
7a324019	0015ce8c
7a338461	0015ceac
7a33fe0b	0015ced6
7a353041	0015cf12
7a36142f	0015cf30
7a363c01	0015cf60
7a36c39a	0015cf86
7a374490	0015cfb2
7a375fae	0015cfdc
7a37de23	0015d014
7a39dd22	0015d03a
7a3c29aa	0015d09a
7a400df4	0015d0f4
7a438f5c	0015d148
7a43de93	0015d176
7a4717d4	0015d1da
7a47199d	0015d1da
7a473349	0015d1da
7a475064	0015d1da
7a47560d	0015d1da
7a47888e	0015d1da
7a48c4bc	0015d1f0
7a4b2397	0015d22e
7a4e484a	0015d26c
7a4ec00b	0015d29e
7a4f7c73	0015d2c8
7a4f9d69	0015d2ea
7a4fafb1	0015d2ea
7a51573b	0015d2fe
7a522bc7	0015d32a
7a5278c6	0015d346
7a52d0a0	0015d384
7a533978	0015d3c8
7a547596	0015d3e8
7a548efc	0015d43a
7a552f23	0015d47a
7a583021	0015d49e
7a5876dd	0015d4dc
7a593004	0015d4f6
7a5a1a50	0015d516
7a5abd65	0015d552
7a5f4db0	0015d572
7a6020fd	0015d5d0
7a657162	0015d62a
7a6982f8	0015d648
7a6a3562	0015d6a6
7a6a886a	0015d6c2
7a6ace96	0015d718
7a6b0053	0015d76a
7a6b0b7b	0015d7d8
7a6b89db	0015d80a
7a6c1273	0015d820
7a6c6ea1	0015d84a
7a6d113a	0015d878
7a6e59f5	0008c0e0
7a6eb26e	0015d896
7a70188e	0015d8dc
7a71a837	0015d90e
7a72b78c	0015d946
7a7635cd	0015d968
7a76af1d	0015d994
7a773b14	0015d9c0
7a77c671	0015d9f8
7a77c7f2	0015da18
7a782c23	0015da66
7a78932d	0015da82
7a78cef8	0015dab8
7a79bc6a	0015db08
7a79db91	0015db30
7a7bf2cd	0015db58
7a7f9e28	0015db90
7a896bce	0015dbc8
7a8c41be	0015dbea
7a8f090d	0015dc02
7a923f9e	0015dc62
7a927e03	0015dce2
7a950d56	0015dd50
7a95d3bb	0015dd82
7a95ef9c	0015ddd4
7a97daaf	0015de20
7a9a30e0	0015de4c
7a9aa391	0015de66
7a9bafa8	0015de9c
7a9d452a	0015dec4
7aa03372	0015deea
7aa06e13	0015df30
7aa18813	0015df52
7aa2eb6e	0015dfbc
7aa31df3	0015e018
7aa4e6b8	0015e048
7aa7285f	0015e07c
7aac5d8c	0015e0be
7aacb1f4	0015e0e6
7ab167fc	0015e118
7ab2226c	0015e150
7ab39b55	0015e188
7ab5852e	0015e1a6
7ab5ae93	0015e1de
7ab5f2dc	0015e200
7ab64626	0015e22a
7ab6598e	0015e24e
7ab92ee1	0015e274
7ab96ba8	0015e28e
7ab9c799	0015e2be
7ab9d933	0015e2e2
7abbc4ac	0015e32c
7abc1548	0015e35a
7abd733b	0015e380
7abe1354	0015e3ac
7abe1a76	0015e3de
7ac0354a	0015e41a
7ac04021	0015e456
7ac0707a	0015e47e
7ac2c58d	0015e4a2
7ac3fc11	0015e4ea
7ac68658	0015e50e
7ac6fe35	0015e55a
7ac74718	0015e58a
7ac91002	0015e5de
7acb245c	0015e60a
7acc2855	0015e62a
7acd8796	0015e672
7acf3914	0015e6a2
7ad10048	0015e6ec
7ad1517a	0015e7c4
7ad16fdf	0015e7f8
7ad29580	0015e846
7ad2ec5a	0015e88a
7ad2ee2f	0015e8b6
7ad44e0c	0015e904
7ad7aeef	0015e91a
7ad84b3a	0015e93a
7ada1c4c	0015e972
7addfb5d	0015e9d2
7ade6098	0015e9fe
7adea89f	0015ea1e
7ae053fe	0015ea6a
7ae1a9ae	0015ea9a
7ae29c75	0015eaf6
7ae545f8	0015eb40
7ae60767	0015eb58
7ae68baf	0015eb7a
7aea2d84	0015ebb8
7aeda5f6	0015ebdc
7aee6db7	0015ec0a
7af06622	0015ec34
7af0ba1d	0015ec9a
7af14bab	0015ecdc
7af2fff7	0015ed3c
7af321ac	0015ed6e
7af40635	0015edc2
7af4e1ac	0015ede6
7af6fac2	0015ee00
7afb513a	0015ee3c
7b001089	0015ee70
7b00e6fc	0015ee96
7b025764	0015eec0
7b02a8b1	0015ef00
7b0489b1	0015ef44
7b05f784	0015ef70
7b0892a2	0015ef90
7b089aeb	0015efa8
7b0a13a4	0015efc6
7b0c9c49	0015eff6
7b0ce91d	0015f034
7b0ea438	0015f06c
7b0f81d1	0015f0b6
7b137912	0015f0de
7b16db38	0015f112
7b1764ea	0015f140
7b1b0b33	0015f180
7b1b822a	0015f1a4
7b1c8f76	0015f1c6
7b243b7a	0015f208
7b268351	0015f268
7b2a474e	0015f2b0
7b2aa74a	0015f2e0
7b2b421e	0015f33e
7b2de5dc	0015f378
7b33a066	0015f3ba
7b3699e1	0015f3ea
7b36da51	0015f42a
7b36ecfb	0015f448
7b382703	0015f468
7b386f65	0015f4a8
7b387967	0015f4bc
7b3b01c6	0015f4d4
7b3da438	0015f502
7b3e47ee	0015f524
7b4169cd	0015f54e
7b447754	0015f56e
7b44b7f8	0015f5b2
7b44de1d	0015f5da
7b4727bb	0015f5f8
7b48948c	0015f612
7b49ba19	0015f632
7b4a17c4	0015f654
7b4b0dd9	0015f66e
7b4dc0ef	0015f6b4
7b4de4d6	0015f71e
7b50ed17	0015f750
7b51e6f4	0015f796
7b563454	0015f7be
7b5663a0	0008c3e8
7b566804	0008c3e8
7b572d76	0015f7e6
7b5af763	0015f804
7b613bd6	0015f824
7b62d146	0015f85e
7b6531b4	0015f884
7b654610	0015f8a8
7b661e88	0015f8c6
7b66b446	0015f8f6
7b67e856	0015f914
7b6aa15b	0015f93a
7b6b79d6	0015f968
7b6d252e	0015f99e
7b70e9dc	0015f9c4
7b711442	0015fa0a
7b719eed	0015fa2a
7b723b5d	0015fa68
7b72d021	0015fa8e
7b730bda	0015face
7b73a0e4	0015faf0
7b74fc8f	0015fb3c
7b74fef7	0015fb3c
7b79d8a1	0015fb66
7b7a04c3	0015fb9a
7b7a27f5	0015fbda
7b7ae224	0015fc02
7b7aedcb	0015fc2e
7b7aef29	0015fc58
7b7b329f	0015fc7c
7b7ec6a3	0015fc96
7b80fe25	0015fcee
7b8109f3	0015fd24
7b838c53	0015fd62
7b841bd8	0015fdaa
7b84d689	0015fde0
7b880741	0015fe0a
7b8a5a6b	0015fe34
7b8c2b22	0015fe76
7b8e1020	0015fe9a
7b8e55fe	0015febe
7b923224	0015fef4
7b95c47f	0015ff32
7b976e49	0015ff4e
7b9a9612	0015ff68
7b9b1428	0015ffb0
7ba00100	00160004
7ba02801	00160058
7ba23725	00160074
7ba2810b	001600c2
7ba62df2	001600ee
7ba76cc0	00160120
7ba81c06	0016014a
7bae0ece	00160164
7bb19f79	00160186
7bb46e40	001601b0
7bb5905e	001601e6
7bb5fbe4	0016020c
7bb7e41b	0016028a
7bb8f373	001602a6
7bb98533	001602e0
7bbbc3e8	00160316
7bbe8e85	00160334
7bbedb6f	00160370
7bbfd410	00160388
7bc00649	001603b0
7bc17aa4	001603e8
7bc38fa3	0016040a
7bc42bdb	0016045c
7bc46619	0016048a
7bc56aee	001604be
7bc62788	001604e8
7bc7d5db	0016050e
7bcda7d3	00160532
7bcf3dd2	00160562
7bd00fd6	0016059e
7bd01e86	001605d8
7bd0bd06	001605f0
7bd719f6	0016061c
7bda60ed	0016067a
7bdb48cb	001606ba
7bdc104b	00160718
7bdc178c	00160736
7bdd0b88	0016074e
7bdf7019	0016077e
7be0b8d0	001607b6
7be24210	001607e2
7be2a1fe	00160832
7be90f0d	0016088e
7be94ab3	001608c2
7beab7bc	00160918
7bec582f	00160942
7becf45a	0016095a
7bed4a01	00160982
7bee2947	001609d0
7bf274bb	001609fc
7bf279e4	00160a22
7bf37e05	00160a4a
7bf65717	00160a88
7bf809c4	00160ac6
7bf80e3f	00160aec
7bfa2b7c	00160b38
7bfb874f	00160b72
7bfcebcb	00160bcc
7bfced96	00160bea
7bfde5a3	00160c0c
7bfed54e	00160c58
7c004b05	00160c8a
7c00666d	00160ce2
7c058ed0	00160d10
7c069f3b	00160d2a
7c0f96a7	00160d8c
7c0ff57e	00160dcc
7c114888	00160dea
7c125074	00160e2c
7c14f9bc	00160e4a
7c198b77	00160e64
7c19f8af	00160e88
7c19fda7	00160ee4
7c1a4685	00160f24
7c1ab584	00160f7e
7c1b34fe	00160fa6
7c1b412a	00160fba
7c1bd825	00160fe6
7c1c2121	00161012
7c1c5607	00161024
7c1cf3bc	00161012
7c1d4bf5	00161054
7c1d5030	00161086
7c1d5fe0	001610b0
7c1de684	001610f2
7c1fd7f8	0016114a
7c202423	00161170
7c2036eb	00161194
7c2265fb	001611e8
7c23624d	00161234
7c25506b	00161256
7c272609	00161280
7c2871ee	001612a0
7c293165	001612c0
7c297721	001612e0
7c2a9343	00161310
7c3373ff	00161346
7c352068	001613c0
7c36bad7	001613e6
7c3715f0	00161406
7c378d68	00161436
7c3beebd	0016148c
7c3c0e52	001614b0
7c3cccef	001614cc
7c3f5294	001614fa
7c3f5a63	00161532
7c409a1d	00161560
7c413df8	0016159e
7c42bbb4	001615c6
7c43975c	0016162a
7c43df8d	00161648
7c44625e	001616bc
7c449232	001616f4
7c453300	00161712
7c468638	00161760
7c4d9489	001617a4
7c4f24e6	001617be
7c53e572	001617e6
7c55942a	00161842
7c55991a	00161868
7c561263	00161906
7c57344a	00161924
7c579393	0016196a
7c5887f8	001619ae
7c58c970	001619ce
7c5d3a3f	001619f8
7c5e479f	00161a1e
7c5e6f7f	00161a44
7c5eb929	00161a90
7c616dad	00161ab2
7c63d655	00161aee
7c64053e	00161b18
7c665452	00161b3c
7c68b3bd	00161b88
7c691c17	00161bb4
7c696bbd	00161bdc
7c6a65d7	00161c20
7c6a8c09	00161c4c
7c6daeef	00161c7e
7c6f08de	00161cb0
7c6f0999	00161ccc
7c6f6817	00161d14
7c6f722b	00161d58
7c6ffe19	00161d94
7c727c08	00161dc2
7c72feb5	00161de6
7c731847	00161df8
7c765cae	00161e14
7c770377	00161e44
7c787552	00161e5e
7c799216	00161e90
7c7ff7e7	00161eec
7c802e9c	00161f50
7c815eb9	00161f7c
7c82b0db	00161f9e
7c84cdba	00161fdc
7c8754f0	0016204a
7c897241	00162060
7c89ead3	00162082
7c89f563	001620d6
7c8ad18b	00162110
7c8b9ce9	00162152
7c8e9542	00162176
7c926d35	001621aa
7c9335a2	001621dc
7c940dbc	0016223e
7c9637d5	00162266
7c98aca7	000a647e
7c999dff	00162284
7ca1008d	001622b6
7ca2fd6f	00162318
7ca86705	0006dfdc
7ca88f1d	0006dfdc
7ca9d5fd	0016232e
7cab27df	0016234a
7cab364b	0016236c
7cac1c53	001623a0
7cac556f	00162412
7cb13169	0016242c
7cb20226	00162444
7cb2cd3d	00162478
7cb519eb	001624aa
7cb6b2a4	001624f8
7cb866b1	0016253a
7cb8c071	00162568
7cb8da52	00162568
7cbe04bd	0016259c
7cbe2e7d	001625e6
7cbe8882	0016260c
7cbee862	00162654
7cc2007b	0016269e
7cc20879	00085cb4
7cc20c1e	00085cb4
7cc22938	00085cb4
7cc2548b	00085cb4
7cc25d0d	00085cb4
7cc26985	00085cb4
7cc26b81	00085cb4
7cc27264	00085cb4
7cc27f33	001626bc
7cc2ba23	001626e0
7cc2fa7a	00162700
7cc3361e	00162738
7cc39116	00162792
7cc3b898	00162792
7cc53f60	001627a6
7cc717e1	001627ea
7cc787dd	00162830
7ccaa6fd	0016284a
7cccbef2	00162876
7cced65b	001628ac
7cd05303	001628ce
7cd3b743	0016290e
7cd52c8e	00162944
7cd656d0	00162970
7cd76237	00162992
7cda8c4b	001629ce
7cdc5e06	00162a0c
7cdc9c24	00162a34
7cdf355b	00162a60
7cdf4d60	00162a9a
7cdff824	00162ac6
7ce10331	00162b04
7ce186e8	00162b42
7ce428b2	00162b94
7ce57e7b	00162bbc
7ce58fd3	00162be4
7ce620b3	001450e2
7ce62a21	00162c06
7ce64b23	00162c52
7ce68310	00162c88
7ce78d50	00162caa
7ce79900	00162ce4
7ceb0598	00162d1e
7cf28a4d	00162d3c
7cf2ed60	00162d54
7cf30653	00162d9a
7cf38065	00162ddc
7cf65712	00162e10
7cf6916a	00162e46
7cf6afe3	00162e6a
7cf81344	00162ea6
7cf9beff	00162ed8
7cfa3743	00162ef4
7cfb903c	00162f1c
7cfc0222	00162f52
7d01f76d	00162f98
7d05d56d	00162fe0
7d08d3fc	0016302a
7d0c5276	00163058
7d0cd844	00163098
7d0de792	001630ce
7d1219f6	001630e4
7d1303a3	0016315c
7d130cfe	001631aa
7d1315c7	001631d2
7d16237c	00163232
7d172633	00163266
7d1744c4	00163288
7d187ab8	001632b0
7d1908cf	001632e8
7d1999b5	0016330e
7d1b45f1	00163328
7d1f212e	0016338e
7d20bd6c	001633c0
7d22f6da	00163404
7d231f3b	00163424
7d24aaf8	00163470
7d28e30e	001634ae
7d2b1aa4	001634f2
7d2c6d78	00163510
7d2f0d49	00163526
7d2f7dc0	00163566
7d318d05	00163592
7d31e960	001635b4
7d34c49a	001635ec
7d3643a4	00163616
7d3849d5	0016364a
7d38e808	0016368c
7d3bd805	0012c0c2
7d3c1338	001636ca
7d3eb0f9	001636fa
7d4194b5	0016373a
7d45b392	00163758
7d496e1c	00163784
7d497acd	001637a6
7d4a8a03	001637b8
7d4cac73	001637ee
7d4ddc2f	0016381a
7d4f9408	00163870
7d53d00b	00163894
7d5422a5	001638ee
7d5447df	00163904
7d54bcd3	0016391a
7d5712ef	00163968
7d5729d0	00163996
7d5a4536	001639c8
7d5b4522	001639e6
7d5b508c	00163a5c
7d5f23d1	00163a84
7d5f3f85	00163ac2
7d5f70b2	00163aee
7d605d18	00163b1e
7d61d7e1	00163b62
7d68e03e	00163bf0
7d69ffab	00163c26
7d6cae99	00163c5c
7d6d73f3	00163c92
7d6f09f1	00163cca
7d6f0c17	00163cca
7d6f2600	00163ce0
7d6fa3a1	00163d06
7d6fd48d	00163cca
7d705255	00163d50
7d705b9c	00163d6a
7d711b47	00163d8c
7d7c4e94	00163df6
7d82fc71	00163e44
7d846d40	00163e94
7d871ff1	00163eba
7d888b26	00163f14
7d8aefdd	00163f74
7d8bbef9	00163fb8
7d8d36c6	00163fce
7d8d5dd5	0016401c
7d8dbf02	0016406e
7d8eeca6	001640a4
7d904310	001640e8
7d9233f4	00164100
7d93c5db	00164128
7d94041d	00164174
7d944e1c	0016418c
7d944ffb	00164174
7d953235	001641a4
7d967cf9	001641fa
7d96ee7a	0016422e
7d96ff03	00164294
7d974bde	001642de
7d99a199	00164308
7d9a5c8c	00164348
7d9c0b7e	0016439e
7d9ccc63	001643b0
7d9d98b0	001643cc
7d9e42f6	00164408
7d9ea01a	0016444e
7d9f0e85	0016446a
7da05ad8	001644ba
7da07f39	001644d4
7da37ccc	00164502
7da3d5c1	00164582
7da3d986	001645a2
7da40d87	001645f6
7da43551	0016463a
7da47b5f	00164654
7da89645	001646c2
7da9cd1f	001646e6
7daa259c	00164710
7dac4b76	00164744
7dacb7f5	00164744
7dad7003	0016475e
7dae1f3b	001647b0
7dae71b3	001647e0
7db2b497	0016482c
7db5efb3	0016489c
7db6c62a	001648ec
7dba29f0	0016494c
7dbd4460	00164970
7dbf6f76	001649bc
7dbfad2a	001649f0
7dc0ffae	00164a48
7dc302be	00164a9a
7dc468fa	00164b06
7dc7a9b9	00164b2a
7dc81f74	00164b5a
7dc84974	00164b88
7dca2d6a	00164bba
7dca6559	00164be4
7dcb1f91	00164c2e
7dcbbd97	00164c5e
7dcc6d43	00164c88
7dcd6872	00164cb0
7dd2bb8d	00164ccc
7dd3baef	00164cf6
7dd4e0dd	00164d0e
7dd65236	00164d58
7dd84997	00164d84
7dd85697	00164db6
7ddb76ad	00164ddc
7ddba6b1	00164e28
7ddbe2f3	00164e7c
7ddf7f5a	00164eaa
7ddfe255	00164eca
7de2d505	00164f46
7de3135a	00164f62
7de354da	00164f84
7de38b4b	00164fba
7de400ee	00165010
7de406cc	00165010
7de41e42	00165010
7de468e3	00165010
7de4ff98	00165050
7de56256	00165076
7de69077	001650c0
7de84f0e	001650f8
7de936b6	00165130
7de9a74e	00165168
7dea946c	0016518c
7ded64ea	001651be
7dee1f98	001651fc
7dee5836	00165222
7deecc08	00165260
7def5bbd	001652a6
7df07443	001652c4
7df14c8f	001652e4
7df5f713	00165332
7df670ec	0016534c
7df7154e	00165378
7df99690	00165384
7dfc94c5	001653dc
7dfcd750	0016540c
7dfcfeab	0016540c
7dfedb56	00165452
7dff6ea1	00165480
7dffcb4d	001654b2
7e009ecc	001654ee
7e04d610	0016552e
7e093de8	00165552
7e0b95ac	0016558e
7e0ca8e6	001655a8
7e10ce7f	001655ea
7e12176b	0016560e
7e1237d7	00165624
7e123b1c	0016563e
7e13cad6	00165656
7e156071	00165688
7e15e01c	001656b4
7e170b29	001656e2
7e18bbb2	001656fc
7e1a80d9	0016572e
7e1ab734	0016575a
7e1c7aca	00165778
7e1cee29	001657ac
7e24c318	001657c6
7e256c00	0009b0d4
7e257837	0009db42
7e26f275	001657f6
7e2834e6	00165812
7e28d9cf	00165860
7e2b23a9	0016588c
7e2b402d	001658e2
7e2df424	001658f8
7e2f0c2a	0016593a
7e328a6b	00165978
7e3484fb	001659b4
7e3524fd	001659ee
7e3997ef	00165a60
7e3ac520	00165a98
7e3b87a3	00165aa8
7e3bcbb9	00165aea
7e3be1be	00165b0a
7e3c3180	00165b38
7e3d0386	00165b7c
7e3e9fee	00165bdc
7e40de84	00165bf2
7e42ac0f	00165c22
7e435faa	00165c56
7e43684a	00165c6c
7e437dfe	00165caa
7e44b29e	00165cf8
7e494203	00165d18
7e49ee3e	00165d46
7e4d9393	00165d6a
7e4e6127	00165d96
7e52dbc8	00165dc0
7e5473ac	00165e36
7e563bae	00165ea8
7e56cb9f	00165ee2
7e574a94	00165efe
7e576ecb	00165f30
7e57adc7	00165f70
7e581054	00165fa8
7e588e77	00166004
7e5a762a	00166066
7e5d49d0	0016608c
7e5d9927	001660b8
7e5f18bd	001660fc
7e5f264d	00166152
7e5f9a00	0016617c
7e5f9d35	001661c6
7e5fa95b	001661ea
7e5ffa72	0016621e
7e60d34e	00166250
7e65aa78	00166276
7e65e5a7	001662ec
7e663e42	0016630a
7e672d9d	00166328
7e69c8af	00166358
7e6cd657	0016637c
7e6d0789	001663b2
7e6e44fb	001663e4
7e6ee70e	00166412
7e6fe1b2	00166448
7e718c97	0016647e
7e732d52	001664ae
7e77320e	001664da
7e7795d1	0016653c
7e77beaa	00166562
7e79ae92	0016657e
7e79b112	0016659e
7e79fd2b	001665c6
7e7da08c	0016661a
7e7e414e	00166630
7e7e952b	0005becc
7e7ea399	0016665a
7e7ea77f	0005becc
7e7eeb9c	00166670
7e7f4afa	00166686
7e7fe825	001666ca
7e8002d3	001666f6
7e826bea	0016673a
7e856715	00166760
7e85d6dc	00166760
7e860a94	00166792
7e86e999	001667be
7e89acb9	001667de
7e8a078f	0016680a
7e8b596a	00166824
7e8ef8fb	00166844
7e8f9702	00166886
7e929c8a	001668ca
7e92e91a	001668ec
7e95810b	00166928
7e976176	0016694a
7e97e980	00166994
7e9bf201	001669b0
7e9d3a71	001669d2
7ea06c82	00166a24
7ea07efb	00166a7a
7ea11e20	00166abc
7ea772a3	00166af6
7ea93bdd	00166b0c
7ea9506c	00166b30
7ea9e68c	00166b5e
7eac4e4b	00166b86
7ead76dd	00166ba8
7eaf4a50	00166bda
7eb063d7	00166c0e
7eb1c8b3	00166c2c
7eb327fd	00166c5e
7eb3b57e	00166c8e
7eb8192b	00166cee
7eb9fc14	00166d08
7eba66c4	00166d30
7eba831c	00166d30
7ebc22af	00166d82
7ebcd203	00166dc8
7ebdce8f	00166de8
7ebde1f5	00166e30
7ec0bde5	00166e66
7ec19c5f	00166e84
7ec376fa	00166eb0
7ec7ead0	00166ecc
7ec9068b	00166ee6
7ec9246c	00166f1a
7ec9c0ac	00166f6a
7ed0d4e7	00166f9c
7ed6934f	00166fdc
7ed6ac43	00167004
7ed8c0eb	0016702a
7ed8ca66	00167052
7eda40e0	00167092
7ee00efd	001670e0
7ee08f42	0016712e
7ee20fc4	0016714e
7ee6f145	00167172
7ee96d07	001671b6
7ee97e7c	00167206
7ee9e36d	0016721a
7eeb4ce1	00167256
7eef7718	00167280
7ef0772f	0016729c
7ef2059e	001672ea
7ef34cc3	00167318
7ef3501b	00167330
7ef76303	0008b31c
7ef88a48	00167348
7ef958a1	0016736e
7ef9815c	0016739e
7ef994df	001673b8
7eff6cc8	001673d8
7f01656a	001673f6
7f02bad4	0016743a
7f03e12c	0016747c
7f042aa6	00167494
7f085e2e	001674c0
7f087781	001674da
7f095ab1	00167510
7f0a3909	00167554
7f0b378d	0016756e
7f0cea1d	001675b6
7f0cef79	001675e6
7f0cffc3	001675fe
7f0d2334	0016761a
7f0f981b	00167642
7f100c82	00167670
7f121b97	001676aa
7f1336ae	001676dc
7f1683bb	001676ea
7f17e423	00167700
7f18e41e	00167718
7f1a77b2	00167746
7f1b80f4	0016778a
7f1bfbe5	001677ac
7f1cc0cd	001677ec
7f1ce091	00167816
7f208362	00167836
7f20dce7	00167854
7f255cf9	00167898
7f256377	001678b6
7f28148e	001678e0
7f2dafd1	001678f8
7f312562	00167916
7f33d92b	00167940
7f3a9640	00167960
7f3bd48d	001025aa
7f3c71dc	00167980
7f3e0a5d	001679b4
7f3e630c	001679cc
7f3f3011	001679e6
7f3f5376	001679fa
7f40257c	00167a0e
7f407ba7	00167a3c
7f416b9e	00167a58
7f41b399	00167a92
7f4226f5	00167ac2
7f488149	00167b00
7f4a699d	00167b2c
7f4b8f99	00167b50
7f518d58	00167b88
7f521a03	00167bee
7f539d55	00167c08
7f551c7f	00167c30
7f566cbc	00167c4a
7f5747e6	00167c7a
7f58c065	00167cbe
7f5abbff	00167d06
7f5b6cbb	00167d2c
7f5df711	00167d52
7f5f1643	00167d7a
7f5f2a0d	00167daa
7f5f3d3b	00167dc8
7f5fad54	00167e00
7f61f636	00167e22
7f6305d4	00167e50
7f67703a	00167e8a
7f6813b7	00167edc
7f6834a5	00167f14
7f6858cb	00167f60
7f6a4930	00167f98
7f6cafc0	00167fe8
7f6f0566	0016804c
7f70650c	001680b2
7f70fe1a	0016811c
7f7102dc	00168142
7f71443a	00168166
7f7354ab	001681ae
7f74aaec	001681ca
7f7685ca	00168208
7f7b3459	00168224
7f7c73db	00148170
7f7c9df7	0016827a
7f7cb4b4	001682b8
7f7eb05f	00168318
7f7f2805	00168352
7f7f6864	00168352
7f7f6d12	00168368
7f8296dc	00168380
7f86d4d4	001683a8
7f86ea13	001683ea
7f88c3c7	00168430
7f8bc713	0016847a
7f8be920	001684a8
7f8e59cc	001684c6
7f8ee902	001684f0
7f902d0a	00168510
7f92609b	00168542
7f97a81c	00168594
7f996d09	001685ba
7f9c0bd6	00168628
7f9c4eb2	00168656
7f9db1e7	00168684
7fa13afa	001686b4
7fa2bf61	001686dc
7fa2f7f7	00168710
7fa35071	00168754
7fa41ac4	00168766
7fa477e8	001687b8
7fa5a6d0	001687e2
7fa6eac3	0016880c
7fa75517	0016885c
7fa8ffe7	00168882
7fab1a1c	001688b6
7fb0ef62	001688fc
7fb20ad8	00168932
7fb574e6	0016894a
7fb5e206	0016896a
7fb6b0ce	00168998
7fb7fd31	001689ae
7fb80d91	00168a00
7fbb2ed5	00168a30
7fbbebff	00168a72
7fbcb7d9	00168ac4
7fbf046c	00168af8
7fbf2dab	00168b52
7fbf4be5	00168b82
7fc1f594	00168bb6
7fc42385	00168bf4
7fc466d5	00168c18
7fc8f9c9	00168c4e
7fc95135	00168c6a
7fcac37c	00168c92
7fcbd72c	00168cc0
7fce4efb	00168ce0
7fcf7b5e	00168d0a
7fcfa292	00168d36
7fd02d75	00168d64
7fd02ecc	0014b01e
7fd1795c	00168d80
7fd5542a	00168dd0
7fd706d1	00168df0
7fd7bfe3	00168e3c
7fd7d4a1	00168e90
7fd90f56	00168eac
7fda6c62	00168ef4
7fdab74b	00168ef4
7fdac046	00168ef4
7fdac558	00168ef4
7fdaddf0	00168ef4
7fdb8ab3	00168f0a
7fdd1a81	00168f2e
7fdd8de4	00168f6c
7fdec8bd	00168fba
7fdef70e	00168fe4
7fdf6758	00169006
7fdf9be1	00169038
7fe0627e	00169082
7fe29f6f	0016909a
7fe4a0b9	001690bc
7fe4a4b4	001690d8
7fe5bc3d	001690f0
7fe75415	00169114
7feb9585	0016914e
7fecba1e	00169162
7feeb4d7	00169182
7ff0d956	0016919a
7ff2fc7e	001691c4
7ff495a1	001691f6
7ff64e84	00169246
7ff6959e	001692a2
7ff82dd1	001692e4
7ff871fd	001692fe
7ffb89e8	0016931a
7ffcb80b	0016933c
8002f2d7	0016938e
80041b9f	001693a2
8004592e	001693cc
80046341	001693cc
8006abee	00169406
8008e2cc	00169422
8009fa5b	00169442
800b2ab3	00169494
800b602f	001694e8
800c9e7f	00169514
800da045	00169546
800ed248	00169576
800ef059	0016959a
800f7dbf	001695d4
801410ae	001695f4
80146ead	00169632
801593d2	00169660
8015c6ce	0016967e
8015cb14	001696a0
80171e5e	001696e2
80176de0	00169722
8017ea1d	0016973c
8018dbe8	0016975a
8019efeb	0016977a
801a30c0	00169796
801a7103	001697d2
801ab0ae	00169822
801c384c	00169856
801cde3d	0008be88
801d391a	00169880
801e3353	0016989c
801f3960	001698c2
801f6d92	001698ea
802520a4	00169926
80256faa	0016994a
80259143	0016996a
8026462a	001699c6
802784eb	001699e2
802808b7	00169a36
80287e15	00169a80
80290da2	00169a96
8029ff72	00169ad6
802a0db4	00169afa
802abdc6	00169b28
802ad2cc	00169b60
802f494a	00169b74
8030b7f0	00169bc8
80323bb1	00169c00
80326e18	00169c26
80345c09	00169c56
80349ee2	00169c9a
803645b3	00169cbc
80389133	00169d14
803a7c49	00169d60
803b1eb3	00169da8
803ca9e2	00169dec
803caeb8	00169e2e
803e81b9	00169e48
803f2cf5	00169e74
80403bdc	00169e92
80422b69	00169eba
8042d75c	00169f02
80438ae3	00169f3a
8045ba8d	00169f5a
80465622	00169f78
804695fc	00169f98
8047da13	00169fe8
80495620	0016a00a
8049ac77	0016a034
8049b15e	0016a06c
804b0801	0016a086
804b2d81	0016a104
804b93b5	0016a130
804d5f66	0016a15e
804e3729	0016a182
804f4530	0016a19e
8051dc67	0016a1da
8053ed4c	0016a206
805515d4	0016a228
805bcbe9	0016a26e
805f220b	0016a294
805f346c	0016a2ba
8060464c	0016a2e0
8062eb87	0016a30a
80635eaf	0016a32e
8064430b	0016a362
80647b71	000c50bc
806595e8	0016a3a6
80671832	0016a3e6
8068485a	0016a434
806a2cd8	000f6702
806a37d9	000f6702
806fa885	0016a46c
8070225a	0016a4aa
8071c4c8	0016a4e6
80728907	0016a514
8073e7d3	0016a540
80791b8d	0016a566
80799536	0016a5e4
807d267f	0016a5fe
807fe72f	0016a672
8081bebd	0016a68c
8081ea36	0016a6b0
80822ad3	0016a6d8
80835ea5	0016a70a
8084641c	0016a73c
808537b5	0016a762
80859539	0016a798
8086f313	0016a7c6
8089bd10	0016a7f0
8089ecc6	0016a864
808ab77a	0016a88e
808ac012	0016a8b6
808af23f	0016a918
808b0340	0016a968
808c879b	0016a9c0
808c91b4	0016a9fc
808cb12e	0016aa20
808d60af	0016aa96
808e9c65	0016aaae
808f67eb	0016aadc
80912106	0016ab14
8092b43f	0016ab5e
8092c4a2	0016ab7c
80931adc	0016abea
8097c67f	0016ac70
8099151b	0016ac8e
8099c981	0016ace2
809a694e	0016ad36
809c3bb3	0016ad54
809c97d7	0016ad8c
809c9e59	0016ad98
809ca381	0016adbe
809cedcf	0016ade0
809d1f89	0016ae06
809e525a	0016ae4a
809e624e	0016ae66
80a05023	0016ae86
80a22782	0016aebe
80a40958	0016aefc
80a895d5	0016af20
80a8c5b5	0016af58
80a9d2c8	0016af86
80aad96a	0016afcc
80adcd71	0016afec
80af1d4d	0016b00e
80b33e03	0016b034
80b46708	0016b04a
80b739ea	0016b06e
80bbd138	0016b0ac
80be05e0	0016b0e2
80c100e4	0016b14e
80c1590f	0016b1a2
80c1e7a3	0016b1ca
80c1f679	0016b1f4
80c393b0	0016b21e
80c456bd	0016b256
80c47cc6	0016b274
80c4c14f	0016b296
80c6ad7c	0016b2c4
80c79164	0016b2e4
80c8321f	0016b308
80ca15f7	0016b358
80cadf9b	0016b382
80cb0d99	0016b3a0
80cc1510	0016b3f2
80cc33cc	0016b43a
80cc5708	0016b43a
80ce406d	0016b44e
80ce7a7e	0016b47e
80d00475	0016b4c2
80d02c6c	0016b4ea
80d3b748	0016b508
80d4394e	0016b528
80d85bd4	0016b58a
80d8e55f	0016b5a4
80d92c61	0016b5e6
80d962ea	0016b618
80db991b	0016b640
80dbbf06	0016b640
80dc5a09	0016b66a
80de34b8	0016b69c
80de3c4d	0016b6c0
80df191a	0016b6e6
80e0b50d	0016b726
80e3a1f8	0016b772
80e440ee	0016b7e2
80e446bc	0016b82c
80e4c9aa	0016b850
80e55de8	0016b8ae
80e5e74a	0016b8f8
80eaf287	0016b920
80ec576b	0016b938
80ef68ce	0016b952
80f00799	0016b98e
80f16738	0016b9c8
80f274c2	0016ba02
80f35d0e	0016ba1c
80f5a0c3	0016ba3e
80f79f60	0016ba76
80fb43b1	0016ba8e
80fb7409	0016baac
810005c6	0016bac8
8102a34d	0016baea
81069d72	0016bb20
8109598e	0016bb96
810d2a4a	0016bbc0
810e1252	0016bc02
810eed0e	0016bc24
810f1ce8	0016bc4c
81100079	0016bc6c
8111c869	0016bcb0
811274d3	0016bcdc
811321c5	0016bd52
8114a8ff	0016bd90
8116d2bc	0016bdc0
81175bb1	0016bdda
81178cbf	0016bdfc
8118f90d	0016be28
8119ead8	0016be4a
811c3f4b	0016be6a
811c8fa3	0016be98
8120c2e4	0016bebc
81224a3b	0016bed4
81246c20	0016bf1c
8124f4f4	0016bf68
812a02e1	0016bfa0
812e9bb9	0016bfd2
81338efd	0016c02a
81339fb4	0016c042
8133cfd9	0016c02a
81372928	0016c06c
813b552e	0016c086
813b575e	0016c0a4
813bdab1	0016c0be
813e5e12	0016c0f0
813f433b	0016c124
81400d3b	0016c152
81431a4d	0016c190
81431f06	0016c1c4
81433729	0016c1f8
81434c03	0016c21e
8143a1e7	0016c27a
814529da	0016c2be
8147a4cb	0016c316
8147b331	0016c34a
81488f4c	0016c36e
81497934	0016c394
814a6b74	0016c3d2
814ac7e9	0016c3fc
814b2356	0016c426
814c6c9b	0016c450
814eea61	0016c47a
814ef2b2	0016c49a
81512987	0016c4b4
8152ab2d	0016c4e6
8153d819	0016c520
8153e8ad	0016c54e
8155c15e	0016c57e
81583f04	0016c592
8158bda2	0016c5ba
815d4821	0016c5e6
815d4aec	0016c60e
81600c06	0016c65e
816072eb	0016c6d0
8160fbcb	0016c70e
81610a59	0016c730
8162da4e	0016c74c
8163236e	0016c798
8163c42e	0016c7ee
81641449	0016c818
81644977	0016c830
816458ef	0016c85a
8164a63d	0016c88c
81685558	0016c8ba
8168b01f	0016c8ea
816984b4	0016c92a
816a2342	0016c95c
816b47b1	0016c97a
816d90d1	0016c9a4
816dd45c	0016c9da
816ed814	0016ca0e
81712406	0016ca38
8171ce95	0016ca5c
817203b9	0016cab8
817324a1	0016cae8
817588c2	0016cafe
8175b89e	0016cb22
817637d8	0016cb3e
817a225c	0016cb6e
818064e3	0016cba0
8180e674	0016cbd0
818337de	0016cbfc
81853de3	0016cc1e
818634b5	00143bdc
818642c7	00143bdc
8187ef6d	0016cc46
81898142	0016cc86
818aef83	0016cca6
818b5e55	0016ccda
818ba636	0016cd10
818d603c	0016cd34
818d6882	0016cd76
8191666a	0016cda4
8191c18b	0016cdda
8191d60d	0016ce02
81922237	0016ce28
81927ee4	0016ce48
81934b83	0016ce82
81949e6a	0016cebe
81976bca	0016cee4
8197819e	0016cf12
81985a1a	0016cf5c
8198801c	0016cf7c
81993cbe	0016cfb0
819aabaa	0016d02a
819afaf2	0016d044
819c3f58	0016d058
819d1e72	0016d086
819e3e1a	0016d0bc
819ea3b9	0016d0d0
81a0b44a	0016d12c
81a18e84	0016d154
81a2ab60	0016d190
81a600de	0016d1ae
81a725a0	0016d1e8
81a7db68	0016d240
81aab1dc	0016d274
81ab20db	0016d2b2
81ab54bd	0016d2d2
81ac93d7	0016d330
81acba25	0016d3c0
81ad126e	0016d3e8
81ad4beb	0016d430
81adc8a1	0016d46c
81af0f49	0016d4a6
81b23a70	0016d4d4
81b27912	0006bd48
81b4eef8	0016d50a
81b6b209	0016d52c
81b6eeb6	0016d550
81b7dd2a	0016d592
81bdeeee	0016d604
81be856e	0016d630
81be85f2	0016d630
81beacfc	0016d630
81bec358	0016d630
81bec52d	0016d630
81bec55d	0016d642
81becbd3	0016d630
81bed0ea	0016d630
81bedb2f	0016d630
81bee6f3	0016d630
81bef373	0016d630
81c0ff43	0016d68e
81c18cf1	0016d6f0
81c54786	0016d72e
81c567e1	0016d74e
81c669da	0016d77c
81c74eb1	0016d79c
81c88976	0016d7c4
81c8a433	0016d7f6
81ca90b7	0016d82a
81ca97ee	0016d82a
81cbfbe4	0016d876
81ce242a	0016d8b6
81d3fabc	0016d8d4
81d492b8	0016d8f0
81d56692	0016d910
81d86fbf	0016d94c
81da4bd2	0016d970
81dadfc1	0016d9a0
81dbaad6	0016d9ba
81dce134	0016da00
81ddab5f	0016da22
81de4968	0016da82
81e206a6	0016dac8
81e2be05	0016daee
81e65560	0016db0e
81e781e6	0016db34
81ec9659	0016db8a
81eca1e2	0016db8a
81ef40bd	0016db9c
81f135a6	0016dbc8
81f293e7	0016dc0e
81f42823	0016dc28
81f68ee9	0016dc7a
81f8397a	0016dcba
81fa5556	0016dd00
81faa5fc	0016dd46
81fadfab	0016dd8e
81faf1ac	0016ddce
81fc76fb	0016de10
8204280a	0016de38
82042a12	0016de66
8206a21c	0016de8c
8208289c	0016dedc
820afc8d	0016defc
820b6dd0	0016df24
820d140f	0016df42
820d2c01	0016df6e
820d9197	0016df86
820f5a2e	0016dfa6
820f85cd	0016dfcc
8210ad82	0016dff0
8210d4ee	0016e01c
82117c7e	0016e066
82130565	0016e07e
82141d4c	0016e09a
82145481	0016e0de
8218c106	0016e100
8218eef0	0016e11e
82190b99	0016e170
82190d4a	0016e1b2
82190f7b	0016e1c4
82191efc	0016e1da
8219673b	0016e1f8
82196e7b	0016e1b2
821d3444	0016e25e
821e288f	0016e2d6
821f6954	0016e30e
82209e93	0016e33c
822288e2	0016e36c
82228bf7	0016e38a
8224f55f	0016e3aa
82254351	0016e3e8
822abf91	0016e40a
822cf53a	0016e424
822f2cb1	0016e43a
8230f352	0016e46a
8236342f	0016e496
823908d6	0016e4d2
82390d7d	0016e4d2
823a3cd2	0016e58c
823b973d	0016e5d0
823c44bf	0016e5de
823efb37	0016e612
82426458	0016e644
82448cbb	0016e6c4
8245b125	0016e736
824647dc	0016e78e
8246545b	0016e7a6
8246bce5	0016e7c0
82489fd0	0016e804
8248d239	0016e822
8248f4e3	0016e83e
8248fabf	0016e858
8249f006	0016e880
824b3a9a	0016e898
824c1ebc	0016e8cc
824c1ec3	0016e902
824dabcd	0016e91e
824dac61	0016e940
824f8bc8	0016e966
8250dee0	0016e994
82515840	0016e9b4
8252ebbd	0016e9d0
8253d24d	0016e9ec
8255c7fc	0016ea1a
8256ef05	0016ea38
825b4e04	0016ea5a
825c2953	0016ea86
825cae71	0016ea86
825cb783	0016ea86
825cc1ba	0016ea86
825cd1d8	0016ea86
825cf314	0016ea86
825dce9b	0016eaa4
825ddc86	0016ead8
825fa680	0016eb02
8261d6bc	0016eb20
8263484a	0016eb4e
82643965	0016eb6e
8268be4f	0016ebd8
82690363	0016ec0a
826b3708	0016ec46
826ca8ae	0016ec60
826d587b	0016ec84
826dc003	0016ecb8
826dca66	0016ecea
826eaf66	0016ed00
8270d104	0016ed26
827108ca	0016ed40
82720161	0016ed6a
8273401c	0016edda
8276ac90	0016ee1c
8276e6d4	0016ee46
827815dd	0016ee64
8278e84d	0016ee96
827b383c	0016eeb4
827b7904	0016eee0
82800f65	0016ef00
82821a9b	0016ef34
8284231f	0016ef5a
8284b24c	0016ef76
8286a026	0016efba
8288def6	0016eff2
828b0f03	0016f018
828d5bc7	0016f03c
828efedc	0016f084
828f042b	0016f0b4
8292d311	0016f0d4
82943138	0016f110
82958d8d	0016f13c
8297c0b4	0016f180
8299a0f9	0016f1a0
829a3ff8	0016f1be
829c6c8d	0016f1f8
829cd23d	0016f256
82a1081d	0016f288
82a3e661	0016f2bc
82a3e95a	0016f306
82a4031e	0016f32a
82a4a869	0016f354
82a7d93b	0016f390
82a88242	0016f3de
82a8c873	0016f3f8
82ac02df	0016f420
82af11c6	0016f45c
82b0182b	0016f486
82b02cd6	0016f4aa
82b02eba	0016f4aa
82b473c8	0016f4ec
82b85185	0016f516
82b8718f	0016f554
82b8c464	0016f5ba
82b90fb4	0016f5ea
82b923d0	0016f646
82b9652a	0016f5ea
82b967b3	0016f5ea
82b97d17	0016f5ea
82ba9641	0016f670
82bbbaba	0016f698
82bf60d8	0016f6b0
82c014a6	0016f6c6
82c0a71c	0016f6e8
82c2403e	0016f6fe
82c29349	0016f726
82c31033	0016f784
82c36700	0016f7bc
82c4fe24	0016f7ee
82c5af68	0016f814
82c65c7a	0016f83c
82c66837	0016f876
82c950eb	0016f8a8
82cba5aa	0016f8f0
82cbf549	0016f90e
82cd4344	0016f948
82d12789	0016f99a
82d35ec9	0016f9c0
82d450b1	0016f9f0
82d4ae9e	0016fa30
82d5fdd9	0016fa54
82d6ca17	0016fa8e
82d8c910	0016fac2
82d9f73c	0016fb0a
82dae45f	0016fb34
82dc5f99	0016fb5e
82dd9d1c	0016fb7e
82ddbae5	0016fbb2
82dfaf8f	0016fbe8
82e799c3	0016fc30
82e8bd23	0016fc4c
82e90aa3	0016fc7a
82e93d0c	0016fc7a
82e95a5d	0016fc7a
82e95f09	0016fc7a
82e971e1	0016fc7a
82e98b0e	0016fc7a
82e9ff36	0016fc7a
82ea2ad3	0016fc90
82ea5785	0016fcc4
82ea6d86	0016fcfe
82eb0318	0016fd28
82edba2f	0016fd84
82edbbad	0016fd9c
82ef7689	0016fdcc
82f1e9c3	0016fdea
82f25bf4	0016fe0e
82f2fc10	0016fe30
82f3018c	0016fe70
82f3b6d6	0016feca
82f78af7	0016fee8
82f7bff5	0016ff02
82f82652	0016ff2a
82f9f77e	0016ff4c
82fb40c3	0016ff8c
82fb81be	0016ffb4
82fcdeb9	0016ffee
82fe5731	0017002c
82fe7b51	0017006e
82ff2ce6	001700aa
83001287	00170102
83006093	00170162
8301064c	0017019c
8301acd8	001701c8
8302689a	001701ec
83064ea5	0017023c
8308e880	0017026c
830a3aae	001702d4
830b528d	00170312
830cf640	0017033c
830f34c0	0017035e
830f9770	00170396
83130b4f	001703cc
831330db	001703ec
83139ba7	00170438
8314e8c2	00170462
83156252	001704a4
8315e5a7	001704de
8318dfc3	00170510
8319bc9a	00170582
831a83eb	001705c4
831bd9b9	001705fe
831e114a	00170634
831e2e79	00170634
83249cfd	0017067a
8324c26c	001706b6
83257ed1	001706da
83262de3	00170712
8326e1a0	00170742
8327b3be	0017078c
832b04e6	001707a6
832cc9c3	001707cc
832ce05a	0017080e
832dd3ed	0017084e
832dd4ff	00170878
832f2570	001708c6
83302416	001708fa
83303246	00170936
8331d2cd	0017095e
83340183	0017099c
8334125f	001709f8
8336344a	00170a38
8336f084	00170a7a
83373f7d	00170ab0
8339ae99	00170b0a
8339bd87	00170b38
833c1a7e	00170b66
833c63cc	00170bba
833de274	00170bd2
8341fc94	00170c16
834239c4	00170c3c
83437989	00170c7a
8344762f	00170c94
8344b19f	00170cba
83474b9d	00170cee
834760ec	00170d38
834861a1	00170d8e
8349af42	00170dbc
834a0f14	000b7f08
834a0fa1	000b7f08
834a2f15	00170df2
834a370b	00170e02
834b5964	00170e3c
834d620e	00170e7c
834e4c1f	00170ea4
834f0f3a	00170ed8
8352d6a1	00170ef8
8352d8b4	00170f18
8354ae01	00170f38
8355f9e2	00170f7c
83562e74	00170f92
835717e3	00170fb0
83583689	0017101e
835959c9	00171058
835996a5	00171072
8359c063	001710ec
835ad465	0017112a
835b0005	00171148
835e564e	0017118c
835f27cc	001711b2
835fdb3d	001711de
8360a89f	00171206
8363dadf	00171240
83652f97	00171296
83659436	001712c8
836594f5	001712f8
836673c5	00171314
8367d544	0017134c
83686719	00171382
83697061	001713a4
8369de84	001713c2
836a7280	001713e4
836e00f6	00171434
836e0c5f	00171478
8370201c	001714a4
837067df	001714d2
837394bd	0017154a
8376675c	0017157a
83781db7	0017159e
8379d7f4	001715de
837a552b	00171646
837bdd0c	0017166a
837bf5b8	00171690
837cddee	001716ae
837d488c	001716e4
837e3d7a	00171712
837eacb1	0017172e
837ffdbb	0017175e
8381d510	001717b0
8383c8da	001717f6
83855f7d	0017180c
8388a5e5	00171848
838e2401	00171884
838eb65a	001718b2
838f539b	001718d4
8390506c	00171906
83907dc3	0017196c
83917c08	0017199e
839181c1	001719e2
8392638c	00171a16
839606e6	00171a46
83998baf	00171aa6
839c1e08	00171acc
839d9e45	00171ae6
83a21917	00171b08
83a2484e	00171b56
83a2e736	00171b7a
83a3653f	00171bb2
83a367b5	00171bca
83a999c6	00171bfa
83a9f52a	00171c42
83aa352a	00171c68
83acd076	00171c98
83ae1dd0	00171cdc
83b02967	00171d08
83b2060e	00171d30
83b23473	00171d46
83b3fa23	00171d5a
83b4cc48	00171d78
83b639fa	00171d9e
83b8228d	00171dec
83b9e493	00171e48
83ba0f00	00171e72
83bf26d5	00171e8a
83bf6ab2	00171eb6
83bfbd58	00171ee4
83c1c22f	00171f1c
83c2208e	00171f44
83c40bd8	00171f84
83c8b7e4	00171fb4
83c93bcc	00171fd2
83c94279	00171fd2
83c9d766	00172008
83cb27a9	00172044
83cb9edd	00172074
83ce7b7f	001720a4
83ceb3ee	001720d4
83cf249e	001720f8
83cf3186	0017213e
83d051f0	00172160
83d0963b	00172192
83d677b7	001721c0
83d6ad80	00172210
83d6eb32	0017225c
83d9e7af	00172294
83dafe13	001722d4
83dca94c	00172344
83dcc86b	00172380
83de4946	001723a6
83dee346	001723f2
83e161b3	0017241c
83e814a8	00172472
83e817a0	0007d522
83e82c19	00172472
83e833a1	00172472
83e83468	00172472
83e841f6	00172486
83e85c43	00172486
83e86354	000e63ca
83e892dd	0017249c
83e89781	001724c8
83ec9892	001724dc
83ed55b7	001724fa
83ee1dfd	00172526
83ef7fc4	0017254e
83efa330	0017256e
83f06088	0017258e
83f1a944	001725ae
83f1ada8	001725c2
83f4fed3	001725d6
83f89e72	0017261c
83f8cab5	0017261c
83f97acb	00172656
83f9889b	0017268c
83fb05a8	001726f4
83fb4fc6	00172748
83fbe648	0017279a
83fca950	001727c6
83fd05bc	001727e4
83fd5c20	00172812
83fe5707	00172844
8401869b	00172870
8401e0ca	00172884
84034b1c	00172902
84040493	00172936
84048b0f	00172968
8405a019	001729a0
84070c12	001729d4
84090c54	001729fe
840924fd	00172a14
8409427e	00172a5e
84095f52	00172a14
840cff72	00172ab0
840e448a	00172ad4
841484e2	00172afc
8417c826	00172b52
8417ec02	00172b8a
8417ecf1	00172bc0
84182d5a	00172be4
8419fef3	00172c08
841a3f9f	00172c30
841f95d0	00172c68
8420a02d	00172ca6
8421b5fe	00172cce
84240da2	00172d20
8424a1ac	00172d5e
8426afa6	00172d96
8426b8c7	00172dbc
8426ef43	00172dd4
84284a91	00172e32
8428f5c9	00172e4a
842a0912	00172e7a
842cd81f	00172ea0
842eff2b	00172ed2
8432d90a	00172f2a
843392d2	00172f78
8435b7a9	00172fae
843835ef	00172fcc
84398816	00172ff8
843a1cfe	00173038
843b5b0a	0017304c
843e7908	0017307a
843eab31	001730a0
843eb8fd	001730ea
843f479f	00173134
844348be	0017315e
84444efe	00173182
8444565f	001731a8
8444b8fb	001731fe
84450cce	00173232
84473f21	00173240
844a80e5	0017326c
844a8b36	00173294
844bd937	001732dc
844bee32	001732dc
844bf65c	00173314
844c001e	00173366
844d7a18	001733a4
844dc147	001733bc
844e818b	001733da
845037bf	0017340c
845044e3	0017343c
8453fc6f	00173484
8456d0ab	001734a2
845792a9	000e6ca4
8457c60f	000e6ca4
8457d73f	000e6ca4
8458d1d8	001734d8
8459c6e2	001734f2
845ae9f8	00173522
845c74f0	001735ae
845c8f78	001735d2
845ca30c	00173604
845dada5	0017363e
845f6e0e	00173668
845f72a9	0017369a
845fa92c	001736ba
846134e3	001736e2
8469c63e	00173750
8469cd4d	0017378a
846a20a4	001737d8
846abe9e	001737f6
846aff56	0017383a
846d33c2	0017384e
84719cbc	0017388e
84723dfb	001738ca
8475f76b	001738f6
84766f45	00173918
8477cb0a	0017393a
8478a6db	00079272
84794c14	00173956
847c8d37	00173994
847d0308	000a6268
847d11bf	001739d4
847d7aa8	00173a12
847d8743	000a6268
847d8972	000a6268
847d9e4b	000a6268
847db3d3	000a6268
847dd78d	000a6268
847eac65	00173a30
847f0d9d	00173a72
84814cc3	00173aac
848276f8	00173aea
84827743	00173aea
8484611f	00173b16
8484fee6	00173bbe
84879d32	00173bfc
8488283f	00173c22
84882e72	00173c22
848a9917	00173c5e
848eb48b	00173cb6
84901fbd	00173ce4
849196f4	00173d0e
8492971e	00173d36
8492d5e4	00173d86
84935f63	00170df2
84938428	00170df2
849387e4	00170df2
84939607	000b7f08
8493a038	00170df2
8493b5b9	00170df2
8493bc18	000b7f08
8493bc98	000e7110
8493c8a6	000b7f08
8493d1a3	000b7f08
8493db1a	000b7f08
8493dd53	00170df2
8493df30	000b7f08
8493e23a	00173da2
8493e29c	00170df2
8493ed99	00170df2
8493f0cc	00170df2
8493f527	00141d0c
8493f669	00170df2
8493ff0a	00170df2
8493ff3e	000b7f08
849838d4	00173db4
8498ccb5	00173dd2
84998e56	00173de8
849bb21b	00173e20
84a0e3dd	00173e5c
84a19d2d	00173e8e
84a70246	00173eba
84aa05e4	00173ed6
84aa9485	00173f1a
84aac524	00173f1a
84ac9422	00173f2c
84ae151c	00173f4a
84ae3ffe	00173f4a
84af4d8c	00173f62
84b08e6d	00173f86
84b0a328	00173fc6
84b15cca	00173ff6
84b24564	0017401e
84b4621a	0017404a
84b4d9f5	00174076
84b54f14	0017409c
84b57718	001740b4
84b79d48	001740d6
84b87a93	001740ea
84bc253d	0017410c
84bd9c41	00174148
84bf9834	001741ac
84c004c4	001741c8
84c05dbc	001741fa
84c0ee2c	0017421c
84c4c8f5	0017423a
84c4fd48	0017425a
84c6f18b	001742da
84c85fca	001742fe
84c892d3	001742fe
84c8b3a1	00174312
84c8be09	00174328
84c8c573	00174312
84c95dae	0017436c
84c99294	001743a4
84caccbb	001743bc
84cae76b	001743e4
84cb99f2	0017440a
84cbd62c	00174452
84cdf298	00174474
84cf78fc	00174498
84d0890e	001744ba
84d0b6a6	001744d6
84d11717	00174534
84d147a9	0017455c
84d2c738	0017458c
84d3faea	0017459e
84d62bab	000c919c
84d639fa	001745cc
84d65831	001745ee
84d80a86	00174604
84d82e4d	0017462c
84d8c5aa	0017466c
84da5c8e	001746b2
84dae207	001746f4
84dc2acf	00174724
84debbf8	0017473a
84e14433	0017479e
84e14f2b	001747dc
84e360e3	0017480c
84e3c626	00174826
84e42dcd	0017485a
84e45db3	00174884
84e50332	001748d0
84e81a8b	00174942
84ea50f5	00174976
84ed9976	00174992
84ee0034	001749cc
84ef4784	00174a14
84f67528	00174a42
84f9e057	00174a84
84fa7054	00174ace
84fbed91	00174aee
84fc3726	00174b10
84fd0b31	00174b36
84fd0c46	00174b36
84fe8dd5	00174b88
8506d391	00174bce
85079947	00174bf0
85084de2	00174c26
85096445	00174c6e
850e543f	00174ca0
850eb698	00174d20
850f1669	00174d44
851341de	00174d72
8514a29b	00174d9c
8514d8b2	00174de6
85151a79	00174e12
85156a9a	00174e58
8516beb0	00174e80
85178d57	00174ede
851874af	00174f1a
851c373c	00174f44
851ef018	00174f7e
851f52a6	00174fa0
8521eaf7	00174fb6
85230186	00174fe6
8523bbcd	0017500a
8523e27c	0017501a
852667bd	00175064
852b5e6c	001750d2
852c00c0	0017510c
852e209d	0017515e
852f53bc	0017519a
85325f57	00175218
8532af2b	00175256
8532ed65	0017527c
85332592	001752a2
85333826	001752ec
8535b0ac	00175302
8536d579	00175314
85389363	00175344
853b59da	00175376
853b7e7e	001753ac
853bc3ab	001753ac
853f8551	001753c4
853f93de	00175402
853fda47	00175428
85406e82	00175452
854562b4	00175482
854573c9	001754b6
85462fab	001754fa
85490a24	0017551e
85495aa9	00175544
854b2b49	0017557e
854f46d5	001755a0
854fca09	001755e2
855027af	00175608
85502fb1	00175646
85524eeb	00175688
8552a94b	001756a6
8554ac12	001756f4
8554d90b	00175758
85576561	00175782
855a596f	001757b2
855c173c	001757e2
855dee04	00174312
8564c0c5	00175826
8566ffa3	0017585a
85672367	00175872
85681b7d	001758b4
85684b1b	001758de
8569f597	00175960
856a1cd5	001759a2
856c8bb3	001759c0
856e40fe	001759fe
856f3f6f	00175a18
85714e8f	00175a32
8573064f	00175a5a
857aadff	00175a70
857b19ce	00175a96
857b7eef	00175ad8
857b9445	00175af0
857ff721	00175b0e
8581bf89	00175b32
85826b80	00175b60
858888a9	00175b96
858ae05d	00175bca
858bd829	00175bec
858ea670	00175bfe
858f1056	00175c50
8590acfa	00175c70
8590e9f8	00175cba
8591c1f3	00175cfe
85922ae2	00175d1e
8593d406	00175d54
859469c6	00175d7a
8594849c	00175db8
8595d7fb	00175de2
85984dab	00175e26
859b2d50	00175e56
859bff5b	00175e76
859e25fa	00175e9e
859f18bf	00175ed4
859f1937	00175ed4
85a06f5f	00175f18
85a1f210	00175f60
85a357e1	00175f7a
85a37b22	00175f94
85a84708	00175fb0
85a92f8d	00175fd4
85aad0b9	00175ff8
85ac2132	00176026
85acf39f	00176076
85acfed0	00176096
85afeb51	001760f0
85b4cda6	0017611a
85b53468	0017612c
85b6775d	00176162
85b8d503	00176176
85ba92fd	001761ca
85bd77fb	00176216
85be05d1	00176232
85bec6b5	0017628a
85bff5e6	001762aa
85c02ab5	001762d0
85c1136b	00176304
85c24952	00176354
85c46c68	00176392
85c646f1	001763c6
85c7bf4a	00176402
85c88e1c	00176422
85c8e25a	0017644e
85c99d97	00176486
85caed7c	001764aa
85cb45e5	001764c2
85cbeb13	00176528
85cc2423	00176570
85ccf31f	0017659c
85cd1145	001765de
85cd4368	001765de
85d06de7	001765f4
85d65aba	00176638
85d950d9	00176684
85ddc8ba	001766d6
85ded63f	001766fa
85e24f68	00176764
85e3d87a	0017677e
85e4bdcb	00176798
85e77f08	001767da
85e8469b	00176804
85e98f11	00176850
85ea10cc	001768a4
85ebef12	001768c8
85ed2e82	001768fc
85ee749b	0017694e
85ef8434	0017698a
85ef9616	0017698a
85efacda	001769a4
85f4961e	001769be
85f63d12	001769dc
85f6dcc1	00176a3a
85f79ea2	00176a6a
85f7c0b1	00176a98
85fca34e	00176acc
85fcb907	00176aea
85fd8399	00176b0c
85fdedca	00176b5e
85fe3909	00176baa
8600b9c8	00176bd4
86069577	00176bec
860b99e0	00176c1a
860c0044	00176c4a
860c37e4	00176c94
860fccce	00176cbc
86146fe4	00176cde
861534ee	00176d2a
8615b597	00176d44
861627f8	00176d8a
8616c08a	00176da6
86189010	00176ddc
8618f8dd	00176e0e
861a6c33	00176e3c
861b5b80	00176e62
861bd5f2	00176eb4
861c584a	00176ec6
861cb33c	00176efa
861d476f	00176f2c
861da4f6	00176f48
861e17c9	00176f6c
861ee46f	00176f9c
86207118	00176ff2
8622d284	0017702c
86251165	0017707e
862598c8	001770a4
86260945	001770e6
8627dc23	00177102
8628a953	0017711e
8628ae2f	00177160
8628b458	0017718c
862a7156	001771d2
862b3a3a	001771e6
862b3e02	0017721e
862bb890	0017724a
862e52ab	00177272
862e7060	00177272
862e8fc4	00177272
862f404e	00177284
8630f196	001772c4
86316b8a	0017732a
8633b83b	00177350
8633e2bf	00177380
863414be	001773dc
8634288f	00177410
86354059	0017743a
86360b68	0017746a
8637a23b	00177498
86382202	001774e0
863a5a35	00177502
863dae35	00177526
864098a4	0017756e
8641cbc7	0017759e
8642545d	001775c8
86427d58	00177612
8647854a	00177644
864ce161	0017768e
864e20ff	001776e2
864fbc32	00177702
86509c74	0017773c
8650d139	0017777c
86526a3d	00177806
8652eec5	00177858
8653e43e	0017789e
86542b0f	001778c2
8655a085	0017790c
86563bb6	0017792e
86576128	00177972
86585a19	001779b6
865ac656	001779fa
865c55d1	00177a26
8662333a	00177a60
8663477b	00177a82
866378c0	00177ab0
8663793a	00177ae2
86656e50	00177b0e
866875cc	00177b6e
8668b090	00177bc2
866a202c	00177bf2
866a9c78	00177c20
866cb4d1	00177c42
866d2d07	00177c7e
866db1f8	00177c7e
866e981d	00177c98
866e9eff	00177cb6
8671edf6	00177ce8
8673f098	00177d30
8674e693	00177d6e
8678e3b5	00177da4
86792448	00177dd2
86793aa1	00177e02
867ba869	00177e64
867cb573	00177e9e
867ef4f2	00177ece
867f246d	00177f12
867f8c93	00177f7e
868056e4	00177f9e
8680abf6	00177fb6
86870be3	00177fd2
8687cf40	00177fea
868855eb	00178020
8689461f	00178060
8689f8a9	001780d6
86938ed9	001780fa
86947900	00178140
86965167	00178164
86965dab	00178186
8697c877	001781ae
869b4586	001781c6
869bdd28	001781de
869ca269	00178206
869ec140	0017826a
86a124c1	00178296
86a1528f	001782ec
86a1748f	00178352
86a4855f	00178372
86a52f00	0017839a
86a53432	001783dc
86a8e1aa	00178436
86ab187e	0017846a
86acff01	0017848a
86aeb4dc	001784a0
86aebeb7	001784ec
86af2f93	0017852e
86b08bbe	0017857e
86b1896d	001785ba
86b37ab5	0017861c
86b3de92	0017863c
86b3eaee	0017866c
86b4e338	001786a0
86b51ca7	001786da
86b6a5b8	0017871c
86b8045a	0017873e
86ba2724	0017875e
86bbc6f2	001787a8
86bc03ac	001787c0
86bc9b45	001787e2
86bde7a2	0017881e
86c0010c	00178888
86c2d753	001788ce
86c3ab82	00178920
86c86e4e	00178954
86cd600b	001789d8
86cdd847	00178a08
86ce963c	00178a22
86cea021	00178a3a
86d05e17	00178a72
86d24a99	00178a96
86d2d3c6	00178ab4
86d3f1ce	00178b10
86d7afbb	00178b30
86da41a1	00178b62
86db1603	00178b88
86db8a0e	00178bd4
86dd19f0	00178c0e
86de206e	00178c26
86dfab4a	00178c44
86dff6d0	00178c92
86e0ee7d	00178cca
86e3592c	00178cf0
86e41b31	00178d12
86e5b7db	00178d44
86e83a57	00178d70
86eb6d7e	00178d9a
86eb7b50	00178dc8
86ebc12a	00178dfc
86ee0353	00178e1e
86ee6a8a	00178e40
86ef49e1	00178e56
86f03c04	00178e86
86f04202	00178ea2
86f22cb3	00178eca
86f3bc8f	00178f02
86f60e93	00178f4a
86f63421	00178fda
86f6a9a3	00179034
86f6b2fb	00179088
86f88a66	001790bc
86fc1a07	00179134
86fe097c	00179146
86ff8e1a	00179188
8701dc66	001791ac
87030f78	001791c8
87064306	001791ec
870731b8	00179226
87093651	0017925c
8709826b	0017927c
870a3d51	0017929e
870dae91	001792d6
870e1d4e	0017931c
87108a0b	0017933e
87151415	0017937a
87152823	001793ae
8715595a	001793ae
8715784e	001793ae
8715efbf	001793c0
8717f2fe	001793dc
871d264a	0017940e
871e56af	0008cfea
871ec0cd	00179450
8721bbb0	0017949c
8721c183	001794b8
87229201	001794ec
8722fa52	001794ec
8724765c	00179508
872871f1	0017956c
872962b3	00179584
872baf16	001795ac
872c5696	001795f2
873047d5	000791ba
8732c6fe	00179656
8733cb09	00179676
8733cd17	001796a2
8733cfec	00179676
8733e0b1	001796be
8735f534	001796dc
8737cb46	00179700
87390446	00179720
873954f4	0017974c
8739855a	0017976e
873a7eb6	001797e0
873b1f18	00179816
873cb4f3	00179856
873eddd3	001798ba
873f4f29	001798e4
87408a81	00179906
8740a395	00179942
8743bfe4	00179978
874593e8	001799a2
87465dea	001799ba
8746ba59	001799fc
8748088e	00179a26
87489679	00179a42
8748fd88	00179a94
874cee41	00179aba
874d4bd2	00179ae0
875092f6	00179b1e
8751e768	00179b54
87532073	00179b8c
875340c9	00179bba
8753eb3a	00179bea
8756a315	00179c06
875757c3	00179c20
875908c8	00179c5e
8759b726	00179c8c
8759d2a3	00179cd0
875ac0b1	00179cf8
875af95b	00179d48
875c7e16	00179d80
875de517	00179db8
875e37d0	00179e26
875fbed2	00179e8c
8766983d	00179ecc
8766e3fa	00179efa
8769ccae	00179f66
876a0901	00179fc6
876be2c2	00179fea
876d4a21	000fcce4
876d61b1	000fcce4
876d6f35	000fcce4
876d7103	000fcce4
876f32ef	0017a056
8774b984	0017a0a4
8774eb86	0017a0c4
8775144f	0017a0f0
87765ae1	0017a13a
8778c7d9	0017a184
8778e5a1	0017a1ae
877c2d78	0017a1e4
877d2b9d	0017a20e
877f43bc	0017a236
87803f2c	0017a25c
8780464a	0017a25c
8780533b	0017a25c
87824fac	0017a272
87843f9f	0017a2a4
8784b8f6	0017a2c2
8784e620	0017a2dc
8787ed1a	0017a302
878a4f09	0017a34a
878aabcb	0017a368
878c0ed7	0017a388
878cfd65	0017a3a4
878d5783	0017a3f2
879151dc	0015669e
8791c5f7	0015669e
87948ff8	0017a41a
87966e15	0017a444
8796a86b	0017a480
87979c80	0017a4ca
8798036e	0017a4e8
8798a569	0017a514
8799e8f7	0017a53a
879b9b15	0017a58e
879c2db5	0017a5c8
879e027c	0017a63c
879f3b9d	0017a66a
879ffe06	0017a696
87a02710	0017a6b4
87a1a01a	0017a710
87a38cd1	0017a758
87a5b087	0017a790
87ace824	0017a7ae
87ae4408	0017a7e8
87b1c485	0017a814
87b1ea74	0017a866
87b22164	0017a88c
87b46def	0017a8ca
87b4a018	0017a90a
87b71e7d	0017a932
87b9641d	0017a970
87b9b7c9	0017a9a6
87bc353c	0017aa2e
87bd27a2	0017aa54
87be7ef2	0017aa72
87c07792	0017aac8
87c6eff5	0017ab04
87c7cd70	0017ab5e
87cb0155	0017ab96
87cb1f8e	0017abb6
87cd146a	0017abe0
87cd82ab	0017abfc
87cdcce7	0017ac18
87d3062b	0017ac68
87d3106d	0017aca8
87d398a1	0017ace8
87d4cf5b	0017ad14
87d73db8	0017ad5a
87dbf5cb	0017ad7e
87dec65a	0017ad9a
87e0ce30	0017adae
87e3156d	0017ae0c
87e44662	0017ae42
87e450d7	0017ae76
87e5943b	0017aea0
87e59a27	0017aed2
87e65afd	0017aef2
87e697fd	0017af0e
87e6c7e5	0017af30
87e8271c	0017af62
87e8a14b	0017af9c
87e8b221	0017afce
87eb2ceb	0017aff6
87ee2ba2	0017b01c
87ef1aea	0017b06c
87f22139	0017b0c4
87f3592c	0017b0e8
87f36140	0017b120
87f41ce0	0017b152
87f4f613	0017b17e
87f6e62b	0017b1aa
87fa8e9c	0017b208
87fab3e3	0017b22e
87fe53d6	0017b256
87fe5ffa	0017b256
87feed75	0017b256
8803aa29	0017b26a
88061689	0017b29a
880718b0	0017b2c0
8809a2ff	0017b2e6
880afd92	0017b33c
880b4287	0017b362
880ce0e1	0017b3a2
880cfb00	0017b436
88116667	0017b45e
8811fe21	0017b482
881260a8	0017b4c6
881377e7	0017b4ee
8814c7e6	0017b538
8814ec1d	0017b56c
8817aaf2	0017b58e
88199f6f	0017b5e4
881c5ecb	0017b62a
881c65d6	0017b64a
881fa4b6	0017b694
881fdbba	0017b6b4
882087b6	0017b6e8
882719ed	0017b708
88271e15	0017b726
8828db75	0017b74c
88290674	0017b77e
882a1c3d	0017b798
882a5ce2	0017b7ba
882a73fa	0017b7e0
882bf021	0017b81a
882caebb	0017b84e
882e8df7	0017b872
882f643f	0017b898
88320e63	0017b8ec
883360bc	0017b90a
8834d0e9	0017b936
88350eb4	0017b94e
883bf8ee	0017b972
883dfe9c	0017b9c0
883e30d3	0017ba10
883eb9e2	001640e8
883feaf1	0017ba34
88423f89	0017ba64
88458217	0017ba8c
88467351	0017bb00
884891aa	0017bb28
8849d5fc	0017bb44
884c96cf	0017bbae
884da9c2	0017bbc0
884f78ee	0017bbe6
88509cef	0017bbfc
8850b940	0017bc28
885159bf	0017bc4a
88527854	0017bc9c
8853328e	0017bcfc
8854801d	0017bd1a
88575565	0017bd3e
885922c0	0017bd78
885bb257	0017bd98
885c2494	0017bdbe
885ca74e	0017bdf6
885cfc1b	0017be16
885d5b54	0017be48
885f0b53	0017be62
88625ecd	0017be9e
8864286e	00087c0c
8865c30c	0017becc
88691c02	0017bf44
88699d20	0017bf6e
886a6830	0017bf88
886b243d	0017bfda
886b638f	0017c010
886b7348	0017c03c
8870ad62	0017c06e
88711969	0017c08c
8873c35d	0017c0aa
88754c9f	0017c0e2
88770de9	0017c110
88776b27	0017c16c
88799e63	0017c190
887c137e	0017c1d8
887eaf65	0017c1ea
8880b0c7	0017c230
888329cb	0017c276
8883eb7c	0017c2ac
88874427	0017c2f2
8888581d	0017c306
88890bac	0017c338
8889e072	0017c35c
888a9009	0017c39c
888ac0f5	0017c3c0
8890c543	0017c3e8
8892c697	0017c456
8892f952	0017c480
8896e271	0017c4a0
8897dc96	0017c4b6
88985166	0017c4e8
8899ae83	0017c528
889ba43b	0017c558
889c5221	0017c570
889df35e	0017c598
889efacc	0017c5ba
88a456bf	0017c64c
88aa39e0	0017c684
88aaff12	0017c6ba
88ae9ffa	0017c6d4
88aefe63	0017c6ec
88b03927	0017c728
88b8876e	0017c756
88b898c4	0017c78c
88baa723	0017c7ae
88bb098b	0017c82e
88bb3f69	0017c884
88bb6a31	0017c8a8
88bd7a19	0017c8e4
88bdc677	0017c946
88c1cf4f	0017c95e
88c329d5	0017c98e
88c43f65	0017c9b0
88c4c8ec	0017c9f2
88c73613	0017ca26
88c8f8d9	0017ca32
88caaa94	0017caa0
88cb904e	0017caea
88ce1073	0017cb10
88ce644d	0017cb40
88ceccc1	0017cb74
88cee36e	0017cb98
88cee6ff	0017cbd0
88d0426b	0017cbfe
88d2ec99	0017cc36
88d4402d	0017cc54
88d4affe	0017cc74
88d511b7	0017cca4
88d69e28	0017ccc8
88d94214	0017cd10
88dc7180	0017cd52
88ddc54c	0017cdb6
88e22686	0017cdd6
88e33bdf	0017cdf4
88e3f2bd	0017ce2c
88e5018e	0017ce54
88e5b214	0017ce72
88e6367c	0017cea8
88e99ab2	0017cecc
88eb3303	0017cf1c
88f01125	0017cf44
88f054d5	0017cf9a
88f0d6a9	0017cfbe
88f2ea96	0017d00a
88f59476	0017d05c
88f8d8b3	0017d09a
88f914df	0017d0c6
88fbce11	0017d102
88fc3649	0017d150
88fcc2ec	0017d16e
88fd1baf	0017d198
88fd9f1c	0017d1bc
8901ae91	0017d1e0
8902dcb1	0017d214
8907f4de	0017d240
890847d6	0017d26e
89089604	0017d28c
890b7b7c	0017d2ca
890cdb78	0017d2f4
890de98b	0017d336
890e1127	0017d388
89112ee0	000c2fa2
89113f55	000c2fa2
89115089	0017d3b8
891151e3	000c2fa2
89116568	000c2fa2
891173d5	000c2fa2
89117f8f	000c2fa2
8911aa74	0017d412
89127356	0017d442
8912effb	0017d474
89150602	0017d4b2
8918a86d	0017d4e6
891936b7	0017d504
891aa30c	0017d562
891b644f	0017d588
891b8090	0017d5ce
891cefdd	0017d618
891e37ee	0017d648
891f2854	0017d660
891fe488	0017d68c
89213264	0017d6dc
8921c45d	0017d6fc
8922440d	00156736
8923821d	0017d73c
8923b15d	0017d772
89248ac5	0017d7b4
8925ce2c	0017d7cc
892657fe	0017d7f6
89269b5a	0017d82a
8926a694	0017d856
8926b5ac	0017d874
8926f416	0017d8c8
89285c6a	0017d8e2
8928ecb2	0017d912
892b070a	0017d92e
892e5990	0017d98c
89308928	0017d9d4
8931a1f1	0017da1e
8932efc5	0017da52
89330e56	0017dab2
89350fb9	0017db18
8936cef1	0017db4c
89394e00	000b803e
8939e726	0017db94
893d4f13	0017dbba
893eee49	0017dc1a
894060e4	0017dc6a
8943348a	0017dc98
8943efc4	0017dd04
89454a7d	0017dd34
894d440d	0017dd5e
894d9137	0017dd9c
894e306f	0017ddd0
894f6544	0017ddfc
89516b72	0017de42
8953f1aa	0017de7c
8955eb11	0017deb4
8957b792	0017defe
8957bbee	0017df18
89588cac	0017df70
8958f7a6	0017df9a
89590de5	0017dfd4
895a98b8	0017e006
895b8310	0017e02e
895c2668	0017e060
895e52fb	0017e0b2
895fa212	0017e100
89600e41	0017e146
8961772b	0017e178
8963612f	0017e198
8964966e	0017e1c2
8964c9a6	0017e1e2
89657319	0017e1fe
896593dd	0017e23a
89687716	0017e254
896a66ee	0017e27a
896adeb1	0017e29c
896b0d82	0017e2e8
89704786	0017e310
8971cbf7	0017e34c
8974362b	0017e390
8974e78f	0017e3ac
89765052	0017e3d4
8978b619	0017e44a
897b6571	0017e496
897bbf61	0017e4bc
89838501	0017e4f2
898545e2	0017e522
8986e635	0017e54a
89879768	0017e568
898a6f00	0017e5aa
898b20f0	0017e5cc
898d267c	0017e5ec
89933fc5	0017e638
89951844	0017e67e
899525d8	0017e69e
89973714	0017e6ca
899c1760	0017e704
899fb9e3	0017e72c
899fd7a0	0017e760
899fe7dd	0017e786
89a26877	0017e7ba
89a293b3	0017e7fe
89a35dba	0017e824
89a49e04	0017e866
89a710ab	0017e892
89a90bd5	0017e8a8
89a9421b	0017e8cc
89aa969b	0017e8f2
89ab8d36	0017e928
89abb2ac	0017e956
89abdf9b	0017e988
89aeb137	0017e9a8
89b2dd2a	0017e9de
89b5395d	0017ea06
89b5f5af	0017ea68
89b6db4a	0017eaa8
89b864ef	0017eb0a
89ba1b3e	0017eb2a
89bcbf91	0017eb98
89c17be8	0017ebe8
89c2cabf	0017ec0e
89c31b6e	0017ec40
89c3888e	0017ec72
89c44373	0017eca4
89c5b1e4	0017ed00
89c6a472	0017ed22
89c6f4a4	0017ed38
89c75e33	000983bc
89cd4f16	0017ed6c
89ce1dc9	0017edba
89ce3abb	0017ede2
89ce983e	0017edfe
89cf942e	0017ee3a
89d0e3c5	0017ee54
89d3404f	0017ee8c
89d40bbc	0017eea8
89d72409	0017eed6
89dc7d52	0017ef16
89df2f8d	0017ef3a
89e19768	0017ef66
89e424c9	0017ef94
89e59402	0017efe0
89e6e409	0017f014
89e7d1a9	0017f04c
89e84633	0017f076
89e8b314	0017f090
89eb6e71	0017f0ce
89eb9aa0	0017f11e
89eca1a5	0017f150
89ed8ddb	0017f1c0
89eed149	0017f200
89ef3872	0017f240
89f27670	0017f27e
89f3ee3e	0017f29e
89f4ab27	0017f2d4
89f55cd7	0017f2fc
89f635d8	0017f336
89f6dcc2	0017f36a
89fb4f4f	0017f38e
89fe308b	0017f3c4
8a01997c	0017f400
8a02e366	0017f436
8a061b5a	0017f474
8a08990e	0017f4a0
8a0b7c02	0017f4d4
8a0c14c8	0017f4e8
8a0d19ff	0017f52a
8a0fba78	0017f548
8a124f2d	0017f584
8a12667a	0017f5c2
8a13be1b	0017f626
8a144b10	0017f640
8a147c57	0017f676
8a15e059	0017f69e
8a16576a	0017f6b8
8a1712e5	0017f6fc
8a171ba8	0017f6fc
8a185bb2	0017f714
8a192ec3	0017f734
8a19acdb	0017f774
8a1b25d2	0017f7ac
8a1cf9bb	0017f7ec
8a20853e	0017f814
8a216dbf	0017f85a
8a26481f	0017f894
8a2acc2e	0017f8e0
8a2f8264	0017f8f6
8a3282fc	0017f91a
8a328641	0017f94c
8a337c4f	0017f982
8a35ca9c	0017f9be
8a3e55ff	0017f9ee
8a403c92	0017fa1a
8a40c352	0017fa1a
8a41bec4	0017fa2e
8a423c37	0017fa54
8a4280c2	0017fa98
8a42e270	0017fabc
8a4375b9	0017fad4
8a44ab3f	0017fb0a
8a44aeb1	0017fb4a
8a457773	0017fb76
8a4625cb	0017fba6
8a467994	0017fc06
8a4685f0	0017fc40
8a479157	0017fc5a
8a48bac4	0017fc88
8a4a54a1	0017fcba
8a4b06f8	0017fcf2
8a4c2a3a	001676dc
8a530048	0017fd1c
8a55ebb5	0017fd40
8a57409a	0017fd58
8a5768c4	0017fd70
8a584a9c	0017fd92
8a5a3f69	0017fdbc
8a5c1d16	0017fe04
8a5cc134	0017fe1e
8a5da081	0017fe74
8a5da53f	0017fe74
8a5ef377	0017fe92
8a6019d5	0017fecc
8a61d983	0017ff16
8a6380da	0017ff2e
8a649941	0017ff6a
8a65514b	0017ffa4
8a65c317	000974a6
8a699696	0017ffda
8a6a2ec5	0018000e
8a6c8caa	0018002c
8a6cb128	0018009a
8a6d992f	001800bc
8a6e6efd	000b64ee
8a6f57c0	001800fe
8a704322	0018013a
8a732108	0018018c
8a7398d9	001801ea
8a76d996	00180214
8a7904bc	00180244
8a7f13d9	00180290
8a7f22d1	000e6ca4
8a7f3465	000e6ca4
8a7f40c4	000e6ca4
8a7f413a	000e6ca4
8a7f45f7	000e6ca4
8a7fcef3	000f94c8
8a7ff54a	001802d0
8a8151d8	001802f8
8a829568	00180346
8a82d0fa	0018036a
8a83d1c9	0018039e
8a846a5d	001803cc
8a847b32	00180458
8a8612b2	0018049a
8a862cb9	001804cc
8a878962	001804e8
8a88712f	00180548
8a89e544	0018057c
8a8a01c4	001805c8
8a8c8955	00180602
8a90bc0b	0018065c
8a944566	00180690
8a94bb2a	001806be
8a954f77	001806e8
8a95532b	0018071c
8a96a805	00180764
8a96fa75	00180784
8a97a514	001807c0
8a97d64b	001807e0
8a9ae6d3	00180822
8a9ddc16	00180882
8aa08ec3	001808da
8aa0faed	00180914
8aa2c9d9	00180964
8aa338ef	001809a0
8aa5d8e8	001809c8
8aa762d9	00180a00
8aa7e936	00180a16
8aae8015	00180a3c
8aaf9730	00180a98
8aafa8ed	00180adc
8ab1cfee	00180b24
8ab436ce	00180b4c
8ab51be4	00180b72
8ab6287c	00180baa
8abe5048	00180bc2
8ac24440	00180be2
8ac3e523	00180c1a
8ac59ad4	00180c48
8ac5b1e3	00180c66
8ac8e70f	00180c9e
8acaf1f8	00180ce0
8acc18bd	00180d06
8acfa848	00180d26
8ad1589a	00180d4e
8ad2a3f5	00180d78
8ad468bd	00180dce
8ad507ea	00180dea
8ad549b0	00180e12
8ad6dd9d	00180e42
8ad8d5f4	00180e78
8ad8dcfe	00180e98
8adb2875	00180ed0
8adb2876	00180ed0
8adbcd66	00180ef6
8adc53a0	00180f1c
8adcb936	00180f60
8adda009	00180f9e
8ade419b	00180fc2
8ae224ca	00180ffa
8ae2e8e2	0018101c
8ae31d48	0018104c
8ae40442	00181068
8ae4f1eb	0018109e
8ae51bd5	001810c2
8ae688cb	001810e8
8ae6a1c1	00181128
8ae6a1d2	00181140
8ae6f91c	00181158
8aea3844	0018116e
8aed20ba	001811bc
8aee5b08	001811ea
8aeed7b1	0018123e
8af045f6	0018126a
8af35c33	00181292
8af4eeb0	001812e4
8af50e4d	00181302
8af6a40e	00181324
8af92916	0018134a
8afa413c	00181372
8afaf76a	00181394
8b00386c	001813b0
8b01e6c1	001813e6
8b0287c0	00181408
8b0607b0	00181448
8b06b5c6	0018148c
8b077d45	001814d2
8b0a0944	001814f8
8b0a5815	0018153e
8b0ae7ab	00181594
8b0dfc0f	001815d8
8b0ee973	0018161a
8b113e52	0018163c
8b11c020	0018167e
8b1290a9	001816b4
8b133d4f	001816ee
8b1366b3	0018173e
8b144d6f	00181760
8b145aa7	001817c6
8b15ac67	001817e8
8b165604	0018181c
8b19c2d6	0018184c
8b1b209b	00181874
8b1c2553	001818b0
8b1e7a7c	001818ce
8b1e80c7	001818f6
8b1fc9f7	00181918
8b207fa8	0018194a
8b22c655	00181990
8b23c816	001819c0
8b26370a	001819de
8b276c96	00181a0c
8b28db93	00181a30
8b295150	00181a5a
8b2a3ece	00181a8a
8b2a910b	00181af0
8b2e3a5f	00181b14
8b2e6abc	00181b3c
8b3134bd	00181b72
8b31ec24	00181ba4
8b341a9a	00181bde
8b345e24	00181bfa
8b34604f	00181c28
8b35a875	00181c48
8b35ddf5	00181c9a
8b368182	00181cc8
8b3705e4	00181cf2
8b371e75	00181d34
8b380702	00181d5e
8b3833e1	00181d94
8b396aa5	00181dca
8b39ef4a	00181df2
8b3b9f22	00181e3a
8b3bc1d1	00181e78
8b3d6758	00181ea6
8b3eb06f	00181ed4
8b3f6a3d	00181f1e
8b411eef	00181f94
8b41633f	00181fb8
8b441f16	0018200c
8b45485a	00182058
8b461654	001820aa
8b467ab6	001820ca
8b46fb4e	00182112
8b47981b	00182150
8b493d8b	00182190
8b49ab62	001821b8
8b4bd47d	00182202
8b4dd84f	00182222
8b4fd9bb	0018224c
8b4ff800	00182276
8b507023	001822a2
8b50fd7c	001822ce
8b54d894	00182320
8b5823c8	0018233c
8b5830f6	00182386
8b59ed82	001823e4
8b5b77cd	00182414
8b60d9fc	00182432
8b67ba0c	00182460
8b68389c	001824a0
8b6c5da0	001824ee
8b6f8e90	00182524
8b70490c	00182552
8b70a886	00182574
8b718452	001825c2
8b739628	001825e6
8b73ad1f	00182616
8b758ce0	00182650
8b759908	00182678
8b75b1f8	0018268e
8b7841f1	001826dc
8b7996cf	00182712
8b7a1688	00182754
8b7ad2ad	0018279c
8b7c05f5	001827ca
8b7ffa6c	001827f4
8b872970	00182824
8b87eb0b	00182832
8b88e343	00182850
8b89ac85	001828a2
8b8b111c	001828e0
8b8bf2d4	001828fc
8b8f605a	00182922
8b91c6be	00182954
8b933c21	0018298e
8b961b57	001829c6
8b9a00e3	001829ec
8b9a213e	00182a2c
8b9a4775	00182a60
8b9b7c39	00182aac
8b9c978b	00182ace
8b9cf903	00182ae4
8b9f22e8	00182afc
8b9fb44c	00182b4a
8ba0afbf	00182b92
8ba35cc3	00182bbc
8ba534df	00182bfa
8ba583ec	00182c56
8ba82fe3	00182c7e
8ba8df6f	00182cba
8ba90c82	00182cde
8bab5f51	00182d12
8bac5ea1	00182d36
8bae79b4	00182d4c
8bae7ee1	00182d62
8bb26a66	00182dcc
8bb7a0b8	00182e0e
8bb7d19d	00182e3a
8bb880c5	00182e78
8bbcd61d	00182eba
8bbe9648	000c0b7e
8bbf5515	00182efc
8bbf5f36	00182f18
8bbf7401	00182f34
8bbf77fc	00182f18
8bbfab84	00182f52
8bbfaed2	00182f88
8bbfd197	00182fe6
8bc0915f	0018303e
8bc134c3	0014c87e
8bc3823b	00183074
8bc4c6b7	00183090
8bc55cae	001830b8
8bc79922	001830ce
8bc81d31	0018310c
8bc881f2	00183122
8bcad81c	0018313e
8bcbd1ca	00183176
8bcc0ccf	001831ac
8bccac1f	00183202
8bccffa8	00183232
8bcdb15a	0018328c
8bd0c418	001832e8
8bd1136e	00183310
8bd248a4	0018334a
8bd3b7e0	00183372
8bd9b6af	00183396
8bdc5f89	001833b6
8bdee982	001833da
8be1c036	00183400
8be337ce	00183448
8be493b0	00183472
8be519b1	0018349a
8be66694	001834ba
8be66dd3	00183524
8be72a3f	00183544
8be72d80	0018357c
8be88168	001835d6
8be98523	001835f0
8beb5675	00183614
8bed4070	0018365e
8bed5b7d	00183670
8bef3e98	00183682
8bf04c15	001836ae
8bf257b9	001836c6
8bf49f73	001836e4
8bf5397d	0018371a
8bf5becf	00183730
8bfa3647	00183782
8bfb5627	001837b0
8bfd3bd0	001837da
8bfd98eb	00183810
8bfeac40	0018386a
8c015648	0018388c
8c027487	001838c0
8c02bccf	001838e4
8c047447	00183946
8c08579b	00183974
8c09155e	0018399e
8c09949c	001839cc
8c0bc1c6	001839fe
8c0bcd87	00183a34
8c0d20bb	00183a7c
8c0df66a	00183a9a
8c0fea01	00183acc
8c1116e9	00183af2
8c113943	00183b1c
8c12edd5	00183b40
8c13cea2	00183b62
8c143f6f	00183b8e
8c150841	00183bb0
8c16e809	00183bf2
8c1827aa	00183c0c
8c1b8656	00183c52
8c1ec8ec	00183c8c
8c1efc74	00183cc0
8c21a3df	00183cf0
8c2425af	00183d74
8c2498d9	00183df0
8c29f5d3	00183e3e
8c2c13cb	00183e6e
8c2c2224	00183e8a
8c2c6bcc	00183eda
8c2ca6a1	00183f00
8c2ce80c	00183f56
8c2d17f2	00183f78
8c2d8aae	00183fbe
8c2f33a3	00183ff2
8c2f85ce	00184034
8c30c42b	0018406e
8c36a9bf	001840a8
8c37506c	001840d8
8c37bdb1	00184102
8c383a6f	00184118
8c3ae904	00184196
8c3c4113	001841d6
8c3c5ab3	00184200
8c3ee55f	00184228
8c3f2afe	00184252
8c4036d5	0018427e
8c410394	001842a2
8c414909	001842ce
8c43b915	00184302
8c47024b	00184328
8c47ce5d	00184348
8c48212d	0018437e
8c4a3064	001843b2
8c4a7045	001843fa
8c4aef10	0018441a
8c4b8efb	00184438
8c4be230	0018447a
8c4f8708	001844ae
8c501c63	001844e4
8c50371f	0018450e
8c509c95	00184540
8c51af40	00184584
8c524aa3	001845d6
8c52f1c5	0018460c
8c5339c6	00184634
8c56a052	0018465e
8c59ad65	00184686
8c5d7f56	001846ae
8c5f42d6	001846cc
8c5f9ae9	001846f2
8c6040ab	0018471c
8c6190be	0018473a
8c62592d	00184780
8c62b883	00184792
8c651920	001847b8
8c689d20	001847e2
8c68e7b5	00184800
8c6bb665	00184834
8c6d0532	0018485a
8c6e5e62	000d60a0
8c6f4df9	001848a6
8c719d1d	00184904
8c739096	00184934
8c7ac6bd	0018495a
8c7b861b	0018499a
8c7d811e	001849f4
8c7db2f8	00184a3e
8c7deb77	00184a7a
8c813954	00184ab8
8c828589	00184b04
8c8540bf	00184b30
8c869374	00184b60
8c87d002	00184b94
8c891395	00184bb2
8c8acc7b	00184bd0
8c8afbff	00184c02
8c8fc7c3	00184c34
8c922ad6	00184c52
8c926e31	00184c9c
8c933710	00184cb4
8c94c589	00184cfc
8c96de7d	00184d28
8c96ff1d	00184d48
8c976cbd	00184d6a
8c9775eb	00184da8
8c97ca65	00184da8
8c97f8a1	00184dc4
8c987340	00184e14
8c98c15b	00184e30
8c994b80	00184e64
8c9a92e2	00184eb8
8c9bbd9f	00184ed2
8c9bdc62	00184f10
8c9c83bb	00184f34
8c9dbe07	00184f56
8ca22fbb	00184f86
8ca5cb99	00184faa
8ca5f78f	00184fce
8ca605b3	00185008
8ca76760	00185058
8ca7e9b6	00185080
8ca8fddf	001850a6
8cadfa25	001850ea
8caf339d	00185106
8cb207c5	00185122
8cb27911	00185174
8cb54fd0	001851ae
8cb5aa76	001851d8
8cb67743	001851f8
8cb72c6a	00185234
8cb76239	00185258
8cb874b0	00185278
8cb90f92	00185290
8cb97110	001852dc
8cbe451d	001852f8
8cc2e359	0018532e
8cc496df	00185374
8cc75c1e	001853c8
8cc9b70e	00185460
8cca21a0	00185480
8ccb008b	001854de
8ccba9db	0018550c
8cccec94	00185546
8ccdcd3c	00185592
8cceb081	001855be
8ccedfd3	001855be
8cd0047c	001855de
8cd0f039	001855f4
8cd125f4	0018560e
8cd2ffa3	00185630
8cd59686	00185668
8cd6f60e	00185690
8cda4adb	001856b2
8cdad048	001856cc
8cdbf0a4	001856fc
8cdf260e	00185728
8ce1a13f	00185748
8ce1a367	00185748
8ce3496e	00185764
8ce3fc61	0018578e
8ce59e53	001857cc
8ce6aab2	00185826
8ceb96b6	0018585a
8cee6712	00185866
8cee93d0	001858b4
8ceee233	001858d8
8cf05ddc	0018590e
8cf0626c	00185932
8cf2b602	00185980
8cf350f6	00185a06
8cf3886b	00185a4e
8cf4b717	00185a68
8cf5c6ca	00185ab0
8cf8f080	00185adc
8cf9986a	00185af4
8cf9e7b9	00185b2e
8cfb53b4	00185b68
8cfdbab1	00185ba4
8d019f77	00185bca
8d025f54	00185c1e
8d02916e	00185c52
8d053a4a	00185ca4
8d06a83d	00185ce6
8d06e4f7	00185d0e
8d07b3e5	00185d38
8d090dcd	00185d84
8d09920f	00162792
8d0992d6	00162792
8d09a86f	00162792
8d09d0b6	00162792
8d09e190	00162792
8d09f7b2	00162792
8d09f8dd	00162792
8d0abdd5	00185dd2
8d0b30be	00185e06
8d0b712f	00185e2e
8d106f42	00185e4a
8d110819	00185e7e
8d113d67	00185ea6
8d12e804	00185ed2
8d145814	00185efe
8d155635	00185f1c
8d156346	00185f54
8d17fe05	00185f7a
8d18c457	00185fa6
8d1d4091	00185fd0
8d1d4e7a	00185ffc
8d20fb08	0018602a
8d226031	0018605a
8d226367	001860bc
8d23475a	001860ee
8d23e55d	0018615c
8d298110	00186192
8d2b0476	001861e6
8d2be93a	0018620a
8d2c21bc	0018624a
8d3004c9	00072fea
8d3052fc	00072fea
8d30bde1	00072fea
8d331b48	001862ae
8d3327cf	001862d0
8d336b77	001862ae
8d3444c0	00186302
8d351ebf	0018632a
8d376bfe	00186342
8d387676	0018637a
8d3a627c	001863da
8d41a03b	001863fe
8d41cb61	0018642e
8d44dd77	00186460
8d453149	0018649c
8d4ab24f	001864a8
8d4b823e	001864de
8d4b8b27	0018650a
8d4c93a8	0018651e
8d5078f2	00186550
8d51952b	00186592
8d573e03	001865c0
8d5855e0	001865e0
8d5b85e4	001865fe
8d5c2ade	0018663c
8d5dd15b	00186666
8d5ea51a	00186698
8d5f6754	001866c6
8d5fbd25	001866c6
8d5fbf68	001866c6
8d5fe2f3	001866c6
8d6192b4	001866de
8d6239ea	00186714
8d631973	0018673e
8d631f47	00186776
8d635ebc	00186790
8d668563	001867d6
8d67328b	00186802
8d677dae	0018681c
8d679d85	00186860
8d682c1b	0018689c
8d68a85f	001868d2
8d6a2b5f	001868fc
8d6a3355	00186936
8d6b99f1	00186994
8d6e67f3	001869c0
8d6f2d9c	001869f0
8d6f4c97	00186a5e
8d6f809c	00186a82
8d70f29b	00186aa6
8d72e236	00186ada
8d74a00c	00186b04
8d764873	00186b1e
8d785b8a	00186b4a
8d7976ad	00186b94
8d79e2f3	00186be2
8d7a00a5	00186c2c
8d7ade0a	00186c56
8d7cf9f6	00186c80
8d7deeaf	00186cb0
8d7ef171	00186cfc
8d7effa4	00186d38
8d80e1c8	00186d86
8d80e71b	00186e04
8d825aca	00186e36
8d827090	00186e56
8d82d3b3	00186e8e
8d84bbcc	00186ec2
8d86f69a	00186f22
8d87b2cb	00186f52
8d87f401	00186f8c
8d88be20	00186fd2
8d8b1fcd	00186ff8
8d8bce96	00187016
8d8c9aa6	00187040
8d8d5717	00187062
8d8e9bea	001870be
8d8f0f46	001870d6
8d93f524	00187110
8d940b76	0018713c
8d948094	00187154
8d95a103	0018716a
8d963337	00187196
8d970041	001871c6
8da042ab	001871f6
8da1156f	00187234
8da2d164	0018726a
8da4c5f1	00187286
8da6da19	001872d4
8da804e9	001872f6
8da886ea	00187350
8da96039	00187376
8daf00cc	001873a2
8db11fb7	001873cc
8db23277	001873f8
8db2e961	00187430
8db4428c	00187474
8db49dad	00187496
8db4b98f	001874bc
8db59ca4	001874e4
8db90870	00187524
8dbbaf0a	0018754a
8dbbd559	0018759e
8dbc95b6	001875c2
8dbf0e14	001875e8
8dc62fd4	00187606
8dc6f54a	0018762c
8dc92a44	00187658
8dca2ac7	00187676
8dcb0062	001876ac
8dcb676c	001876fc
8dd174e9	00187726
8dd4c1b6	00187764
8dd7927a	00187780
8dd87ca8	001877ac
8dd8a4fc	001877d0
8dd9d700	00187816
8dd9f0c8	00187832
8dd9f8c6	00187816
8ddbd530	0018784e
8ddc2abb	00187876
8ddd53f7	00187898
8ddeca29	001878d4
8de0700c	001878fe
8de0cfc5	00187940
8de185e8	00187962
8de3c8ce	001879a0
8de4fbe5	001879b8
8de51d72	001879e4
8de68bee	00187a44
8de6b00d	00187a74
8de832cf	00187abc
8de8da94	00187b02
8de96cf5	00187b48
8deba5ad	00187b86
8ded35a5	00187b98
8dedb954	00187bee
8dedd9c7	00187c16
8deeca7e	00187c66
8df101fa	00187cae
8df1a60c	00187d08
8df1c04f	00187d66
8df52fb1	00187d86
8df57305	00187dc2
8dfa11ee	00187dea
8dfe3cde	00187e14
8e016943	00187e58
8e01ea70	00187ea6
8e021d82	00187ecc
8e033404	00187f0e
8e040a06	00187f2c
8e0504f0	00187f4c
8e053c34	00187f7a
8e053ddc	00187fdc
8e06a7af	00188018
8e0776a0	00188064
8e0797bd	0018808a
8e07d010	001880c4
8e0a5fda	00188104
8e0c1b83	0018812a
8e0c3ee9	00188168
8e0d2278	001881b6
8e0de6ea	001881d6
8e0e92b6	00188204
8e0eb2f5	00188246
8e116612	001882a6
8e1524d0	001882c0
8e181098	001882d8
8e185abb	001882f8
8e1be309	00188348
8e1c0371	00188372
8e1e6a0d	00188386
8e1f2d87	001883ac
8e1f4982	001883ce
8e2086b2	00188414
8e209bd2	00188428
8e20ccb9	00188444
8e24dd6c	0018845e
8e260e9a	001884ac
8e26c572	001884f0
8e291cdb	0018851e
8e2a4c21	0018855e
8e2afcc7	001885cc
8e2b884c	001885fc
8e2c064e	0018862e
8e2c52c7	00188672
8e2f46fe	001886b8
8e30cadd	001886d6
8e319168	00188704
8e31a655	0018874e
8e3252e7	00188768
8e32ef26	001887a4
8e34c103	001887da
8e34f95b	00188804
8e366462	00188840
8e36cf44	00188892
8e38cced	001888d2
8e38f671	00188902
8e3ed870	00188930
8e3f8d76	00188958
8e436232	001889a6
8e43f737	0011aa42
8e467f69	001889c2
8e4cba27	001889da
8e4cf566	00188a06
8e4d1973	00188a2a
8e4fdd8c	00188a5a
8e517ab1	00188a96
8e54b0cf	00188ac2
8e552dc6	00188afe
8e586b63	00188b5a
8e5997d0	00188bd4
8e5b592f	00188c02
8e5b75d3	00188c2a
8e5bf50b	00188c7c
8e5dca79	00188c9a
8e63d91a	00188cce
8e64ff18	00188d02
8e65cdc3	00188d56
8e65d58e	00188da6
8e67ad60	00188dd8
8e68068c	00188e10
8e68dfca	00188e36
8e6c3118	00188e4e
8e6ed9fd	00188e60
8e70a459	00188eaa
8e713c84	00188ee2
8e71fd87	00188efc
8e724650	00188f46
8e73fc95	00188f68
8e74066b	00188f84
8e78a51e	00188fde
8e795f74	0018902e
8e7b085c	00189052
8e7ed870	00189090
8e80ffce	001890a2
8e81b87f	001890c0
8e8214ad	001890de
8e82670e	001890fc
8e829da7	00189134
8e833da3	0018914c
8e84ec23	00189182
8e86eb7e	001891b2
8e89a493	00189222
8e89c916	00189268
8e8bfceb	001892aa
8e8c51c8	001892da
8e8c871d	00189324
8e8d405f	00189366
8e8dfc32	00189366
8e8ed638	0018937e
8e9188d8	001893d6
8e92aa22	0018940c
8e952dc2	00189432
8e973e56	00189458
8e983880	001894aa
8e99a070	000f1ad6
8e99f24b	000974a6
8e9b43ef	001894f0
8e9d5d9d	0007d522
8ea2741b	00189556
8ea56534	001895bc
8ea5b617	00189608
8ea5d098	00189646
8ea8db1b	0018967a
8eab8f6b	001896a6
8ead6cc8	001896dc
8eadb5df	00189714
8eadd26e	0018974e
8eb144b4	00189784
8eb6f2fc	001897de
8eb77fd4	00189834
8eb7e7f0	00189862
8eb83455	0018987e
8ebb1e1f	001898c6
8ebd46f5	0018990a
8ec0d88a	0018992a
8ec2da6a	0018995a
8ec49c6a	00189986
8ec7970c	001899a8
8ec7b137	001899ce
8ec9c240	00189a2c
8eca45ce	00189a5c
8ecbbc10	00189a84
8ed1dae3	00189b2a
8ed24b90	00189b4a
8ed4009e	00189b74
8ed49ffb	00189ba8
8edad9ef	00189bca
8edadcd8	00189bfa
8edb5058	00189c38
8edc3833	00189c58
8edc8917	00189c74
8edde0a7	00189ca8
8ede797c	00189cda
8edfae8d	00189d14
8ee010a3	00189d38
8ee309df	00189dde
8ee51711	00189e0a
8ee61829	00189e38
8ee6a578	00189e58
8ee9ebd1	00189e92
8eeab42b	00189eb8
8eeae671	00189ed8
8eedae9e	00189f00
8eeebd2a	00189f76
8ef29670	00189fd4
8ef314ab	00189ff6
8ef46e72	0018a07a
8ef5a563	0018a09a
8ef8dd99	0018a0e2
8efc591e	0018a134
8efcd1f5	0018a164
8efd14e5	0018a176
8efd23ea	0018a1b4
8eff0853	0018a216
8f00f496	0018a250
8f02d235	0018a290
8f037fd6	0018a2bc
8f0686cd	0018a2da
8f069e84	0018a30a
8f077f42	0018a338
8f07925b	0018a384
8f0b3f22	0018a3a4
8f0bb77e	0018a3b8
8f0c0a11	0018a3f2
8f0ca7a0	0018a45e
8f111216	0018a484
8f111b7b	0018a4a4
8f153683	0018a4d8
8f1599c5	0018a51c
8f16bbf3	0018a544
8f171231	0018a568
8f195800	0018a5a8
8f1aba4f	0018a5cc
8f1b5b61	0018a602
8f215b6b	0018a620
8f217616	0018a650
8f230273	0018a666
8f2552d7	0018a6ac
8f278a7d	0018a6f0
8f290844	0018a710
8f2bece0	0018a740
8f2c17d6	0018a77e
8f2d3e92	0018a7e0
8f306030	0018a828
8f30eef4	0018a87e
8f32319e	0018a908
8f32ab0f	0018a908
8f3340af	0018a93a
8f335d94	0018a99a
8f376e6d	0018a9c2
8f37bc09	0018aa04
8f3adc1b	0018aa30
8f3b5642	0018aa76
8f3f15cd	0018aad0
8f3f8074	0018aade
8f4021af	0018ab28
8f4361b1	0018ab5c
8f44b036	0006077a
8f44e868	0006077a
8f4587d6	0018ab8e
8f465975	0018aba8
8f49314d	0018abc2
8f4de33f	0018abee
8f5048ac	0018ac0a
8f51e213	0018ac4e
8f538308	0018ac84
8f542bef	0018ace0
8f54d3c9	0018ad12
8f54d7e0	0018ad4a
8f55c5df	0018ad8a
8f59761a	0018adae
8f5a4bc5	0018adcc
8f5b075c	0018ae08
8f5c0afd	0018ae26
8f5c3d39	0018ae38
8f5d57fb	0018ae58
8f602a9d	0018ae92
8f605a87	0018aec4
8f610c50	0018aefa
8f650935	0018af2e
8f682790	0018af54
8f6923e0	0018af74
8f6a65de	0018afdc
8f6be4f1	0018b00c
8f6eff93	0018b040
8f6f9c7f	0018b06e
8f6fe26e	0018b092
8f7105a5	0018b0be
8f742e75	0018b0e6
8f74671d	0018b132
8f74bff4	0018b17a
8f76e2cc	0018b1b2
8f7aca71	0018b1de
8f7b704a	0018b238
8f7ba899	0018b256
8f841cd2	0018b276
8f86bac5	0018b2a2
8f878715	0018b2ca
8f896350	0018b2f4
8f89a721	0018b31c
8f8a9950	0018b342
8f8ac0f3	0018b378
8f8e11b8	0018b38a
8f92b750	0018b3ca
8f9370df	0018b3fc
8f94aee2	0018b42a
8f95900a	0018b45e
8f95ffb3	0018b480
8f98c5c5	0018b4aa
8f99c909	000f6dfe
8f9bf0a6	0018b4de
8f9d21a7	0018b4fe
8f9d769f	0018b538
8f9e3ad5	0018b560
8f9e5e2b	0018b57c
8fa0c66f	0018b596
8fa119d6	0018b5b2
8fa179e9	0018b5d2
8fa198f2	0018b61a
8fa1fc20	0018b654
8fa222e7	0018b684
8fa2336e	0018b6ce
8fa36832	0018b708
8fa6e4b9	0018b736
8fa76154	0018b75c
8fa87f4e	0018b776
8fa9e041	0018b7a0
8fab6e68	0018b7bc
8fad327c	0018b7f2
8fae01a1	0018b81c
8fae2312	0018b8a0
8faf605a	0018b8ee
8fafdd68	0018b93e
8fb378a2	0018b976
8fbb0f25	0018b99a
8fbe2229	0018b9fe
8fbe317a	0018ba6a
8fbe7018	0018ba6a
8fc12612	0018ba90
8fc1430e	0018babe
8fc3e586	0018bae6
8fc49d60	0018bb36
8fc52cf7	0018bb4e
8fc8b7e5	0018bb6e
8fcd5030	0018bb94
8fce0f37	0018bbd6
8fd0ac11	0018bc20
8fd2ed00	0018bc64
8fd5c425	0018bca2
8fd98bde	0018bcde
8fdbb0d5	0018bd16
8fdc70ee	0018bd40
8fde9464	0018bd72
8fdebd1d	0018bda8
8fdf1c2a	0018bdd6
8fe037a6	0018be02
8fe2ad2f	0018be2c
8fe8f553	0018be6a
8fe90b1d	0018bea0
8feb41a9	0018bee8
8feb58a1	0018bf10
8feb5eba	0018bf2e
8febf20a	0018bf54
8fed9e91	0018bfa0
8fee0979	0018bfc4
8fef20c2	0018c006
8fefc3fd	0018c034
8fefda6f	0018c04e
8ff159e2	0018c084
8ff3ac14	0018c0b4
8ff527b2	0018c0e0
8ff747d0	0018c10a
8ffa979e	0018c12e
8ffcd729	0018c1a8
8ffd9433	0018c1d6
8fffe254	0018c214
9001ee80	0018c244
900429ba	0018c2a8
900590d1	0018c2de
9005e8f6	000e3f44
9005ebb3	000e3f44
9005eca0	000e3f44
9005ff88	000e3f44
90075a65	0018c340
900910b1	0018c37e
900a8fd2	0018c3a8
900b97fd	0018c3ea
900cad6f	0018c424
900d15db	0018c45e
900dc513	0018c4b0
900efd50	0018c4de
9011ef99	0018c516
9013e307	0018c544
901469ea	0018c55a
90184515	0018c5ba
901c358d	0018c5ee
901fa81f	0018c626
90232475	0018c672
902397ba	0018c69e
9023fd5b	0018c6ca
9027582f	0018c6f8
902879cd	0018c72a
902b109e	0018c770
902b85c9	0018c7ac
902bc347	0018c7e4
902c597e	0018c80c
902c9b41	0018c822
902d744e	0018c850
902e2be9	0018c874
902e8068	0018c88e
902f5168	0018c8e6
902feef5	0018c926
9031c3ef	0018c97e
90321590	0018c9ae
903216eb	0018c9f2
90359414	0018ca46
9037ffd0	0018ca76
903bfeff	0018cad0
903cbda5	0018cb0a
903e51f4	0018cb44
903faaee	0018cb7c
90431b70	0018cbac
9045656b	0018cbee
90456c47	0018cc28
90472b18	0018cc60
904cc62e	0018cc9c
904d201e	0018cce6
904de1bc	0018cd0e
904e5b55	0018cd34
904ef003	0018cd7c
905028e0	0018cdbe
9051e8b3	0018cdfc
90524722	0018ce32
90524a78	0018ce72
90533280	0018ceaa
90548f77	0018ced2
9054983e	0018cf20
9055a70f	0018cf50
905758ac	0018cf72
9059f703	0018cf9a
905d4dff	0018cfd6
905d5b86	0018cff6
905d75ec	0018d03e
905e191c	0018d050
905eaf41	0018d0ba
905f2439	0018d108
90604334	0018d142
9060e351	0018d160
906458ba	0018d1ac
9067dd36	0018d1ec
9068f04a	0018d202
90696937	0018d238
906a54ad	0018d266
906a7700	0018d28c
906c212c	0018d2ae
906dab2c	0018d2d8
906decaa	0018d326
906e2233	0018d36a
906eb793	0018d384
90732817	0018d3be
90763bb5	0018d400
90795bcc	0018d438
9079ceb7	0018d464
907d9df2	0018d4a2
907ebe88	0018d4d8
907fa4c2	0018d504
907fa97f	0018d57e
907feb19	0018d5a2
908121df	0018d5d4
9082c68c	0018d5fe
9084bce1	0018d63a
90855019	0018d692
9086ea3c	0018d6b8
90892906	0018d6e4
90895801	0018d710
9089af15	0018d738
908a3dc7	0018d756
908b60af	0018d796
908c084b	0018d812
908c656f	0018d852
908cd8bc	0018d89a
90918fb8	0018d900
90934342	0018d918
9095be07	0018d93c
9095e7bb	0018d96e
909ca5d6	0018d99a
909db7aa	0018d9da
909f73b0	0018d9f8
90a35896	0018da12
90a35b10	0018da5c
90a634d2	0018da78
90a63651	0018da8c
90a6e771	0018dac4
90a85005	0018daee
90a9933f	0018db32
90aa3110	0018db76
90af634c	0018dbae
90afb281	0018dbce
90afc22b	0018dbf4
90b0ab71	0018dc1c
90b196b6	0018dc88
90b27b86	0018dcd2
90b35e6f	0018dd20
90b438ad	0018dd46
90b4f6db	0018dd78
90b91ec3	0018dd88
90baf0cb	0018ddb6
90bb47dc	0018ddf4
90bb5cf0	0018de34
90bcc230	0018de70
90bda516	0018de98
90bee57d	0018deb2
90bf29ea	0018dee2
90bf2b58	0018df2a
90bfb0ce	0018df5c
90c280df	0018dfa2
90c42750	0018dfd4
90c4f2ac	0018e042
90c61b85	0018e05a
90c7f6e0	0018e092
90c90fea	0018e0e6
90ca5b8a	0018e10e
90cb1ec0	0018e12e
90cc4c8d	0018e150
90cd7a7c	0018e174
90cdcfc9	0018e1c0
90ce06c8	0018e1e8
90d2bf0c	0018e236
90d3e73e	0018e280
90d42780	0018e2b0
90d8112d	0018e2e0
90dc282d	0018e304
90e109e4	0018e31e
90e1ac69	0018e34a
90e1b561	0018e36c
90e3fbd7	0018e390
90efda27	0018e3f8
90f18442	0018e414
90f66dd4	0018e44a
90f69031	0018e474
90f71f56	0018e4a0
90f81441	0018e4ba
90f875c7	0018e4e2
90f89b1b	0018e518
90f94523	0018e530
90f99648	0018e552
90f9ce69	0018e578
90fabd68	0018e5aa
90fc4385	0018e5ee
90fd6e52	0018e61c
90fdce68	0018e65e
910452ce	0018e67e
91061574	0018e69a
91088de7	0018e6b6
9108e9a8	0018e6ea
910af802	0018e730
910c5c4f	0018e756
910d8beb	0018e790
910f477e	0018e7f4
91103ec0	0018e81a
91105e96	0018e832
91116505	0018e86e
911321e8	0018e89a
911448e5	0018e8ee
9114aa58	0018e930
91151af8	0018e982
9118efde	0018e9ae
911c0a82	0018e9e4
911c38ed	0018ea0e
911ecd18	0018ea3c
911fe862	0018ea72
912312ec	0018eaa4
91254bea	0018ead0
9125888c	001774e0
9125c713	0018eafa
91268242	0018eb1c
9128506f	0018eb36
9128fa12	0018eb4e
912aa4d1	0018eb9e
912c760a	0018ebea
912d3bae	0018ec28
912ea615	0018ec4e
912ec58c	0018ec64
912fc3c1	0018ecb2
9131b625	0018ecce
913313d0	0018ecea
91341e1f	0018ed2c
9135a153	0018ed56
9135db47	0018ed84
91384f41	0018edcc
91394985	0018ede0
913a2975	0018ee2c
913a4700	0018ee66
913c075a	0018ee94
913e503b	0018eebc
913f5755	0018eee0
913fb204	0018ef0a
91403ba8	0018ef50
91412bf7	0018ef74
9141e138	0018efb4
9145259a	0018f002
9147b7c8	0018f02c
9148f439	0018f068
91496598	0018f0a2
91498e27	0018f0e6
91499444	0018f112
914b895d	0018f142
914c511a	0018f1a8
914d84a7	0018f1e0
914dc355	0018f200
914e3ae1	0018f216
9151ad44	0018f24c
9153285a	0018f26e
9157a88c	0018f2ba
915be799	0018f2f6
915f8558	0018f31c
915f94a8	0018f34c
91607075	0018f378
9161483b	0018f3a8
916213ff	0018f402
9163fb01	0018f440
9165c690	0018f49a
9167be3c	0018f4c0
916d62f2	0018f4e6
916ed5e1	0018f50e
9171e613	0018f540
917379bb	0018f55a
9173d7c3	0018f5a2
9175f538	0018f5ca
91772442	0018f5fa
9178f17c	0018f620
917930d2	0018f638
9179675d	0018f678
91797e39	0018f6c6
917a9551	0018f710
917aa0b1	0018f778
917c084d	0018f7b8
917e8085	0018f80a
918169b2	0018f84e
918351c9	0018f85e
91849dce	0018f88c
9184c3d2	0018f8a6
9184cde9	0018f8c2
91851d6e	0018f8ea
91863569	0018f904
91898a76	0018f936
918a5c7a	0018f97e
918b72c4	0018f9a8
918bfa6d	0018f9d8
918c1af1	0018f9f8
918ce9df	0018fa24
9190132a	0018fa78
9190b524	0018fa98
9192993c	0018fade
91937754	0018fb06
919544f5	0018fb32
91954afd	0018fb4e
91961051	0018fb96
9196b529	0018fbec
919a0c63	0018fc32
919a2b39	0018fc66
919cdf19	0018fc8c
919d14b9	0018fcba
919da83f	0018fcd4
919dbf3a	0018fd0c
919fae9f	0018fd30
91a17233	0018fd68
91a504ca	0018fda6
91a5be19	0018fdf2
91a5f005	0018fe0c
91a60fdc	0018fe46
91a6d81c	0018fe6e
91a7261b	0018feb2
91a89f14	0018fed8
91a9807f	0018fef0
91aa5135	0018ff4e
91ac71bd	0018ff8e
91acd8aa	0018ffbe
91af4e95	0018ffe2
91b047ab	00190000
91b3e2d6	00190020
91b664fa	00190054
91b70233	00190080
91b85b30	001900f0
91b8fadd	001900f0
91b9e105	00190138
91ba69f7	00190184
91bacaec	001901a8
91bdd67e	001901fe
91c15a59	00190232
91c1767f	000d01ee
91c1b5f8	0019026c
91c31c12	001902cc
91c39c2f	00190304
91c81daf	00190346
91c87599	0019036a
91c968cb	0019039e
91cc27c7	001903be
91cf1f9e	00190408
91d10f63	00190436
91d143e0	00190476
91d679b0	001904a0
91d6acd8	001904e2
91d812ce	0019050c
91db1537	0019053e
91dcdd8c	00190572
91deb941	001905a0
91df1bbf	001905b6
91dfe2b5	001905f0
91e3658c	0019061c
91e371c8	00190648
91e44f79	001906b2
91e49263	001906c8
91e4956a	001906de
91e4ad19	001906f2
91e60673	0019071e
91ec55a6	0019077c
91edeba7	001907b4
91f06a53	001907d8
91f26dba	00190808
91f36019	00190830
91f39fa7	00190860
91f9775d	0019088c
91fa7faf	001908b4
91fb1bcb	001908ca
91fb633b	001908f0
91fd9946	00190912
91fe18ab	00190944
91ff41f5	0019096a
920026ea	0019099e
9200953f	001909ce
9202a3e7	001909f0
92030795	00190a24
920772ce	00190a6a
9207c395	00190ac4
9209f603	00190b20
920de5f4	00190b48
920f8669	00190b5e
9211f8bd	00190b88
9213b515	00190be0
92192d70	00190bfa
921a908e	00190c46
921c9fb6	00190c6e
921cd4f2	00190ca6
921d13d3	00190cde
921d5be9	00190d34
921f8364	00190d4c
92205f3e	00190d78
92239027	00190da6
92257f51	00190dd6
92260c30	00190e12
92263ae7	00190e2e
92279617	00190e9c
9228961d	00190ec2
9229041b	00190f28
92298a76	00190f4c
922a6a94	00190f78
922aa6c1	00190fce
922bafce	0019100a
922e6c5e	00191056
92301533	0019108a
92303d6e	001910b2
92305463	001910fc
923375ca	00191130
9236c4cf	00191196
92384704	001911d0
923bc604	00191232
923c9e27	0019127a
923f4edb	00191296
923f838b	001912be
9241767a	001912e6
9241ab4f	00191308
9243791a	00191336
9244c5e2	0019136a
92452164	00191388
924637b3	001913d0
9248cab6	0019141a
92494d02	00191444
924a98fd	0019146c
924cef10	00191482
924dc70e	001914b0
924edaad	001914e0
924f314e	00191508
925244b3	00191532
92529c33	001915ae
92587dac	001915d0
925a15ba	00191606
925c7e33	00191626
925d71e2	00191648
926336e8	0019166e
926491ac	001916a6
9266e3b9	001916c4
9268cb5d	001916e2
926b4cfd	00191722
926c6f06	00191766
92715e33	001917a4
92722d7d	001917d0
92725d5f	001917e8
92726773	0019180a
9275790f	00191840
92767064	0019188e
927671a8	001918a8
92774daf	001918cc
92776088	00191900
92777882	00191934
9277ac1f	00191968
92798fd8	00191988
9279d28b	001919c8
927b0543	001919e4
927b31d0	00191a12
927ba5e6	00191a82
927bb78c	00191ab0
927d24b9	00191ae2
927ddee2	00191b04
9281cc83	00191b20
92821c4f	00191b54
92834ee5	00191b70
9286c2d1	00191b9c
928ac863	00191bd4
928bc286	00191c0c
928dca9a	00191c9a
928fadbd	00191cca
9290730e	00191d00
92929957	00191d3a
9293e53c	00191d76
929468a2	00191dbc
9295543a	00191dd6
92956ded	00191dfa
92997748	00191e16
929ac14d	00191e64
929d96fc	00191e96
929f5d25	00191eca
92a1e610	00191f04
92a22d8d	00191f2c
92a2db17	00191f5e
92a73287	00191f7c
92aa362c	00191fa6
92ad73d4	00191fd6
92b34254	00192012
92b41be1	00192034
92b42ad8	0019205a
92b88827	001920ac
92b93005	001920d0
92b9c0e6	0019210e
92ba3026	00192136
92babd62	00192174
92bbc8ec	00192198
92bc24cf	001921d8
92be5f70	001921f6
92be9538	0019224c
92c1031c	001922a0
92c150cc	001922d6
92c194cd	00192322
92c51e51	00192340
92c7f3a4	00192356
92c9d288	0019236e
92ca30f9	001923ac
92cad9a6	001923e4
92cbfef4	0019245e
92cf8643	00192480
92d0112e	00192498
92d02012	001924ba
92d059a6	001924e2
92d10409	0019251e
92d389b5	00192560
92d6dd41	0019258c
92d6e18b	001925ae
92d82fbd	001925dc
92da2345	0019262c
92dc041d	00192680
92dc1f18	001926d8
92dc6624	00192706
92dd5bff	0019272e
92de276c	0019275c
92e0e159	001927d2
92e158ab	00192802
92e22697	00192846
92e2a668	00192868
92e30019	00192892
92e41952	001928ce
92e6bc04	001928f6
92e70894	00192942
92e745ad	0019298a
92e7d9b8	001929be
92ee2934	001929e0
92eedb41	00192a1a
92efedf1	00192a50
92fb6eba	00192a7a
92fd1df6	00192aa4
92ff4c00	00192ad2
9300fa27	00192af2
93015f2e	00192b42
9302d9a5	00192b6a
930339b4	00192b8a
9308469c	00192bb4
930bd9a9	00192c12
930db4f5	00192c40
930e42dd	00192ca8
930ee0c9	00192ce2
930ee0ca	00192ce2
9310720d	00192d58
9312c287	00192d8e
9317581a	00192de4
9317c929	00192e02
9317ebdf	00192e2e
931ab404	00192e5a
931d3a90	00192e7a
931df705	00192e90
931eb602	00192eb6
93205d18	00192ee0
9320bc55	00192f10
9320efe0	00192f42
9321844a	00192f78
93226981	00192f8e
9322707a	00192fd0
9325bf1d	00192fee
93272c2a	0019300c
932821ac	0019304a
932b4d68	00193084
932e528c	001930f0
932f7910	0019310c
932ffd7b	00193140
9334edc8	00193168
93356e3e	001931a8
9337361e	001931c6
933c96af	00193200
933dfd7c	0019323e
933e0da2	0019328e
93409ddd	001932c6
9340a284	001932ec
934154b0	0019331a
9341c037	0019334a
9345e561	00193374
9346afab	001933a0
934768b8	0019340c
9348d2db	00193432
934c40d0	00193464
934c5e77	001934a0
934c76f1	001934ec
934e74e9	0019350c
934e7844	00193544
934f15d1	00193586
934f51f3	0019359c
9351401e	001935dc
935c7e43	001935fa
935cc9fc	00193632
935d95ef	0019365a
935e0253	0019367a
935e025e	0019367a
935f9e8b	0019369e
936044fe	0019370e
93604531	0019372a
93617ea8	0019375a
9361c748	0019375a
93631eb7	00193776
9364346c	00193786
9364ec40	001937ba
9366e751	00193830
93674b6d	001938a2
936a69b1	001938d2
936c61e1	001938f8
936f2d01	0019391c
93703eb4	00193966
93737d81	0019399a
9373be00	001939dc
93767ed6	001939fa
937729f6	00193a20
937775bd	00193a3e
93779199	00193a6e
9377ef82	00193a9c
9378c9db	00193adc
93792cf8	00193b18
9379ba81	00193b30
937df193	00193b66
937e19fa	00193b98
937ef6f2	00193bcc
93809f27	00193bf0
93823eae	00193c0a
9385b855	00193c62
93864bb7	00193c98
938a840b	00193cb0
938ca6e3	00193cda
938de311	00193d02
938e27b7	00193d24
938f4740	00193d42
938f8b09	00193d94
93903f22	00193dc8
93948eff	00193df2
9396277d	00193e60
93962b49	00193ea6
93963a68	00193eca
93991d3b	00193eec
9399d3e3	00193f16
939ad9a0	00193f46
939d75b3	00193f88
939e5142	00193fd2
939ebd5a	00193ffa
939f52f7	00194014
939f8593	0006ff92
939f8d26	0006ff92
939faa2f	00194044
939fad71	00194058
93a283af	0019406e
93a2db6f	00194084
93a633cc	001940ca
93a71a61	00194100
93a7f1a2	0019412c
93a9b46a	00194194
93add9eb	001941f8
93ae50a7	00194212
93af4b88	00194236
93b06019	00194282
93b0bf18	001942e0
93b0ea7c	00194306
93b22a94	0019432c
93b303b3	0019436c
93b36f9b	00194396
93b43727	001943c6
93b48505	001943f6
93b55164	00194424
93b56270	0019446c
93b6d166	001944a8
93b837f4	001944f0
93b8904b	00194508
93baad71	00194530
93bbb0d0	00194554
93bc2956	00194578
93bcda0d	001945bc
93bd2961	00194608
93bdf735	00194628
93c47bd1	00194656
93c73fe9	00194668
93c7fecb	0019468c
93c802e6	001946c4
93c8dbb2	0019471e
93c92f0d	00194736
93cb4637	00194766
93cd2ee7	001947ac
93cd8142	001947e2
93cfdc63	00194826
93d11e8f	00194886
93d206bd	001948b4
93d332b9	001948e4
93d4f260	00194914
93d9f1a2	0019492e
93db8d94	00194956
93df6cb2	00194982
93e21cbe	0019499a
93e4b9fb	001949bc
93e763e2	00194a10
93e8fd69	00194a38
93ea2cb7	00194a64
93edcb7c	00194ace
93ee8384	00194b22
93f23b22	00194b56
93f24b50	00194b6e
93f54f10	00194bb6
93f6082e	00194be8
93f8b611	00194c0e
93f923ec	00194c32
93f935c7	00194c8e
93faa158	00194cb6
93fb69d6	00194cd0
93fcb0bc	00194cea
93ff6110	00194d20
93ffb35b	00194d58
93ffc55d	00194d8e
9405a083	00194dae
94071117	00194e22
9407e651	00194e6c
940823f1	00194eac
940c15c3	00194efa
940c8f79	001729fe
940f10b8	00194f10
940fdd63	00194f3a
9410350e	00194f70
94107044	00194f8a
9411345c	00194fb4
94118050	00194fd6
9411ea6b	00195014
94120ef5	00195052
9415b5d8	00195080
94163d44	001950b4
941699ef	001950dc
9416d0b6	00195126
941767be	0019513c
94178562	00195184
9417d3a0	00195184
941803f4	0019519e
94187686	001951ba
9418863e	001951ea
941970f8	00195228
941ad919	0019524c
941bc3bb	0019526c
941cdbe8	001952d4
941d770e	00195306
941ecf42	00195336
941f031b	00195348
94219040	00195362
9421ebc1	00195372
9422a7cf	0019539a
942359c9	001953d6
9423dc54	001953fe
9423dde0	00195440
94293f57	00195460
942e4596	0019548e
9430f238	001954d4
943147ce	00195504
9437e91c	00195554
9438c4ae	0019556a
943ba12c	001955a2
94401af4	001955d8
9440e2b6	00195604
94413f1e	00195616
94416d41	00195644
94430ba6	0019567a
944820a5	001956aa
944a7688	001956e4
944aed2b	00195722
944c3815	00195766
944c41c4	00195766
944c46be	00195766
944d4df2	001957c0
94527105	001957ee
94542db4	0019581a
94551083	00195870
945af240	001958da
945bf35d	001958f6
945c0083	0019591c
945e2ea0	0019594e
945e6587	00195976
945ee7ca	001959a4
945f006b	001959d4
945f9222	00195a00
94609c1f	00195a38
946a4dc0	00195a68
946b0245	00195a90
946b37c1	00195ab0
946c250e	00195ada
946c87cf	00195b06
9473df75	00195b24
94751bc5	00195b3e
94753f2f	00195b86
94793118	00195bc0
947b196d	00195bfe
947b3a9d	00195c30
947dc4a6	00195c4e
947df019	00195c4e
947e012d	00195c9e
947ea6d4	00195cce
947fbcd5	00195cf8
947fe5ff	00195d2e
948367c0	00195d54
94845939	00195d6e
948468cd	00195d6e
948af0db	00195d84
948c7f17	00195db8
948dd02e	00195de8
948e0f3a	00195e32
948eb6ca	00195e7e
948f7316	00195ed2
9492b35c	00195ef6
9494e924	00195f4a
9494e9a8	00195fa6
94958521	00195fee
949662e8	0019601a
94974376	0019603e
9497852b	001960be
949cf146	001960e0
949e6a87	001960fe
949ebc1f	00196136
949f61f9	0019616e
94a0d731	0019618c
94a0ee4a	001961b8
94a29cad	001961e8
94a2b0e6	00196204
94a36bec	00196230
94a4f8c5	00196252
94a66efb	0019627a
94a688a7	001962ac
94a6b9d1	001962c4
94a719b4	001962e8
94a8e1a6	00196314
94aa19ce	0019636e
94adcaeb	0019639e
94afc941	00196404
94b0c625	0019645c
94b5df23	00196474
94b7de2a	001964b6
94b906e0	001964f4
94b9e743	00196512
94bcf683	0019652c
94beb36f	0019654c
94c044e3	00196570
94c0d8cf	00196588
94c52906	001965a8
94c84258	00196600
94c89eff	0019663e
94caf2fc	0019666c
94cd7a72	00196692
94cfd848	001966ea
94d094d1	00196720
94d32977	00196740
94d34c12	001967aa
94d3707c	001967d4
94d4c357	001967fa
94d5df36	00196804
94d7b416	0019682a
94d8c565	00196888
94d9a74c	001968a4
94d9c70e	001968e4
94dbdb43	00196920
94de1377	0019697a
94df040d	001969b0
94df7759	001969e4
94dfec1f	00196a1c
94e4c56e	00196a6e
94e4cf7a	00196ab0
94e88acf	00196ac8
94e8e6e2	00196aea
94e91f9e	00196b18
94e9665c	000dbe22
94e9e28b	000dbe22
94ea5233	00196b30
94eae397	00196b64
94eb2774	00196b9c
94eb680b	00196be0
94eca204	00196c16
94ed0b73	00196c3e
94edc93a	00196c66
94f6c53d	00196c92
94fdcdc6	00196cc4
94fe0dec	00196cd2
94ff1511	00196cfe
94ff458f	00196d14
94ffbbdb	00196cfe
95006a27	00196d3c
9500b948	00196d62
950177bd	00196d96
95029870	00196e00
9502c9b5	00196e1e
95032796	00196e68
9504848d	00196e98
950663a8	00196ed6
950733d7	00196f08
95092428	00196f2c
950a9202	00196f5a
950ae82c	00196f98
950c9a79	00196fb6
950d3c64	00196ff6
950fa7b3	0019702e
9511a195	00197052
95133465	00197078
95133c27	00197096
95134d45	001970c8
951376b7	001970e0
9514ea28	001970f8
95171971	00197112
95171e45	0019713a
9518b3a3	0019715c
9519060c	001971b0
951d43ca	001971ea
9520eff7	0019720e
95212a16	0019724a
952200d4	0019725c
9523355a	00197280
9524280c	001972b4
9524864f	0019732c
95253846	00197368
95265307	001973b6
9526d28a	001973e8
95283669	00197434
952b1d03	0019748e
952c948c	001974bc
952da44b	001974f2
952e9cce	00197524
952ffa53	0019755a
9531e015	00197596
95320b05	001975c8
9532688d	001975fe
9532fad5	0019766c
95351259	0019769e
95376d32	001976d2
953bbc0e	0019770e
953cd8a0	0019774c
953e2459	00197796
9540e06a	001977d4
95414738	001977fc
95418c9a	0019781a
95446de5	00197846
9548cd21	00197862
954b1df6	001978a0
954bc962	001978b8
954d3717	001978dc
95529855	00197904
95542aed	0019792e
9557e929	00197958
9559bea9	0019797e
9559fd6b	001979c4
955a7dba	001979f0
955aaccf	00197a28
955acf43	00197a72
955bd707	00197ab6
955cb36e	00197b1a
955f5761	00197b56
95614158	00197b80
9561aa0f	00197ba6
95633f49	00197be8
956bb6eb	00197c34
956dfae4	00197c78
956f15c3	00197ca4
956fed6a	00197cbe
95713630	00197cfa
95718f43	00197d32
9571fec7	00197d82
9573cbc0	00197db8
9574da1d	00197dd8
95755717	00197e0e
95767e93	00197e2a
9578bc39	00197e4c
9578f737	00197e7c
957967ef	00197ea8
957b17a9	00197ec8
957b5393	00197f0c
957ce543	00197f46
957dea0e	00197f76
957fb380	00197f94
9580d5cc	00198006
958207ae	00198030
95843888	000f1d48
9584bd2a	000f1d48
9584f88b	000f1d48
95885645	0019804a
95895f8e	0019808c
95896123	001980ce
958b9f0d	00198104
958d12c8	00198128
958d2906	0019818a
958e1781	001981b0
9590ad74	001981d0
95913e38	0019822a
959162f7	00198284
9591e7c1	001982b2
9592e6dd	001982dc
9592ee84	00198306
9593340d	00198346
95940c07	00198376
9594965f	0019839c
9594f144	001983e4
959892ff	00198422
959ae7f3	00198466
959dcbf5	0019847a
95a0588e	001984ba
95a0cc9a	00198508
95a18cf9	0019855c
95a29f90	001985c2
95a3ee03	0019862e
95a61a58	00198666
95a9d000	00198694
95aa1167	001986b0
95ab2e4f	001986ce
95ab3392	001986e4
95ab9830	0019872e
95ae0335	00198766
95ae26de	00198786
95af1ed3	001987a8
95b0666a	001987d6
95b0abb8	00198806
95b2ec5f	00198842
95b4a0d8	00198868
95b4d3a7	00198888
95b701ca	001025aa
95b728e8	001988b2
95b73a27	001025aa
95b756a3	001988f0
95b75d50	001025aa
95b9a333	0019891e
95bb8e83	00198938
95bcc1a8	0019895e
95c3158b	00198988
95c5f027	001989a4
95c8e9d1	001989f2
95ca6d53	00198a50
95cbf3c3	00198a86
95cc66d9	00198aa6
95ccf0b4	00198ad0
95ce95c6	00198ae6
95d05a96	00198b26
95d3eaef	00198b3e
95d3ed9a	00198b68
95d6ce8c	00198b90
95d81359	00198bd6
95da01f1	00198bfe
95dbcb13	00198c3e
95ddaf79	00198c80
95def385	00198cb2
95e05432	00198cde
95e1c626	00198d0a
95e1da1c	00198d4a
95e2133e	00198d70
95e23622	00198daa
95e475ee	00198dce
95e646c8	00198e2e
95e6cc6d	00198e80
95eac933	00198e9e
95eba689	00198edc
95f0a4fe	00198ef6
95f0b6dc	00198f4a
95f24217	00198fb0
95f33be9	00198ffc
95f34508	0019904a
95f3450a	00199066
95f688e7	00199088
95f7e334	001990e6
95fa7063	00199102
95fc64c1	0019912c
95fe053e	00199186
95ff134c	001991ec
9600a7e5	0019922c
96017ea8	00199284
96066047	001992ce
96067ae5	001992da
96081fb5	000d1456
96083eae	000d1456
96097150	00199312
960a3b9b	0019934c
960d8b90	00199372
960dd650	0019939a
96123836	001993da
96123b1e	001993da
961328c1	00199404
96173014	00199428
96174c5b	0019946e
961f8b1c	001994b4
961f9236	001994f6
9622da09	00199514
9629850e	0019953e
962a1c24	00199554
962e509c	0019957e
962e681a	001995a0
9631bb55	001995fc
96338780	00199616
96343692	00199684
963a4080	001996f0
963b5e49	00199736
963f445c	001997b4
963fc5fb	001997f2
963feb65	00199816
96422498	0019985a
9643c85b	001998b2
9643cbb4	001998dc
96450ec4	0019990c
96455ebb	0019993a
96465497	00199984
96467128	001999bc
96468989	00199a3e
9648a900	00199a7c
9648dece	00199ac4
964e0820	00199aee
964f62ee	00199b28
964fa5a4	00199b66
9655bbd1	00199bac
9658897d	00199bd2
9659fab0	00199c12
965a78c9	00199c28
965ab956	00199c40
965b2fa0	00199c7e
965c604e	00199ca4
966092fd	00199ce2
96628dcc	00199cfa
9663fb95	00199d52
96647791	00199d6e
9666d024	00199d90
9666e55a	00199db8
9668df91	00199e08
966a20de	00199e2c
966da562	00199e4c
966f7f5d	00199e68
967056b0	00199ea0
9675769c	00199eba
96778527	00199ee6
9677cb5d	00199f14
967bdf65	00199f52
967c1d7f	00199f78
967c317a	00199faa
967c6986	00199fd2
967e6d53	00199ff6
96840e31	0019a01a
96861d10	0019a042
968709b4	0019a094
96871433	0019a0b6
968985d2	0019a0f6
968a592c	0019a128
968c8953	0019a150
968ca81f	0019a194
96904139	0019a1c8
96910f58	0019a218
96914784	0019a25e
969256fd	0019a2aa
96946498	0019a2c8
96955431	0019a2ec
96961de1	0019a322
96969b33	0019a360
96979c0e	0019a38a
9697a3f0	0019a3ae
9697edd3	0019a3d8
96982ff0	0019a414
969b4228	0019a464
969b4376	0019a4ac
969b7942	0019a4f6
969e2ec7	0019a522
969e5ace	0019a540
969ec294	0019a56e
969fbbba	0019a5a4
96a132a0	0019a5e4
96a17560	0019a63a
96a18575	0019a660
96a64d0c	0019a6ce
96a68690	0019a6fc
96a912a8	0019a73c
96ab764a	0019a756
96ae1065	0019a7a4
96aeb777	0019a80a
96af8f15	0019a832
96b04dd4	0019a85e
96b3668f	0019a8a4
96b37003	0019a8ee
96b3b535	0019a914
96b75314	0019a93e
96b7c607	0019a97e
96b87695	0019a9f2
96b89ddd	0019aa52
96b8abf5	0019aa8e
96ba4f41	0019aaf2
96bb5cb1	0019ab2c
96be4213	0019ab7c
96c07c78	0019ab9e
96c37984	0019abbc
96c3cb4e	0019ac0e
96c5f4c8	0019ac2e
96c6f38c	0019ac62
96c7c837	0019ac8c
96c8c16e	0019acb6
96ca703d	0019acf0
96ca7b77	0019ad0e
96cc111a	0019ad46
96d2706a	0019ad8e
96d2916b	0019adc8
96d2d523	0019ae14
96d4c0a7	0019ae4a
96d4c6f4	0019ae6c
96d62580	0019aec4
96d77772	0019aee4
96da9e79	0019aef8
96dab0f9	0019af2a
96dd1d1a	0019af58
96dfb446	0019af82
96e2465d	0019afd2
96e4543e	0019b018
96e5d5dd	0019b062
96ea0308	0019b090
96ea99dc	0019b0e2
96eb1f15	0019b10e
96eb94cc	0019b180
96ef49df	0019b1e0
96efa43f	0019b214
96f01743	0019b234
96f21507	0019b260
96f38c86	0019b29c
96f3f0ed	0019b2d0
96f50089	0019b304
96f5a6ed	0019b330
96f7aa9a	0019b362
96f8150b	0019b3ba
96f81600	0019b3ba
96f81ffd	0019b3ee
96f83ce2	0019b40e
96f8980b	0019b43c
96fa643d	0019b466
96fb0a85	0019b496
96fb4301	0019b4ac
96fbd6fb	0019b4cc
96fd52cb	0019b4ee
9704f064	0019b518
970715e9	0019b546
97095f4b	0019b570
970b6015	0019b58c
970bc1b8	0019b5ca
970bc731	0019b5ca
970bd8d2	0019b5ca
970ccaf1	0019b5de
970cf014	0019b5f8
970cf082	0019b61c
970d1367	0019b654
970d39ae	0019b694
970e2a80	0019b6dc
970f1bf5	0019b6fa
9711b553	0019b740
9713eacc	0019b76c
9714ea20	0019b7a0
97165246	0019b7e0
9718cc2a	0019b810
97192d67	0019b848
971cc374	0019b878
971da281	0019b8ae
971e5bef	0019b8cc
971ecdd7	0019b8e2
971f8885	0019b912
97210b88	0019b934
97226d9f	0019b95a
97228ae5	0019b984
9722beb2	0019b9de
9724de46	0019ba0c
97255b70	0019ba44
9725a5e1	0019ba6a
9726edc4	0019ba82
972728d0	0019bab6
972982eb	0019bb02
972a16c4	0019bb36
972e0c0c	0019bb58
972e6b56	0019bb92
97302f71	0019bbd0
973180d0	0019bbea
9732912f	0019bc2a
9732ed74	0019bc7e
97332895	0019bcc6
973370fc	0019bd0a
97339e81	0019bd42
9734665e	0019bd7a
97354cf5	0019bdae
973646d9	0019bdd0
9736aa73	0019bdf6
9736c0d3	0019be44
9738091b	0019be7c
973822c4	0019be8e
97394274	0019bea6
973cb16c	0019bef4
973d2efe	0019bf3a
973d371a	0019bf90
973d9063	0019bfe4
973d94e9	0019c038
973e4cff	0019c092
9741583c	0019c0ac
97419e0a	0019c0ee
9742a916	0019c110
97451a49	0019c16c
97480284	0019c18e
974a46bb	0019c1de
974cf407	0019c226
9750a77a	0019c244
9751b965	0019c27c
97526e34	0019c2a0
9752ba09	0019c2ea
9752cf03	0019c306
97561923	0019c334
97588308	0019c356
975c1fda	0019c390
975c7c7d	0019c3aa
975e9eba	0019c3ca
97603c77	0019c3f8
97607593	0019c420
9760a6ff	0019c462
976139db	0019c4b8
97624a79	0019c4f4
97625599	0019c580
97629c08	0019c5cc
97636fce	0019c608
9763a757	0019c62c
9766eeec	0019c64a
97681649	0019c670
97681730	0019c670
976bd690	0019c686
976c4916	0019c6b4
976f5d09	0019c6cc
976fc950	0019c71a
97721583	0019c754
97721dc5	0019c7a8
977596aa	0019c7ca
97763b9a	0019c7f4
97772c9c	0019c820
977844d9	0019c83a
97794dd6	0019c876
977e841b	0019c8aa
9780e412	0019c8c4
97831c9e	0019c8f6
9785d4a5	0019c914
9787ce18	0019c93c
9788a1da	0019c97c
9788ffa3	0019c9fe
978956bd	0019ca28
978b32e7	0019ca6a
978b7dc2	0019ca90
978c2290	0019cacc
978c6a3f	0019cb16
978cb7f7	0019cb40
97906c40	0019cb82
9790bd44	0019cbb6
97917565	0019cbfe
97935d78	0019cc44
9794b3b8	0019cc6e
97972a00	0019cc8e
9799cea1	0019ccb4
979dda22	0019ccec
979ea42c	0019cd32
979fe1f8	0019cd66
979fe267	0019cd66
97a196d8	0019cd94
97a7d54d	0019cdcc
97a88dc9	0019cdfc
97a973f9	0019ce66
97a977df	0019ce8a
97aa582e	0019cea0
97abc1f5	0019ceec
97ad72b4	0019cf02
97b08322	0019cf34
97b2bc34	0019cf68
97b3463a	0019cf8a
97b6b31a	0019cfa2
97b97016	0019cfc2
97bc7bd4	0019cff0
97be1763	0019d01e
97bf4f33	0019d042
97bfd46d	0019d06e
97c0da58	0019d084
97c1ff15	0019d09c
97c328e5	0019d0d4
97c490cb	0019d0f6
97c4ac6b	0019d120
97c83654	0019d148
97c8e31b	0019d168
97c9fd06	0019d17c
97d0032f	0019d1b2
97d078f8	0019d1d4
97d36503	0019d20a
97d44405	0019d22c
97d47928	0019d278
97d4898d	0019d2b2
97d691da	0019d2d6
97d9d44d	0019d300
97daee73	0019d32e
97db35bd	0019d35c
97dddd68	0019d384
97de065b	0019d3be
97dec83e	0019d3fc
97dff7e6	0019d426
97e0045a	0019d446
97e0ce9d	0019d46c
97e39c55	0019d496
97e3aa93	0019d4d2
97e52705	0019d506
97e6a4f6	0019d538
97e6ba12	0019d554
97e746c9	0019d57c
97e756c1	0019d59c
97eb8553	0019d5ce
97ec51b6	0019d5fe
97ee09b3	0019d630
97ee0e20	0019d658
97eefa50	0019d686
97efaf00	0019d6b4
97f2bfa9	0019d6ee
97f36ac0	0019d70e
97f4de46	0019d750
97f5b75b	0019d76c
97f5d431	0019d796
97f62047	0019d7c2
97f65e48	0019d7e0
97f8dd1e	0019d806
97f8e2d5	0019d828
97f97bfc	0019d8ac
97f9a2e2	0019d8d2
97f9b4e7	0019d926
97ff1be4	0019d988
97ff5325	0019d9ca
97ff5aac	0019da14
9801a7e0	0019da44
9802e93c	0019da92
98056720	0019dade
9807fd1f	0019db12
9808e74a	0019db38
98097ed5	0019db70
9809eb34	0019db8c
980a9572	0019dbe2
980bacea	0019dc0e
980bc2dc	0019dc4c
980bca83	0019dc86
980ee48e	0019dca4
981130da	0019dcc6
9811d6ee	0019dce2
981292c8	0019dd2a
9812c805	0019dd62
98163d4c	0019ddb8
98173ddb	0019ddd6
98175c7c	0019de06
9819b4b8	0019de2a
9819d51d	0019de52
981cde14	0019de84
981e63d6	0019dec2
98224217	0019ded8
9822430e	0019ded8
98237724	0019df1c
982441a5	0019df3c
98269e30	0019df70
9826c236	00181158
9826d476	00181158
9826fbc0	0019df86
98292e28	0019dfb0
9829bf90	0019dfd8
982b673e	0019e01a
982b8e2e	0019e042
982bba0b	0019e05a
982bcdb3	0019e0d6
982c386d	00184780
982ecb64	0019e10e
98302a40	0019e13a
9832340d	0019e184
9836bd09	0019e1b8
983ae636	0019e1fa
983dad51	0019e228
983dec17	0019e26e
98400ceb	0019e296
9844f3ce	0019e2d6
98455cd3	0019e304
98484952	0019e344
9848bb19	0019e376
984a7b25	0019e396
984b32ba	0019e3b6
984ca450	0019e3d4
984cf850	0019e446
984d3adf	0019e490
984e026b	0019e4c4
984f735b	0019e506
98511706	0019e526
985123e8	0019e550
98515684	0019e568
9852212d	0019e580
9853562d	0019e5ac
98548681	0019e5cc
98548d08	0019e5f0
98570404	00195604
98576173	0019e61a
98576929	00195604
9858a427	0019e65c
985b19c6	0019e680
985b8206	0019e6ca
98600799	0019e70c
986075a7	0019e756
98612a3c	0019e788
986331d6	0019e7c4
986355f9	0019e810
986435cb	0019e83e
9864f164	0019e858
98660d6e	0019e896
98669ba5	0019e8e8
9866a3b1	0019e90e
986826aa	0019e92c
986bdc67	0019e952
986c38a2	0019e9d6
986c6920	0019ea00
986eb8d3	0019ea34
986ed762	0019ea6a
986f8991	0019ea96
9870066d	0019eab6
98701891	0019eafc
9870fa11	0019eb22
987431a8	0019eb56
9876ca3d	0019eba2
98773720	0019ebfe
987812e5	0019ec34
9878d954	0019ec9a
98792259	0019ecbe
98793113	0019ed0a
987ae281	0019ed2e
987c2fdf	0019ed64
987e9d2e	0019edb8
9882e7d7	0019edfc
9884644d	0019ee3c
98876546	0019ee86
9887aa70	0019eeb8
9887d52c	0019eeb8
9887d84f	0019eeb8
9888a5ac	0019eeca
988a6027	0019ef26
988bb945	0019ef4e
988bff06	0019ef9e
988ded6e	0019efd2
988f7c30	0019f002
98905374	0019f026
98917f98	0019f054
989273c4	0019f086
9896192e	0019f0b2
9896dc87	0019f0fe
98976bd7	0019f124
9897ad44	0019f186
98997ed3	0019f1d0
9899c4fc	0019f214
989a989c	0019f24c
989ade5b	0019f2b2
989bf23e	0019f2ea
989c2451	0019f342
989f8125	0019f364
989fed25	0019f384
98a00258	0019f3ae
98a0229d	0019f3fe
98a05eeb	0019f41c
98a08314	0019f43c
98a0c8cc	0019f47c
98a3f032	0019f4a0
98a51397	0019f4e2
98a54a08	0019f50e
98a8891b	0019f524
98a9e1b7	0019f540
98a9ff86	0019f570
98ab21c7	0019f5f4
98aba6d5	0019f618
98afa462	0019f656
98b3b3a9	0019f6ae
98b48d59	0019f6f6
98b52aea	0019f71c
98b572c7	0019f73e
98b6ee76	0019f782
98b6fcf0	0019f7ba
98b75e82	0019f806
98b94f3d	0019f84e
98b9b1ff	0019f86a
98bbf7cc	0019f88a
98bd6490	0019f8c2
98c0a6ea	0019f92a
98c0bd20	0019f96c
98c28be9	0019f990
98c5068e	0019f9f0
98c579a1	0019fa1c
98c861b8	0019fa64
98cce94e	0019fa84
98ceef10	0019faaa
98cf32d5	0019fad0
98d0282e	0019faf2
98d33a8c	0019fb42
98d3f4a8	0019fb70
98d4ad21	0019fb92
98db0b63	0019fbca
98db3f68	0019fbca
98dcb4cb	0019fbe4
98df0c27	0019fc5e
98e1a2d2	0019fc96
98e28a18	0019fcae
98e42c53	0019fd20
98e4d9da	0019fd54
98e6241d	0019fd74
98e6e453	0019fdae
98e79315	0019fdd2
98ed3294	0019fe1a
98f16abb	0019fe60
98f4331d	0019fe98
98f4948d	0019feca
98f78936	0019ff2a
98f7e836	0019ff44
98f907d2	0019ff5e
98f98577	0019ff90
98fb0d77	0019ffbc
98fdac64	001a0010
98fe3499	001a0040
98fe56a7	001a006e
990050ac	001a0096
99029d83	001a00cc
99029d83	001a00cc
99049181	001a00fa
99084c99	001a013a
990b42b6	001a0178
990eaa32	001a01cc
991247ee	001a01f2
99128978	001a0218
9914caea	001a0286
991635b4	001a02b2
99181bcc	001a02fa
991a534c	001a0336
991d0d26	001a0364
99211e47	001a0390
992152a8	001a03d2
99244561	001a0408
9925342f	001a043a
9927c191	001a0466
99291727	001a049c
9929bed4	001a04ba
9929e74b	001a04d8
992a1605	001a051a
992eb04e	001a053c
992f1ef4	001a0558
992fd677	001a058e
99310ade	001a05cc
9932c6e8	001a05fe
9939135f	001a0638
9939fc0b	001a0666
993e3fa2	001a067a
993ee38d	001a06be
993feb1c	001a06e2
99437903	001a0736
9943c9c8	001a077e
9946d761	001a0794
99471835	001a07d6
99474d66	001a0812
994a412b	001a083e
994f5bf9	001a086a
99500c64	001a0894
99510848	001a08e2
995373a7	001a0914
9955e0dd	001a093e
9956381b	001a09b2
9958e27a	001a09d6
99593cee	001a0a08
995a681c	001a0a46
995d7633	001a0a62
995f2d33	001a0a80
995faaa3	001a0acc
99611b63	001a0b32
99651bf2	001a0b5e
9965a71c	001a0b8a
9967d001	001a0bae
996c0d00	001a0bde
996ed18c	001a0c00
996ee632	001a0c30
99710111	001a0c50
9971b464	001a0c88
9971b900	001a0cbe
99744222	001a0cda
997729a3	001a0d10
99782c2e	001a0d22
997ae1db	001a0d60
997c585c	001a0da4
997ccbc4	001a0e0e
99852e86	001a0e36
99865eae	001a0e72
9986bcdb	001a0ebe
99872a54	001a0ee4
9989a925	001a0f06
9989da8f	000b64ee
9989ddd9	001a0f1e
998ede00	001a0f72
998fb0f8	001a0f92
99929fe9	001a0fd8
99942486	001a1026
99945a19	001a106a
99957e51	001a1096
999669f4	001a10ba
99984fab	001a10e4
999ab3e2	001a1100
999adea8	001a112e
999b2e34	001a116c
999bb724	001a1188
999c06da	001a11b2
999c7183	001a11da
999cd7d9	001a11f8
999d0aa4	001a122c
999d5488	00087c0c
999d7761	00087c0c
999d7db5	00087c0c
999fcc77	001a1242
99a3a59f	001a125c
99a413ef	001a1292
99a57c10	001a12c2
99a5fa2f	001a130e
99a6887d	001a1330
99a7adf8	001a136a
99a85094	001a13a8
99aa31be	000974a6
99aa99e3	000974a6
99ae76cc	001a13d2
99af677e	001a1420
99aff777	001a144e
99b1e155	001a147c
99b6d23e	001a14bc
99bb3730	001a14dc
99bc0dac	001a14f4
99bc4fec	001a1532
99becddd	001a1592
99bf3882	001a15ea
99c0a133	001a1606
99c3e485	001a162e
99c45f99	001a1688
99c6c6a0	001a16c0
99c71438	001a16ea
99c7a7d3	001a1712
99c8a5d2	001a1740
99c9ab1f	001a1770
99cd4c78	001a17c4
99cd9aa0	001a1818
99ce6e45	001a1858
99d0a74b	001a1888
99d0b3fc	001a18ac
99d0d8fc	001a18ee
99d1ad3c	001a1930
99d2bc6c	001a194a
99d3abb4	001a1982
99d4011c	001a19b6
99d5a8df	001a19de
99da6537	001a1a02
99dbb025	001a1a2a
99dc72b4	001a1a56
99dd139e	001a1a7c
99dee3b3	001a1aaa
99dfc279	001a1af2
99e169da	001a1b18
99e24961	001a1b64
99e30bd6	001a1b8c
99e42050	001a1bde
99e6e12f	001a1c3c
99ea12bb	001a1c68
99eac094	001a1cac
99eb5d49	001a1cdc
99edf378	001a1d10
99eeb484	001a1d4a
99ef9c41	001a1d94
99f10297	001a1dd8
99f18a33	001a1e2a
99f22256	001a1e5e
99f6be48	001a1eee
99f6e790	001a1f28
99f6fcdc	001a1f62
99f79540	001a1f82
99f7fe5c	001a1f9e
99fa2766	001a1ffc
99fdba97	001a2028
99fde140	001a2064
9a0188a1	001a207c
9a01b496	001a20c6
9a021bd5	001a20f2
9a03fb0b	001a2112
9a054591	001a213c
9a0559cc	001a217a
9a05983c	001a21c2
9a065a0a	001a2214
9a0851d2	001a2232
9a09d314	001a2246
9a0d577a	001a22a8
9a0d8401	001a22d2
9a13ebec	001a22fe
9a14cece	001a231e
9a175c3f	001a2354
9a18fd3e	001a2374
9a1d7ea0	001a23a0
9a1dff7b	001a23bc
9a20e7b4	001a23de
9a228854	001a2432
9a2a93dc	001a2464
9a2b09ec	001a24a8
9a2b1dd6	001a24cc
9a2b4acd	001a2524
9a2bf19a	001a2540
9a2c62b8	001a2564
9a2c6802	001a2564
9a2ce812	001a257a
9a2e40ed	001a2598
9a2ee760	001a25d4
9a306e3d	001a25fa
9a34705c	001a260e
9a369144	001a2644
9a371b69	001a2662
9a3810af	001a26b6
9a3a64f8	001a2700
9a3b2ba1	001a2730
9a3e2479	001a2752
9a40f7ce	001a2776
9a418b96	001a278c
9a44cfa6	001a27c4
9a4555fc	001a27e0
9a463adf	001a2818
9a493ea6	000c0b7e
9a4a11b4	001a2878
9a4b76b6	001a28a2
9a4d4ecf	001a28d2
9a4dfae6	001a28f0
9a4e1753	001a2910
9a5049b6	001a293a
9a50eab2	001a29c0
9a51875b	001a29ec
9a51a548	001a2a36
9a521e5b	001a2ac2
9a541f01	001a2b00
9a5426f3	001a2b30
9a560759	001a2b6c
9a599e88	001a2ba2
9a5bb881	001a2bd6
9a5e33e4	001a2c08
9a5f28d9	001a2c1a
9a5fede2	001a2c32
9a63d4f7	001a2c50
9a68b6c3	001a2c80
9a6998fd	001a2ccc
9a6a9ff8	001a2d2e
9a6b5a2e	001a2d80
9a6c6570	001a2db0
9a706e7c	001a2ddc
9a70bd73	001a2e0c
9a7402cf	001a2e58
9a769036	001a2e72
9a7c7228	001a2ec0
9a7ef1d1	001a2efc
9a80a469	001a2f12
9a815424	001a2f42
9a817669	001a2f70
9a8190fd	001a2fa0
9a83b140	001a2fc2
9a841f55	001a2ff4
9a848f43	001a3044
9a85b0dc	001a30be
9a87b482	001a30ea
9a896b28	001a3116
9a8b2d1b	001a3170
9a8b8abb	001a3170
9a8c34f8	001a3182
9a8d995c	001a31ae
9a8ddc9a	001a31d6
9a91ab50	001a3200
9a92e53a	001a3228
9a93abcd	001a325a
9a95a378	001a32a0
9a989711	001a3312
9a99f411	001a3340
9a9ac788	001a3360
9a9d56d9	001a3384
9a9d828e	001a33ba
9a9dbeaf	001a33f6
9aa1f899	001a342e
9aa37370	001a3470
9aa3fa2b	001a349e
9aa55ab7	001a34cc
9aa58680	001a3500
9aa6b3bf	001a3522
9aa7e00b	001a3560
9aaa71c3	001a3588
9aab747b	001a35a2
9aad24fe	001a35e0
9aad8a58	001a35fc
9aae531e	001a3612
9ab20f6d	001a3652
9ab3f794	001a368e
9ab56acc	001a36ba
9ab60f73	001a36e0
9ab6876c	001a373c
9ab73175	001a376c
9ab79d72	001a37b8
9ab8d9e9	001a3800
9abaa398	001a3830
9abdc497	001a387e
9abf5519	001a38a0
9abfd28e	001a38b8
9abfea93	001a38ea
9ac20949	001a3912
9ac4f174	001a393c
9ac5d003	001a3960
9ac61c17	001a39d2
9acc7fa9	001a39fc
9acd877a	001a3a24
9ad02a7d	001a3a4c
9ad3ddb0	001a3a8a
9ad4c330	001a3aa8
9ad90fb6	001a3ae2
9ad9425f	001a3afc
9ad9db1f	001a3b3c
9ada712a	001a3b60
9adc85d3	001a3bc0
9adf56e8	001a3c08
9adf7eee	001a3c1e
9ae027a8	001a3c76
9ae1bdf6	001a3c9e
9ae40918	001a3cc4
9ae45a13	001a3cd8
9ae4e96c	001a3d2a
9ae5d9e3	001a3d50
9ae671ed	001a3d9a
9aee94c0	001a3df4
9aeeb813	001a3e24
9af2972e	001a3e62
9af525d1	001a3e98
9af72141	001a3eb0
9b0000de	001a3ef2
9b0234cc	001a3f18
9b0361bb	001a3f34
9b0479ac	001a3f50
9b04ec29	001a3f7e
9b05a660	001a3fa0
9b07b900	001a3fc4
9b07be1b	001a3fc4
9b08abf6	001a4002
9b0d13d9	001a4022
9b0e092b	001a4050
9b1165af	001a408c
9b132e19	001a40ba
9b14c78f	001a40d6
9b151154	001a4108
9b1593d1	001a4144
9b15c005	001a4170
9b16cff2	001a41ea
9b19e851	001a4226
9b1b266d	001a4242
9b1c8fdb	001a426e
9b1de790	001a4286
9b208121	001a429c
9b21cc65	001a42b0
9b22207d	000c1a18
9b228293	001a42e2
9b22dd21	001a4300
9b232554	001a4336
9b24b29f	001a438c
9b2531f8	001a43c8
9b25b888	001a43f0
9b278f55	001a4434
9b2a34e3	001a4476
9b2c4471	001a44a4
9b2d0091	001a44ee
9b2d0990	001a4510
9b2d5e3f	001a4570
9b2db465	001a4596
9b2e5ee3	001a45cc
9b2f78b1	001a4600
9b2ff229	001a461e
9b31c1f0	001a4656
9b323b20	001a467a
9b32a2d7	000df51c
9b32ee59	001a469e
9b3389f0	001a46b4
9b347e0a	001a46e2
9b36c70e	001a4726
9b3d8621	001a4776
9b3e95bb	001a47a6
9b3e9758	001a47c6
9b3f072d	001a4816
9b40b6f3	001a483c
9b430399	001a48a8
9b438344	001a48f8
9b453b3e	001a4914
9b45ab01	001a4938
9b46556f	001a49ac
9b4679ac	001a4a18
9b472456	001a4a6e
9b474182	001a4ab0
9b47d3c9	001a4ab0
9b497b18	001a4ac2
9b49d55f	001a4af4
9b4ab36d	001a4b8e
9b4dc92b	001a4bb2
9b4ec9d3	001a4be4
9b51bb65	001a4c08
9b5323b3	001a4c3c
9b54094f	001a4c58
9b54404e	001a4c80
9b545473	001a4ca2
9b54a957	001a4cbc
9b54dd70	001a4ce0
9b571fa6	001a4cfe
9b589502	001a4d34
9b59225c	001a4d74
9b5e8b81	001a4d94
9b5e9df9	001a4db8
9b5f8b67	001a4de2
9b619d9d	001a4e16
9b6218e9	001a4e42
9b62558e	001a4e5e
9b6685bb	001a4e98
9b675508	001a4ec2
9b688b02	001a4ede
9b69ddb4	001a4f06
9b6a5dc5	001a4f2a
9b6af0cf	001a4f4e
9b6b24fd	001a4f76
9b6b9baa	001a4fb4
9b6c605a	001a4ff8
9b6ce245	0007ebb0
9b6d8af9	001a501e
9b6f2038	001a503e
9b701704	001a5076
9b7139f9	001a509c
9b7338e0	001a50c6
9b754af0	0011c2a4
9b755abd	0011c2a4
9b7636b8	001a5106
9b79c888	001a5132
9b7a61e6	001a5176
9b7c26b8	001a51c6
9b7d125b	001a51fc
9b7d33cf	001a5244
9b7f125d	001a5276
9b818d8b	001a52a6
9b839e10	001a52c4
9b83d7f4	001a52f4
9b85cdb3	001a5330
9b8956ad	001a539a
9b8a33d0	001a53ee
9b8a8680	001a5406
9b8ae40e	001a5454
9b8b4ab9	001a5470
9b8b7fbd	001a54a8
9b8bc438	001a54c2
9b8c0545	001a5504
9b8c26cb	001a5536
9b8c65df	001a555a
9b8cd90f	001a55ee
9b8ed44e	001a5636
9b91fed5	001a5660
9b928f1f	001a569e
9b9296ff	001a56b6
9b936a06	001a56fc
9b93bbf9	001a576e
9b93ce72	001a57a6
9b9485d1	001a57ba
9b948795	001a57ba
9b983fb3	001a57ca
9b98e73a	001a5802
9b9b80f9	001a5844
9b9d300b	001a5880
9b9f661d	001a58de
9b9ffc1b	001a591e
9ba5131c	001a5962
9ba676d7	001a5988
9ba7cde9	001a59ba
9ba852a8	001a59d6
9ba99bc2	001a5a06
9bab8d8e	001a5a3a
9bacda81	001a5a6e
9bae7a68	001a5a94
9bae7da5	001a5aac
9bbbe340	001a5af6
9bbcfe01	001a5b1c
9bbf368e	001a5b38
9bc02215	001a5b52
9bc08985	001a5bc0
9bc19929	001a5c02
9bc2cd51	001a5c46
9bc4c6a1	001a5c64
9bc57d44	001a5c9a
9bc59947	001a5d24
9bc8ef9d	001a5d6a
9bc93c59	001a5d92
9bc9e91f	001a5dca
9bca863e	001a5de6
9bcc1666	001a5e0c
9bcd4b95	001a5e52
9bce535a	001a5e90
9bcf1fdb	001a5eb8
9bcf6e30	001a5ee0
9bd0fd19	001a5f26
9bd27e8c	001a5f50
9bd6a2e9	001a5f88
9bdc3940	001a5fb4
9bdd9191	001a5fe4
9bde989c	001a6028
9bdf6ba2	001a6060
9be4af52	001a6082
9be4dc6c	001a60ae
9be7a76b	001a60e0
9be96468	001a612e
9bed0e75	001a614c
9bee3f2f	001a61a8
9bee90ef	001a61c4
9bee95fe	001a61ea
9beede6e	001a61a8
9bf08df4	001a6236
9bf36f8f	001a625a
9bf53a1f	001a628e
9bf5590a	001a62e8
9bf9d09a	001a631e
9bfa2e95	001a6356
9bfd211e	001a6378
9bfde51f	001a63be
9bfe7a0e	001a63de
9bfeab6e	001a640c
9bfeb6a4	001a6426
9bff6344	001a64c6
9bffb6ad	001a6510
9c006cc3	001a652c
9c01ef54	001a656e
9c039779	001a6592
9c03adae	001a6600
9c042552	001a6624
9c064c3e	001a664e
9c067c17	001a666c
9c0d1d81	001a66a6
9c0ea261	001a66c0
9c0f1ce0	001a66e0
9c0ff52c	001a671c
9c10f768	001a6730
9c1551a9	001a674c
9c1c19fc	001a6778
9c1e09a9	001a67a2
9c1eb4e7	001a67c8
9c22e54b	001a6850
9c24e6d8	001a6898
9c26da09	001a68b2
9c279586	001a68ca
9c27c7b6	001a68ea
9c284c92	001a690e
9c29eec7	001a694c
9c2a3da0	001a698e
9c2a413a	001a69dc
9c2a834a	001a6a00
9c2a9eeb	001a6a18
9c2aaba9	001a6a46
9c2b3616	001a6a8a
9c2b7869	001a6aa8
9c2dc267	001a6acc
9c2fee02	001a6b1a
9c322026	001a6b4e
9c3285f4	001a6b74
9c34b39d	001a6ba6
9c36b87b	001a6bea
9c374057	001a6c48
9c37fe83	001a6c74
9c380588	0006bd48
9c384624	001a6c9a
9c396962	001a6cb4
9c3b077c	001a6cf2
9c3b10ce	001a6d38
9c3f00c6	001a6d56
9c43f695	001a6d82
9c446a46	001a6dba
9c44d983	001a6e0a
9c45624e	001a6e24
9c461921	001a6e56
9c497dc0	001a6e94
9c4b4c7c	001a6ed2
9c4ed589	001a6ef8
9c50646a	001a6f28
9c552023	001a6f74
9c558d02	001a6fae
9c5838bb	001a6fd0
9c5841ea	001a6ffe
9c5d5a1f	001a7026
9c612413	001a704e
9c62055c	001a70b0
9c639c51	001a70e0
9c673816	001a7124
9c68ab96	001a7160
9c6a6cb4	001a718a
9c6b3a41	001a71be
9c6e7593	001a7200
9c72ce91	001a7218
9c72f16b	001a725c
9c750b8e	001a727a
9c76a9c1	001a72c0
9c782a90	001a72d8
9c78732b	001a72f8
9c79e94d	001a7310
9c7dbedc	001a734a
9c80644b	000dd58e
9c808401	001a7382
9c808514	000dd58e
9c80f448	000dd58e
9c81c13f	001a7398
9c837a7a	001a73e4
9c87a426	001a7408
9c8b6405	001a7422
9c8c29d7	001a7438
9c8e0b2b	001a7474
9c8e67e9	001a74ae
9c8ef030	001a74e4
9c90e854	001a74fe
9c917479	001a7538
9c91dd6f	001a7538
9c91fe89	001a756a
9c94136a	0009b0ea
9c9454f1	001a75ba
9c96efe2	001a75d2
9c9c5f8b	001a75fc
9c9dfa69	001a762c
9c9eddb8	001a7656
9ca09466	001a7670
9ca12d0c	001a76c0
9ca15691	001a76f4
9ca3da89	001a7738
9ca4cbd6	001a7750
9ca74356	001a778e
9cab3df3	001a77be
9cab6cc4	001a77ea
9cae05f2	001a7806
9caf283b	001a782e
9cafa721	001a7872
9cafb390	001a78aa
9cafed84	001a78ee
9caff721	001a7926
9cb08a40	001a795e
9cb2e9cc	001a797c
9cb445fa	001a79a2
9cb54a98	001a79e4
9cb71dad	001a7a08
9cb939b6	001a7a2e
9cba2b63	001a7a52
9cbd4a56	001a7a80
9cbd6f1e	001a7afe
9cbe3eaa	001a7b1e
9cbea386	0013aef6
9cbef6be	001a7b4c
9cc0bb46	001a7b8a
9cc3b485	001a7c00
9cc47c84	001a7c1c
9cc4d209	0014511e
9cc4dbfe	0014511e
9cc4e9f2	0014511e
9cc669ed	001a7c3a
9cc68d81	001a7c8c
9cc848ae	001a7ccc
9ccc654d	001a7cf8
9ccd1969	001a7d2c
9ccf80f8	001a7d72
9cd20c14	001a7d90
9cd228f2	001a7dee
9cd2dac4	001a7e1c
9cd52cb8	001a7e50
9cd684cb	001a7e72
9cda0f41	001a7ea0
9cdcbb9d	001a7ed6
9cdf45f2	001a7ef0
9cdf9b3c	001a7f10
9cdf9d1c	001a7f68
9ce193c0	001a7f8c
9ce48949	001a7fc2
9ce48a64	001a7fe8
9ce69688	001a8022
9ce736b7	001a8046
9ce74708	001a8076
9ce77bd5	001a8096
9ce79db7	001a80c8
9ce8ae0c	001a80ec
9ce8ecc4	001a811e
9cead0dd	001a8152
9ceb29da	001a8170
9cebd6f7	001a81d2
9cec227d	001a81f0
9cec25b8	001a81f0
9cec40d1	0006dee4
9cec4ac8	001a81f0
9cec58e5	001a81f0
9cec5f5f	001a8204
9cec8d47	001a81f0
9cecad43	0006dee4
9cecade0	0006dee4
9cecadef	001a81f0
9ced2525	001a8216
9cee5a8f	001a824c
9ceeb5d6	001a82ac
9cefb55a	001a82e4
9cf049e4	001a8316
9cf402ce	001a8352
9cf44b34	001a837a
9cf5b7b3	001a83a4
9cf604ed	001a83d0
9cf81edf	001a83f0
9cfa3346	001a840c
9cfb651f	001a843a
9cfd055f	001a846e
9cfd5afc	001a848a
9cfd8c98	001a84e0
9cffa59b	001a851a
9d002f7f	001a8542
9d011824	001a855e
9d030496	001a8582
9d030821	001a85ac
9d05c812	001a85cc
9d0624dc	001a8628
9d062d19	001a865a
9d067eed	001a8680
9d0a5e82	001a86ca
9d0c76d7	001a8706
9d0d4055	001a873e
9d0e12a8	001a8764
9d11565c	001a87be
9d1678b5	001a87ec
9d16e99c	001a881a
9d178725	001a8842
9d19d460	001a8874
9d1a45f4	001a88ac
9d1b3512	001a88d8
9d1bb3bb	001a88fc
9d1d79a3	001a897e
9d1e36c1	001a89aa
9d206b08	001a89f6
9d2449be	001a8a18
9d247815	001a8a3e
9d24f6b8	001a8a7a
9d25330d	001a8ab6
9d28bddd	001a8b16
9d29a90b	001a8b48
9d2a3dc1	001a8b7c
9d300175	001a8bdc
9d305ac9	001a8c32
9d30deca	001a8c8a
9d31eebe	001a8ca8
9d3318cb	001a8cd8
9d338ac2	001a8d22
9d346932	001a8d46
9d34968a	001a8d72
9d358c35	001a8d9a
9d35fc60	001a8de0
9d376909	001a8e08
9d38af77	001a8e3e
9d396843	001a8e88
9d3dcd4b	001a8eba
9d400191	001a8f1a
9d4001ea	001a8f1a
9d400328	001a8f1a
9d400bea	001a8f1a
9d401199	001a8f1a
9d4014ac	001a8f32
9d401ee4	001a8f1a
9d401f1c	001a8f48
9d40212e	001a8f1a
9d4022d8	001a8f1a
9d402775	001a8f1a
9d402ecd	001a8f1a
9d4035b3	001a8f1a
9d403695	001a8f1a
9d403842	001a8f1a
9d403b56	001a8f1a
9d404b02	001a8f1a
9d406033	001a8f1a
9d406196	001a8f1a
9d406403	001a8f1a
9d4067da	001a8f1a
9d40993c	001a8f1a
9d40a5bc	001a8f1a
9d40a6ab	000be892
9d40d3a5	001a8f60
9d40dcc1	0017078c
9d40fee1	001a8f8c
9d41e733	0009e842
9d4225c3	001a8fa6
9d45bbb3	001a8fe8
9d4626e5	001a9010
9d463231	001a902a
9d4babaa	001a906c
9d4e4304	001a90b0
9d52e31b	001a90ce
9d5393a8	001a90ec
9d53a021	001a9138
9d53ade9	001a9172
9d546c8a	001a91b0
9d56872e	001a922a
9d597300	001a924a
9d5bc771	001a92ca
9d5e2dcb	001a92fc
9d5ec434	001a9346
9d5ef5f7	001a935a
9d601b8e	001a936c
9d61f301	001a9398
9d6320db	001a93da
9d632afc	001a9428
9d63b4bf	001a944e
9d6490ab	001a9490
9d676591	001a94b8
9d69b11a	001a94fc
9d6d599f	001a9524
9d6fc966	001a9546
9d706542	001a9576
9d734fd5	001a9588
9d773045	001a959c
9d77464f	001a960a
9d77ac95	001a9624
9d781b32	001a966c
9d7a199e	001a96a2
9d7ae9c6	001a96c4
9d7b1e85	001a96e8
9d7cc760	001a9730
9d81994b	001a9756
9d8269c7	001a97ae
9d828385	001a97f8
9d83cc5e	001a9858
9d84e794	001a988a
9d8681f6	001a98a8
9d86b00a	001a98de
9d87ddeb	001a9938
9d89de41	001a997e
9d911703	001a99a8
9d9687f6	001a99c6
9d96a428	001a99e0
9d98584f	001a99f8
9d9b56ec	001a9a24
9d9cbfff	001a9a64
9d9e2dd8	001a9a9c
9da19fcf	001a9ab2
9da1a95e	001a9ac8
9da235a9	001a9aee
9da75ac5	001a9b3c
9da8d602	001a9b90
9da97fae	001a9bba
9da9ca8c	001a9bde
9da9dcf3	001a9c06
9daa3bb7	001a9c58
9daaa4de	001a9c84
9dabfcf4	001a9c9a
9db064a5	001a9cfa
9db0be7c	001a9d26
9db2d1b7	001a9d66
9db45412	001a9d94
9db4baf2	001a9dbe
9db68211	001a9e02
9db6b377	001a9e36
9db7287f	001a9e6a
9db7f621	001a9eaa
9db8d33e	001a9ece
9db93ea5	001a9ef8
9dba2811	001a9f16
9dba5d47	001a9f5a
9dbab81b	001a9f9e
9dbaed88	001a9fe6
9dbedfdc	001aa03e
9dbf43c3	001aa062
9dc118a2	001aa08c
9dc238d0	001aa0e6
9dc8dac6	001aa13a
9dc8f899	001aa176
9dc8f977	001aa1ac
9dcd6935	001aa1e6
9dd042b2	001aa22a
9dd0457a	001aa250
9dd82d66	001aa2b6
9dd857e5	001aa2fe
9dd99e78	001aa32c
9dd9a509	001aa35c
9ddd15c7	001aa3de
9dde74fb	001aa404
9ddfcff9	001aa424
9de1bf93	001aa4a2
9de2350f	001aa4e0
9de2d75c	001aa51c
9de3d3f4	001aa54a
9de848ef	001aa5a6
9dec4156	001aa5f4
9dedbd38	001aa638
9df44f6e	001aa65e
9df4884b	001aa6c0
9df5232b	001aa6f2
9df75eed	001aa718
9df7e0d4	001aa730
9df86609	001aa74e
9df9e90c	001aa772
9dffa005	001aa790
9e00fd5e	001aa7be
9e02a518	001aa824
9e02e66c	001aa89c
9e07d0ae	001aa8bc
9e0a9dd5	001aa8da
9e0c9e4b	001aa93c
9e101ea8	001aa976
9e115056	001aa9a0
9e11aa44	001aa9e8
9e171f2d	001aaa1a
9e17f703	001aaa40
9e1a3e68	001aaa82
9e1b0215	001aaa9c
9e1baad1	001aaaca
9e1dd1d5	001aab10
9e1ea69d	001aab26
9e1fbe56	001aab4c
9e24961c	001aab76
9e24e358	001aabc0
9e2703ee	001aac14
9e2b46c0	001aac36
9e2bd6ed	001aac60
9e2c6c23	001aaca2
9e2d4b6a	001aacd4
9e2da01b	001aacf8
9e2e0a2b	001aad10
9e2e3cfb	001aad40
9e32112a	001aad68
9e321150	001aad68
9e321d9c	001aad98
9e354ef1	001aadba
9e358ee2	001aadfc
9e373ffe	001aae32
9e379c1d	001aae4c
9e380a8d	001aae6a
9e38ddf8	001aaece
9e3a0c7b	001aaee6
9e3a6821	001aaf16
9e3aa37a	001aaf40
9e3ad613	001aaf62
9e3cd5dd	001aaf8e
9e3d800b	001aaf9a
9e3defb7	001aafae
9e3f30a2	001aafd0
9e3f49de	001aaff8
9e406d30	001ab032
9e415281	001ab052
9e41a310	001ab06a
9e43193c	001ab0b2
9e43b91e	001ab0e6
9e46002c	001ab13e
9e4989e9	001ab1a2
9e49be6f	001ab1c4
9e4a3895	000e3f44
9e4a3d36	000e3f44
9e4b5ad3	001ab24a
9e4e1be8	001ab272
9e4f689e	001ab2be
9e50373f	001ab2f4
9e51986d	001ab328
9e52d2c1	001ab354
9e584e1e	00087c0c
9e587dd4	001ab374
9e5abf5c	001ab3a8
9e5b8e26	001ab3d2
9e5c3114	001ab3f2
9e5d5d04	001ab440
9e5ebdc0	001ab45c
9e618f96	001ab4a2
9e61cf3b	001ab4cc
9e6234e2	001ab4fa
9e679868	001ab55a
9e69c8fa	001ab592
9e6a4b5f	001ab5aa
9e6af4a9	001ab5d6
9e6b8007	001ab5ec
9e6d8d22	001ab632
9e704fc7	001ab662
9e707049	001ab69e
9e70a38b	001ab71c
9e72134e	001ab764
9e72896a	001ab798
9e76bc3c	001ab7f0
9e776e13	001ab832
9e777f25	001ab858
9e77940c	001ab890
9e786511	001ab8c4
9e787c5e	001ab8e0
9e787d22	001ab90c
9e78cd95	001ab932
9e79ebd1	001ab95a
9e7bce9b	001ab976
9e7c0752	001ab9ae
9e7c4bc7	001ab9d6
9e7ce594	001aba08
9e7fe536	001aba28
9e81248f	001aba5c
9e81515a	001abace
9e8188a0	001abb0e
9e81bbf9	001abb0e
9e824551	001abb70
9e86e31b	001abbde
9e88edc7	001abbfe
9e8c68bb	001abc3c
9e8df86d	001abc66
9e8f06e6	001abc98
9e91f886	001abcdc
9e94110d	001abcf4
9e9659d9	001abd16
9e976248	001abda0
9e97923e	001abdbc
9e990701	001abdf2
9e99df5e	001abe0e
9e9aedc7	001abe70
9e9bb821	001abeb8
9e9d4295	001abefc
9ea1ba13	001abf38
9ea2d35f	001abf86
9ea340ad	001abfc4
9ea3c480	001ac000
9ea3d45b	001ac030
9ea4afe6	001ac06a
9ea76038	001ac092
9ea76e53	001ac0c8
9ea77d00	001ac116
9ea80479	001ac17e
9eaa9997	001ac1aa
9eac1454	001ac1ce
9ead21fd	001ac1fe
9eb050cb	001ac232
9eb0eab5	001ac288
9eb2ca9a	001ac2ae
9eb3d16c	001ac314
9eb402d3	001ac35c
9eb5d8f4	001ac386
9eb96845	001ac3a6
9ebab087	001ac3d4
9ebb9243	001ac410
9ebb9a33	001ac42e
9ebd6265	001ac47e
9ebdb331	001ac4b0
9ebe479f	001ac4e4
9ebf72e1	001ac50c
9ec1ab6d	001ac538
9ec1ec3c	001ac57a
9ec26f85	001ac5ac
9ec4ca6c	001ac5c2
9ec6e9f9	001ac5de
9ec7826f	001ac638
9ec82549	001ac664
9ec82ae7	001ac664
9ecaa6aa	001ac67c
9ecafb34	001ac694
9ed16397	001ac6e8
9ed2495b	001ac704
9ed39f55	001ac744
9ed404ff	001ac76e
9ed46839	001ac7a8
9ed4f2f7	001ac7d8
9ed568ea	001ac7fa
9ed71f78	001ac82c
9ed82844	001ac850
9ed9430e	001ac86c
9edc2f6c	001ac89a
9ede0515	001ac8ce
9ede8c9e	001ac8ee
9edecb7b	001ac92e
9ee29f9b	001ac99c
9ee38a4f	001ac9f0
9ee62d63	001aca2c
9ee842f1	001aca66
9ee84de6	001aca7c
9eea2d83	001acabe
9eee9594	001acae0
9eef4c61	001acb0a
9eefc953	001acb34
9ef2f95c	001acb68
9ef34c61	001acb8a
9ef56e55	001acbf8
9ef7f670	001acc2c
9efb0be0	001acc78
9efc492a	001accd8
9efcfd90	001acd24
9efd7db7	001acd58
9f03e81c	001acd80
9f04bcb1	001acda4
9f056ee5	001acdea
9f08cea7	001ace1c
9f0b66a7	001ace72
9f0f1e5b	001acea4
9f109d98	001acebe
9f11228a	001acee2
9f1346ad	001acf62
9f1440f3	001acf80
9f14441e	001acfa8
9f15c0bb	001acfd6
9f1767da	001ad016
9f17c3d8	001ad03e
9f1b0037	001ad056
9f1cdf6c	001ad07a
9f1d8ad7	001ad0b8
9f1df023	001ad0ea
9f1e8579	001ad118
9f1e9616	001ad172
9f223637	001ad1b8
9f23a7e5	001ad1d2
9f23baef	001ad214
9f28aa77	001ad23c
9f2954b5	001ad280
9f29c964	001ad2a0
9f2a7ac4	001ad2ca
9f2b9af6	001ad306
9f2c2a9c	001ad33e
9f2dc551	001ad352
9f2fc4dd	001ad3aa
9f30864c	001ad408
9f324e91	001ad42c
9f33b510	001ad462
9f46d5a5	001ad496
9f478801	001ad4d0
9f4843af	001ad50a
9f48cab5	001ad522
9f4afadf	001ad552
9f4b3c4b	001ad580
9f4bef69	001ad5c0
9f4c0dd0	001ad5da
9f4cc0e6	001ad614
9f4cef83	001ad636
9f4eea5e	001ad664
9f4ff064	001ad69c
9f50af3f	001ad6d0
9f521d6b	001ad700
9f53913d	001ad74c
9f559173	001ad760
9f56ed5c	001ad792
9f57fc92	001ad7d0
9f5966a7	001ad7fc
9f5e0431	001ad822
9f5facac	001ad868
9f623d0b	001ad88a
9f64b0e4	000e58f0
9f65243e	001ad920
9f658ee8	001ad938
9f65dd78	001ad964
9f66f6b3	001ad9a6
9f6948ce	001ad9ca
9f69c673	001ad9e8
9f6b3a03	001ada3a
9f6bdfc2	001ada7e
9f6c3c62	001adabc
9f6c89f4	001adad6
9f6d196e	001adafa
9f6e82a6	001adb20
9f6fab90	001adb48
9f711b8f	001adbc4
9f715ce4	001adbf0
9f726113	001adc1c
9f72838a	001adc38
9f735bcb	001adc56
9f74a797	001adc82
9f74edc6	001adc9e
9f7511c7	001adcd6
9f759150	001adcf4
9f7790e7	001add34
9f7899b8	001add6c
9f795df4	001addb2
9f7c8d86	001adde6
9f7d50da	001ade08
9f809493	001ade44
9f81384b	001ade60
9f814464	001ade88
9f81cc0b	001adeb4
9f87c10f	001aded2
9f895e3e	001adef4
9f8a976c	001adf24
9f8b9a4a	000baa64
9f8d3a62	001adf5a
9f8e7256	001adf88
9f8f2783	001adfca
9f9068fb	001adff4
9f926677	001ae00c
9f965504	001ae034
9f97d7e1	001ae068
9f99efbd	001ae086
9f9a6daa	001ae0b6
9f9b78b0	001ae0e0
9f9b7b07	001ae134
9f9e5e48	001ae18e
9f9f3212	001ae210
9fa305b6	001ae254
9fa39c51	001ae294
9fa5b339	001ae31e
9faad82f	001ae33a
9fab833d	001ae3a4
9facf82f	001ae3bc
9fad31e1	001ae402
9faffb9f	001ae41c
9fb1b77a	001ae46e
9fb2ca55	001ae490
9fb2f99a	001ae4bc
9fb82f5a	001ae4e8
9fb9a5f1	001ae544
9fba05c9	001ae57a
9fbf157b	001ae5ce
9fc015db	001ae5f4
9fc0310a	001ae636
9fc28d92	001ae666
9fc63751	001ae6a6
9fc74d20	001ae6c8
9fc7b839	001ae72a
9fc94fa7	001ae752
9fcbcd91	001ae76a
9fcf8bf9	001ae788
9fd088bd	001ae7d2
9fd3608b	001ae7f4
9fd3dc7d	001ae818
9fd7bb96	001ae836
9fd8478b	001ae84e
9fd973f2	001ae870
9fd9c06a	001ae8c2
9fdb879f	001ae920
9fdd573a	001ae96e
9fdd6f8f	001ae96e
9fdd7ec8	001ae96e
9fe0ea72	001ae9a6
9fe2739d	001ae9c0
9fe301ac	001ae9e2
9fe36cbf	001ae9fc
9fe50180	001aea2c
9fe86d67	001aea48
9fe9330b	001aea66
9feed8d2	001aea82
9fef82e7	001aeab0
9ff06587	001aead2
9ff17b2b	001aeaf2
9ff7ad72	0009bd66
9ff814a9	001aeb22
9ff9e073	001aeb66
9ffaeca0	001aeba8
9ffb4992	001aebde
9ffb9cbd	001aec22
9ffe3c24	001aec58
9ffebb9c	001aec76
a007f36f	001aecac
a0082102	001aece6
a00a05f0	001aed12
a00a33e4	001aed3c
a00a65d0	001aed12
a00af165	001aed84
a00bebad	001aedce
a00e9ddf	001aee0c
a00f7b58	001aee26
a0107276	001aee48
a0112067	001aee66
a01129a6	001aee8a
a0112dd0	001aeebe
a0113671	001aeefc
a012755d	001aef36
a01460f4	001aef48
a0149eeb	001aef7e
a0166117	001aefc8
a017045a	001aeff4
a0181c01	001af03e
a01bd7dd	001af084
a01bf55b	001af0da
a01c3478	001af132
a01e3657	001af150
a01e540e	001af174
a02322cf	001af1aa
a0248722	001af1ea
a024e5e7	001af218
a0273be7	001af22a
a027f503	001af25c
a02f02b2	001af284
a02f3a05	001af2ac
a030e3a4	001af2d0
a031af87	001af332
a031cb43	001af34a
a0320487	001af382
a03227c9	001af3b2
a0347b91	001af3de
a034cdd7	001af41a
a0359313	001af44e
a03a9dbd	001af496
a03ccd01	001af4d8
a03d20b1	001af514
a03d9806	001af52c
a03f2a2d	001af582
a04406b6	001af5d8
a04494a9	001af670
a045cd9d	001af6ac
a0472688	001af6cc
a04933c1	001af740
a04c2064	001af76a
a04c63b2	001af7e6
a04cec8d	001af830
a04d3b42	001af888
a04d4f34	001af8c6
a04dc310	001af90e
a04e60bd	001af924
a04efa6e	001af96a
a04f2492	001af9a8
a0517f22	001af9c6
a055fd0e	001af9f2
a0573beb	001afa34
a057c4b3	001afa62
a059a5be	001afa94
a05f149c	001afabc
a0603fff	001afb32
a06112bc	001afb54
a061fc19	001afb76
a0638de6	001afb9e
a0645bac	001afbce
a0648c20	001afc02
a064a080	001afc4e
a0673ebb	001afc7e
a0679076	001afc98
a067e778	001afcc8
a0682720	001afd3e
a0684848	001afd70
a068d489	001afdde
a06be385	001afe0c
a06c0f14	001afe34
a06c6e8c	001afe62
a06d2ba4	001afeca
a06ebaaf	001afeec
a06f4bc8	001aff48
a06fd225	001aff9a
a06fd261	001affc2
a0762a6d	001affda
a0776c1a	001afffc
a077ad7c	001b0024
a0794b95	001b004e
a07ed9b9	001b008c
a07f2f8f	001b00a8
a0808b89	001b00cc
a0826e09	001b0110
a08458cb	001b0138
a0852275	001b015c
a0853700	001b0186
a0859d07	001b01a0
a085ae10	001b01ce
a0881ae6	001b0224
a088aacc	001b024a
a0893e88	001b026e
a08ae656	001b02c8
a08b3c83	001b02e8
a0909584	001b0304
a0929116	001b034e
a096ac22	001b0382
a096d475	001b039a
a0974caf	001b03b0
a097a6b1	001b0412
a09a6ea8	001b0432
a09bd638	001b049c
a09f1e41	001b04c0
a0a343e6	001b04e4
a0a49c98	001b0510
a0a4cc6b	001b0510
a0a56eb0	001b052a
a0a7d5e3	001b055e
a0a92060	001b0582
a0acc466	001b05aa
a0adfd7a	001b05d0
a0b21cbb	001b05f6
a0b2df7e	001b0638
a0b55ec1	001b0692
a0b7a1e9	001b06c2
a0b7b6fb	001b06f4
a0ba48ae	001b0720
a0ba518f	001b0742
a0bbfeab	001b0778
a0be6fb8	001b07ec
a0bebf2a	001b0832
a0bee599	001b084e
a0c0b04a	001b0870
a0c13348	001b0896
a0c1e8d7	001b08d4
a0c1f6d4	001b08f4
a0c3ada0	001b096e
a0c44c83	001b09b6
a0c4e4b3	001b09e2
a0c5a175	001b0a04
a0c6e58a	001b0a20
a0c77f5b	001b0a3c
a0c96433	001b0a60
a0cb2bdc	001b0a7e
a0cb6af1	001b0aaa
a0cc17aa	001b0ad4
a0cc200f	001b0aec
a0cd3216	001b0b04
a0cdd6e5	001b0b6a
a0ce96d5	001b0ba2
a0d1d463	001b0bce
a0d1ed3e	001b0c02
a0d80640	001b0c34
a0d806db	001b0c34
a0d81690	001b0c34
a0d81a3e	001b0c34
a0d83b5a	001b0c34
a0d85c71	001b0c34
a0d8be2c	001b0c44
a0d98c1a	001b0c5a
a0d9efa4	001b0c7c
a0dd135e	001b0cda
a0ddfb01	001b0d08
a0e02e25	001b0d50
a0e1e9df	001b0d76
a0e1fd1f	001b0d9e
a0e1ffcb	001b0dba
a0e3d331	001b0dea
a0e3ddc7	001b0e0c
a0e43d40	001b0e26
a0e5be6c	001b0e44
a0e9c4ef	001b0ea2
a0eb760a	001b0ed8
a0ebe4d8	001b0f22
a0ec03ee	001b0f48
a0ec1eae	001b0f86
a0ed2e10	001b0f98
a0edcfde	001b0ffe
a0ef3cc3	001b1032
a0efb425	001b1056
a0f0e20c	001b1076
a0f28ff4	001b109e
a0f38765	001b10e4
a0f61c90	001b112e
a0f62e82	001b1168
a0f6c904	001b11b8
a0f6d3d0	001b11da
a0f80d7a	001b1228
a0fb7e21	001b1288
a0fcd7fc	001b12da
a0fe894a	001b12f4
a0ffa340	001b131a
a103c0a6	001b1330
a106740a	001b1366
a109e668	001b13aa
a10a8c2a	001b13cc
a10aeadd	001b1428
a10c2d16	001b144c
a10d65dc	001b1472
a10dd17f	001b14aa
a10e276e	001b14d8
a1103816	001b1508
a111030a	001b153a
a11297dc	001b156c
a11495dc	000f0508
a117a239	001b15a2
a118b59b	001b15c8
a11bd49b	001b1618
a11bedcd	001b163c
a11d65d1	001b1656
a11f0cb7	001b1696
a120fd66	001b16b6
a1222d73	001b16e8
a1234bb6	001b1714
a124f207	001b1742
a12643ec	001b176a
a126ddb1	001b179c
a1279814	001b17c6
a1293561	001b17ec
a12eb91b	001b1836
a12f523a	001b1880
a130e2b0	001b18a4
a131e664	001b131a
a132facf	001b18e0
a134d046	001b191e
a1350e67	001b194e
a135cc49	001b1986
a1370778	001b19c6
a13a9639	001b19f4
a13ced33	001b1a20
a1405bee	001b1a36
a1409806	001b1a5a
a1413013	001b1ab2
a1425951	001b1ad8
a142acc5	001b1b30
a143d45e	001b1b52
a1443537	001b1b7e
a1443f0c	001b1b94
a144b80c	001b1bae
a1450080	001b1bf0
a1463ef6	001b1c2c
a14672d8	001b1c60
a14ad0e7	001b1c96
a14b0e27	001b1cc4
a14b31d6	001b1d02
a14b53c4	001b1d02
a14b6574	001b1d02
a14b7904	001b1d02
a14bc797	001b1d16
a15022b8	001b1d32
a150bda1	001b1d4a
a15133e2	001b1d72
a152e89a	001b1dc2
a15423d1	001b1e02
a1563db1	001b1e34
a1575bfa	001b1e60
a1582803	001b1e9c
a159f3e7	001b1eba
a15a05a1	001b1ee8
a15b154e	001b1f10
a15bf615	001b1f2e
a160e042	001b1f50
a162b45d	001b1f80
a1677a8e	001b1fcc
a16dbdcf	001b1ff4
a16de88f	001b201e
a16eec7e	001b204e
a16f5336	001b208a
a1720697	001b20c2
a174d78c	001b20ee
a1755d5c	001b2138
a177d3f3	001b214a
a17a02e8	001b216c
a17bee6a	001b2190
a1804649	001b21b0
a1811364	001b21e2
a182ecd6	001b21f6
a1830c0c	001b2224
a1852275	001b224a
a187a0d8	001b2276
a189cdb5	001b22d4
a18a0d5e	001b2320
a18a3da7	001b2354
a18ae1b1	001b238a
a18b4b09	001b23ca
a18cd759	001b23f4
a18d4c9d	001b241a
a18e5793	001b246c
a18e84f9	001b2488
a190c143	001b24e2
a194313e	001b2518
a195ab2c	001b2552
a196283b	001b2590
a1985a69	001b25b6
a19a3f6a	001b25d6
a19bf32d	001b261c
a19bfb97	001b263a
a19ef1f3	001b2658
a19ff203	001b2682
a1a4bc05	001b26ba
a1ab0336	001b26d6
a1ab2b19	001b2702
a1ac7ba1	001b274e
a1adeb44	001b2786
a1aea6f9	001b27b0
a1b26605	001b27ca
a1b539f9	001b2806
a1b7aa1a	001b2840
a1b942ce	001b2860
a1bb3012	001b28a4
a1bcdcd2	001b28ce
a1bd8ca3	001b291c
a1bec3f4	001b2934
a1c16f14	001b2956
a1c25002	001b297c
a1c3b832	001b29b0
a1c42564	001b29d6
a1c42b60	001b2a24
a1c48096	001b2a9e
a1c73079	001b2ae4
a1c9a999	001b2b14
a1ca7d05	001b2b5e
a1cac347	001b2bb4
a1d36d36	001b2bea
a1d40649	001b2c4e
a1d566cd	001b2c7a
a1d70b6f	001b2ca2
a1d7908c	001b2cce
a1dbcb22	001b2d02
a1dc647b	001b2d62
a1dc7dc5	001b2da0
a1ded109	001b2dce
a1df7242	001b2e1c
a1dfd767	001b2e46
a1dff09c	001b2e72
a1e1eff3	001b2e96
a1e2436e	001b2ed8
a1ea4920	001b2efe
a1eb03be	001b2f28
a1eb1764	001b2f58
a1eb3225	001b2f9c
a1ec7e2a	001b2fcc
a1f05bf9	001b3012
a1f0bfb5	001b304e
a1f15cac	001b3086
a1f74da0	001b30a2
a1f85f12	001b30d6
a1fb7951	001b311c
a1fb7d23	001b3146
a1fd9e35	001b3194
a1fe7888	001b31ce
a2006732	001b31f6
a2017568	001b3236
a201d944	001b325c
a203e011	001b329c
a2049539	001b32d0
a2073907	001b3332
a20c2048	001b3354
a20cb390	001b3374
a210dd71	001b33a2
a211222d	001b33c8
a2138dc2	001b33e6
a214aad8	001b3412
a215cfe5	001b342e
a2173229	001b3444
a2183e5c	001b3466
a2190f56	001b348c
a21a25f7	001b34b6
a21b4a88	001b34f0
a21b8307	001b34f0
a21b9d80	001b34f0
a21bc48b	001b3504
a21cf37e	001b353c
a21d53ea	001b3560
a21d75e3	001b3590
a21dad0c	001b35d6
a22054ee	001b3606
a222cfd6	001b3648
a2245d93	001b3690
a224ca16	001b36a6
a22abbab	001b36c8
a22aea4e	001b36e2
a22c4767	001b373e
a22c7df1	001b3772
a22c9a09	001b379c
a230c3c2	001b37d2
a23172d3	001b3814
a23190a4	001b3844
a2337440	001b386e
a236034a	001b3882
a2360813	001b38be
a236b3cc	001b38f2
a236cb6a	001b3938
a23724ad	001b396c
a238fcac	001b39b0
a23b10f1	001b39dc
a23d0b68	001b3a00
a23d13fe	001b3a64
a246bb7e	001b3a8e
a2482593	001b3aaa
a24a37f1	001b3ac0
a24ce337	001b3aea
a24e909e	001b3b48
a24fecaa	001b3b9e
a24fffd8	001b3bf2
a250dfc5	001b3c20
a2511477	001b3c9e
a2526822	001b3cce
a252ba2d	001b3d04
a2537420	001b3d30
a255819b	001b3d58
a25814d2	001b3d9a
a2583a0c	001b3dd8
a25a3dad	001b3dfc
a25ab38e	001b3e2c
a25b30a9	001b3e68
a25bb644	001b3e80
a25c8f4b	001b3ea6
a261d11a	001b3efc
a262f30c	001b3f10
a263bfc0	001b3f2e
a2646c11	001b3f8a
a264cbbe	001b3fd0
a2665935	001b4000
a266ecf7	001b4034
a267cca0	001b405e
a267e467	001b4076
a2694b80	001b4098
a269ccf1	001b40c0
a26b3ee8	001b40fa
a26d231d	001b412e
a26e7f99	001b4150
a271d245	001b4184
a2728f7d	001b41b6
a2729bc4	001b4200
a273a7b8	001b4220
a2744ca4	001b425c
a277b365	001b427e
a278f316	001b42a4
a27aa25c	001b42ee
a27cf72d	001b430e
a27ea99b	001b434c
a2824902	001b439c
a2835ad9	001b43b2
a284b591	001b4400
a28d366b	001b4438
a28d3d63	001b4468
a290f082	001b4484
a29183b9	001b44ae
a2919042	001b44e8
a291b108	001b4522
a2923811	001b4560
a292dd57	001b4586
a29505fe	001a7382
a2952496	000dd58e
a2953323	001a7382
a29557d8	000dd58e
a29560d3	000dd58e
a2957371	000dd58e
a2958908	001b45a8
a295bd00	000dd58e
a296c185	001b45f2
a29738b1	001b460a
a29761e8	001b4698
a29c817a	001b46ae
a29cb29b	001b46c6
a29fc635	001b46ea
a29fd9d3	001b4732
a2a2efb8	001b4776
a2a31009	001b47b8
a2a312b1	001b480e
a2a3872c	001b486a
a2a3b4b0	001b489e
a2a51435	001b48be
a2a55243	001b48fa
a2a6cb29	001b490a
a2a9f2f4	001b4936
a2ac009d	001b4958
a2ae1585	001b49a8
a2af0df3	001b49c6
a2af243d	001b49ea
a2af62af	001b4a04
a2aff8fe	001b4a20
a2b0e02c	001b4a46
a2b274b7	001b4a84
a2b2dd56	001b4ab6
a2b31607	001b4b00
a2b356d2	001b4b00
a2b3827b	001b4b14
a2b397eb	001b4b3c
a2b3d9a1	001b4b00
a2b3eab8	001b4b00
a2b3eef0	001b4b00
a2b3f80d	001b4b00
a2b42931	001b4b80
a2b792d5	001b4baa
a2b847f4	001b4bc6
a2bd0769	001b4be4
a2bd18d0	001b4c16
a2bfc626	001b4c38
a2c7053f	001b4c56
a2c74a03	001b4c7e
a2c9a878	001b4ca2
a2c9c437	001b4cd0
a2cb3e15	001b4ce8
a2cd0f29	001b4d2a
a2cd9c80	001b4d56
a2d17d3d	001b4d94
a2d2efab	001b4dda
a2d4261b	001b4e0a
a2d5096e	001b4e36
a2d751a5	001b4e62
a2d89d7b	001b4eb0
a2dd132a	000aaaac
a2dd1dea	000aaaac
a2dd2f67	000aaaac
a2dd3ac0	000aaaac
a2dd424b	000aaaac
a2dd4606	001b4ee0
a2dd461e	000aaaac
a2dd5231	000aaaac
a2dd56a2	001b4ee0
a2dd66de	000aaaac
a2dd686a	000aaaac
a2dd749d	001b4efa
a2dd7d2c	001b4ee0
a2dd7d36	001b4ee0
a2dd7e60	000aaaac
a2dee933	001b4f14
a2e12af4	001b4f56
a2e14f3b	001b4f88
a2e62f11	001b4fb0
a2e6bfb1	001b4fd0
a2e6d4bb	001b4ffa
a2e7ff44	001b501e
a2e9fc57	001b5046
a2ec8f46	001b50b6
a2ecb84b	001b50e6
a2eef26d	001b510a
a2f343e9	001b513e
a2f34aaa	001b5156
a2f34b9f	001b5170
a2f35710	001b513e
a2f3f649	001b5156
a2f50428	001b518e
a2f688c1	001b51ba
a2f6d1f0	001b5218
a2fa1e8b	001b5262
a2fe12ac	000674ba
a2fe7535	001b52a6
a2ffdb75	001b52d6
a30201a3	001b533a
a3045923	001b5354
a3064c2d	001b538e
a3067e92	001b53c8
a3068355	001b543a
a306f46c	001b5460
a30bf001	001b5494
a30de888	001b54e0
a30ecf96	001b550a
a310b79b	001b552e
a313de0c	001b5552
a315450a	001b558e
a315786a	0008c3e8
a3176073	001b55c0
a31a130a	001b5624
a31a3801	001b5656
a31ee64b	001b567e
a31fd2f1	001b56b2
a321770c	001b56ea
a3223293	001b572a
a3228438	001b576e
a3231414	001b57b8
a3232903	001b57de
a324004c	001b5820
a324b967	001b5854
a32523fa	001b5870
a3286da5	001b5892
a328f9ce	001b58da
a32a1ef3	001b5914
a32a6cc8	001b5978
a32aa23c	001b59a8
a32b4535	001b59f4
a331128e	001b5a20
a332205f	001b5a3c
a3361dc6	001b5a54
a3376724	001b5a94
a33978f7	001b5ac4
a33a927a	001b5af6
a33aa949	001b5b48
a33b2ab0	001b5b88
a33c35df	001b5bd4
a33d6e22	001b5c0a
a33db3f3	001b5c2e
a33fa8c5	001b5c86
a340cf2a	001b5cd4
a3413206	001b5d0a
a345da42	001b5d2e
a34754ac	001b5d4c
a34c08dc	001b5d6e
a34c2ef3	001b5dd4
a34d9d31	001b5e2a
a34f0104	001b5e58
a34f04d4	001b5e74
a3520e05	001b5eac
a353079b	001b5ecc
a3540eb2	001b5f20
a3550666	001b5f38
a355ce45	001b5f68
a3576eb5	001b5f94
a35cbb3b	001b5fb2
a35fa82d	001b5fd0
a36150df	001b5ff8
a36255a4	001b6012
a363b3f2	001b6042
a36400a0	001b6082
a365ef5b	001b60a4
a36c6171	001b60c8
a36cbb33	001b60ee
a36ee3a5	001b6112
a36eee5a	001b6142
a3734688	001b619e
a3762975	001b61be
a3775485	00077d3c
a37781c0	00077d3c
a37782fd	00077d3c
a3778c97	00077d3c
a3779ffa	00077d3c
a377aaf4	00077d3c
a377ac4d	00077d3c
a377b8d6	00077d3c
a377c381	00077d3c
a377d2ff	00077d3c
a377d7d3	001b6214
a377f1b7	00077d3c
a377f4fb	001b622c
a377fe7f	001b6244
a379695c	001b6264
a37b5c6c	001b6286
a37befc5	001b62ee
a37d45b8	001b6322
a37fccf6	001b6378
a38895db	001b6396
a38a9ddc	001b63b2
a38beb11	001b63e8
a38c8c29	001b6414
a38c9509	001b643a
a38de2de	001b6466
a392865d	001b64b8
a3937933	001b6500
a394090f	001b653e
a3945fa5	001b656e
a3952549	001b65b2
a3988b79	001b65ea
a39cbbbe	001b663e
a39cf603	001b6674
a3a0002b	001b66ca
a3a03e9a	001b66ca
a3a17d98	001b6734
a3a31354	001b6756
a3a38d64	001b679c
a3a59869	000a30a0
a3a607a0	001b67da
a3a68baa	001b680c
a3a68fb9	001b6820
a3a76b4a	001b6864
a3a9b04c	001b687e
a3adae67	001b68be
a3ae0e76	001b68de
a3b01b21	001b6912
a3b1d941	001b6996
a3b50f03	001b6a22
a3b8041b	001b6a42
a3b97579	001b6a88
a3b9ca5d	001b6ac4
a3ba9733	001b6ade
a3bae73a	001b6b2e
a3bc040d	001b6b5e
a3bc9cf3	001b6b90
a3c14d7f	001b6bb4
a3c166d8	001b6be0
a3c234e1	001b6c06
a3c4e054	001b6c28
a3c704f8	001b6c56
a3c78144	001b6c94
a3c92b76	001b6ce2
a3c9c3a0	001b6d12
a3ca5cd6	001b6d56
a3cb238b	001b6d84
a3ccc6b4	001b6daa
a3cd85cd	001b6e1a
a3d02afd	001b6e4c
a3d0a618	001b6e76
a3d1126f	001b6eae
a3d11d1a	001b6ec8
a3d1f873	001b6f1c
a3d30b5a	001b6f2a
a3d410ff	001b6f52
a3d578e0	0007c438
a3d63cf7	001b6f74
a3d6fd97	001b6fca
a3d9859f	001b6ff8
a3db3088	001b702a
a3dc5bbd	001b7044
a3dd9d84	001b7070
a3dfe43f	001b70cc
a3e2c857	001b70fa
a3e45755	001b7158
a3e525af	001b7184
a3e55fff	001b71a4
a3e6328e	001b721a
a3e8442b	001b7240
a3e88d90	001b7276
a3ebaa7e	001b72a8
a3ecdc28	001b72c6
a3ee3ee8	001b72dc
a3eea7ef	001b7346
a3ef4678	001b7378
a3f030f0	001b73b6
a3f4acf1	001b73de
a3f4e71d	001b73fa
a3f7c717	001b7422
a3f7f635	001b743a
a3f951bb	001b7468
a3f99f3e	001b749e
a3ff3de8	001b74d2
a4016651	001b7526
a401bc10	001b7542
a401bc4e	001b755e
a401f307	001b7578
a4027a70	001b7594
a404d42a	001b760e
a4084f1e	001b7698
a40a701d	001b76cc
a40f069a	001b7714
a4109931	001b7762
a4113ffe	001b7798
a41324ff	001b77ce
a41336bd	001b77f4
a4137de8	001b7828
a413e872	001b787c
a414aecf	001b78c0
a415b31a	001b78ee
a41643a2	001b791c
a417a14b	001b7956
a41851fb	001b799a
a4189c17	001b79c2
a41cba93	001b79f2
a41db756	001b7a2e
a42027bc	001b7a68
a4207099	001b7a8e
a4223e9b	001b7ad0
a4228da7	001b7b00
a422a116	001b7b2c
a422a891	001b7b54
a42355c0	001b7b9a
a4243062	001b7bc6
a424335d	001b7bc6
a424a07d	001b7bdc
a425d613	001b7c0a
a4267029	001b7c66
a4268fc2	001b7ca2
a428e0e9	001b7cfa
a42985c9	001b7d2c
a42a4366	001b7d74
a42a5733	001b7dd4
a42c5fcd	001b7e10
a42cafd5	001b7e4c
a42d6507	001b7e74
a42e2bdd	001b7e94
a42ff5c5	001b7ee0
a431ead8	001b7f1e
a4323a2e	001b7f68
a4331c77	001b7fbe
a4338db5	001b7fd2
a433b000	001b802e
a4350ac5	001b806a
a43532a1	001b806a
a43567fa	001b8088
a436b2aa	001b80ca
a438d6db	001b80ee
a4397ce8	001b8114
a439c3c0	001b8150
a43a41bc	001b818e
a43ab2a8	001b81b6
a43ae337	001b81d2
a43b610d	001b8202
a43e9770	001b8220
a43ea079	001b8246
a43f246c	001b826c
a43febf8	001b8290
a4410977	001b82d4
a4413ecf	001b82fe
a441c73e	001b8330
a441f370	001b836a
a44296bf	001b8394
a444ed65	001b83c4
a44555ca	001b841e
a445be31	001b8474
a445c024	001b848e
a4496f11	001b84a8
a44a2d4a	001b84d4
a44bacb5	001b8516
a44c0f9a	001b8528
a44e8577	001b8542
a44f031b	001b857c
a44f4b14	001b85aa
a4504867	001b85f0
a451b120	001b8620
a4521863	001b8648
a4554f08	001b8692
a4589a2f	001b86b0
a45b081d	001b86ce
a45c6267	001b86f8
a45dd7b7	001b8744
a45f8ff3	001b879e
a461135a	001b87b6
a4612f5e	001a9ab2
a461adbd	001b87e6
a46224c6	001b8808
a464e62c	001b8828
a46511ee	001b8854
a46521a0	001b8854
a46681b8	001b8884
a4685ea0	001b88a6
a4697d9b	001b88fe
a46b2353	001b8914
a46b2dae	001b8934
a46ba524	001b8952
a46c8b9d	001b8978
a46e5809	001b8994
a46ed041	001b89a4
a47060c7	0007c422
a4713067	0007c422
a4718b29	0007c422
a475bf1c	001b89cc
a478b01a	001b89ea
a478bafa	001b8a28
a479927e	001b8a4a
a47b64e3	001b8a76
a47cce3e	001b8aa6
a47d6f07	001b8ac8
a4844774	001b8b0c
a488b2a6	001b8b38
a48a7d80	001b8b6c
a48c230b	001b8b94
a48d350e	001b8bc2
a48d8e3b	001b8bec
a48df831	001b8c06
a4908eb5	001b8c2c
a4950356	001b8c4a
a495d6a9	001b8c9c
a496bb82	001b8cd8
a49762c8	001b8d16
a4987333	001b8d50
a498aef4	001b8d5c
a498bf4e	001b8d84
a4994a15	001b8dd4
a49ab8c1	001b8e02
a49ada52	001b8e26
a49c61b1	001b8e80
a49d3621	001b8eee
a49edb27	001b8f42
a49fbe61	001b8f54
a4a17c4e	001b8f80
a4a1812f	001b8fc2
a4a25c14	001b8fe2
a4a40439	000bb386
a4a442f3	000bb386
a4a4432a	000bb386
a4a44393	0009adee
a4a44a1e	001b9002
a4a44dcd	000bb386
a4a455d1	000bb386
a4a469e4	000bb386
a4a47191	000bb386
a4a4723a	000bb386
a4a47499	000bb386
a4a47902	000bb386
a4a4d6cc	000bb386
a4a4ffd3	000bb386
a4a5398f	001b904a
a4ad1bf7	001b9060
a4ad3fd4	001b9060
a4aef2dd	001b907c
a4af2810	001b90a2
a4afe6a7	001b90ce
a4b471c6	001b90f6
a4b56d86	001b9118
a4b7ac62	001b914c
a4b7f4cd	001b9180
a4b8f1f4	001b919e
a4bbd63c	001b920e
a4be8197	001b9242
a4c18e0b	001b925c
a4c2f7f6	001b929a
a4c351cc	001b92ca
a4c43582	001b92fa
a4c4a058	001b9312
a4c4bb5a	001b937a
a4c4f6fc	001b9394
a4c4ffa6	001b93ca
a4c7704c	001b93fe
a4c77d64	001b941c
a4cbb8a9	001b944a
a4cc9dc2	001b9468
a4ccbd7d	001b94a6
a4ccde0d	001b94c8
a4ccf320	001b94e8
a4cde8d0	001b9518
a4d17b89	001b9548
a4d1a83d	001b9576
a4d519dc	001b95e2
a4d62669	001b9642
a4d6f6e7	001b9688
a4d9028f	001b96ce
a4daa627	001b9702
a4dd46d6	001b971c
a4de4f1d	001b9728
a4de6653	001b9762
a4df409b	001b97a4
a4df80b5	001b97c8
a4dfb366	001b97f6
a4dfcec2	001b981a
a4e0d7f2	001b9850
a4e15525	001b98ac
a4e27b9c	001b98da
a4e2d59f	001b9924
a4e2d59f	001b9924
a4e68ae0	001b993a
a4ea134f	001b995a
a4eb23e9	001b9992
a4ed1d07	001b99b6
a4ed7d50	001b9a1c
a4ee6e24	001b9a58
a4efde5a	001b9a8c
a4f113f2	001b9ac4
a4f45b43	001b9ae6
a4f98327	001b9b3a
a4fab5d7	001b9b76
a4fff209	001b9be6
a501c009	001b9c06
a5035d70	001b9c3e
a5062924	001b9c8c
a50631d9	001b9cb8
a50706f7	001b9cdc
a507ae21	001b9cfa
a509b5d7	001b9d2e
a50c9e3b	001b9d66
a50d2fd0	001b9d8a
a5103639	001b9da2
a5130ee2	001b9dea
a514be4c	001b9e26
a5161d10	001b9e54
a5174be5	001b9e82
a5177615	001b9ec2
a5178889	001b9ee2
a5181536	001b9f12
a51b5fac	001b9f4a
a51d387a	001b9f7e
a51dbd80	001b9fbc
a51ee1ce	001b9ff0
a5288fbf	001ba044
a528e625	001ba0be
a530e2d5	001ba0da
a53212e4	001ba130
a5339fc1	001ba152
a533e691	001ba17c
a534a5ac	001ba1a8
a534a790	001ba1e0
a534f4ad	001ba206
a5369118	001ba242
a537336e	001ba276
a537f92b	001ba2b4
a5389545	001ba2d8
a5389843	001ba2f8
a5399691	001ba33c
a53ba729	001ba392
a53da3dd	001ba3e4
a5451b7e	001ba414
a545dd85	001ba438
a54920ee	001ba452
a54a4cc1	001ba486
a54a55a4	001ba4b2
a54bbeeb	001ba4e4
a54fbee4	001ba53c
a5500aa0	001ba558
a5524ce0	001ba57e
a5587d03	001ba5a0
a55ab8f9	001ba5c2
a55ae987	001ba5c2
a55bee66	001ba5f2
a55c7704	001ba610
a55d685b	001ba626
a55f917f	001ba660
a55fe481	001ba698
a55ff72c	001ba6b6
a56140e2	001ba6ce
a562c6eb	001ba6ee
a564634d	001ba70c
a56617e4	001ba726
a5661d8a	001ba75a
a568dc86	001ba7a6
a569a775	001ba7d4
a570b334	001ba812
a570beb3	001ba858
a5722f8c	001ba88c
a5756c3b	001ba8ce
a576c589	001ba912
a577db46	001ba93a
a578091d	001ba982
a5781501	001ba9a0
a57b48e2	001ba9ec
a57c1268	001baa04
a57cf54c	001baa38
a57d6727	001baa5c
a57e9826	001baade
a583150a	001baaf6
a5837733	001bab18
a5839bf2	001bab6c
a583cc28	001baba8
a5846215	001babe4
a5863377	001bac22
a587ed7e	001bac40
a58a853a	001bac5c
a58d5bd8	001bac7c
a58d6040	001bac9e
a58f7b6f	001bace6
a5919d93	001bad0a
a592783f	001bad2c
a594d604	001bad5c
a594f8ca	001bad94
a5966c60	001badc0
a59a5080	001bae04
a59a588d	001bae4c
a59c4dd8	001bae80
a59c5237	001baec2
a5a34b81	001baee4
a5a54884	001baf1e
a5a57748	001baf44
a5a5d71b	000e6ca4
a5a5dd12	000e6ca4
a5a7634f	001baf88
a5a76cfe	001bafdc
a5ab9047	001bb006
a5ac9494	001bb044
a5afcb35	001bb070
a5b016f1	001bb092
a5b037aa	001bb0be
a5b04e62	001bb0be
a5b04fb1	001bb0be
a5b077df	001bb0d6
a5b0d492	001bb0be
a5b0f941	001bb106
a5b37f49	001bb148
a5b381d0	001bb178
a5b58767	001bb1be
a5b66def	001bb1e8
a5b76849	001bb210
a5bce880	001bb27a
a5be094d	001bb29c
a5be892e	001bb312
a5c03fbc	001bb332
a5c2e2c6	001bb358
a5c30bf6	000921d4
a5c3979c	001bb36a
a5c3d8fd	001bb3b4
a5c49c15	001bb40a
a5c5016c	001bb426
a5cbf7b6	001bb45a
a5cc0e7a	001bb4b2
a5d07dac	001bb4da
a5d423a2	001bb524
a5d60559	001bb554
a5d67d38	001bb5ae
a5d6f50c	001bb5f6
a5d9fabb	001bb644
a5da63a0	001bb692
a5daaaaa	001bb692
a5dabc57	001bb692
a5dabcf8	001bb692
a5dc7406	001bb6b4
a5dcd43c	001bb6fe
a5dec6e8	001bb74c
a5e2434c	001bb792
a5e62e45	001bb7f6
a5e85140	001bb818
a5e95590	001bb85c
a5eb6bac	001bb876
a5ebd5c7	001bb8ee
a5ee8b92	001bb924
a5f057e5	001bb962
a5f19ca0	001bb98e
a5f2da44	001bb9cc
a5f5466a	001bba12
a5f5f7ff	001bba56
a5f84f5b	001bba7e
a5f906de	001bbab0
a5fb01cd	001bbad6
a5fbad97	001bbb04
a5ff10ed	001bbb2e
a602625a	001bbb4e
a6041c69	001bbb94
a6052a1a	001bbbaa
a606b981	001bbbee
a607586f	001bbc26
a60823b1	001bbc6e
a60986a2	001bbc9a
a60b5d35	001bbcba
a60d2d58	001bbcfc
a60e8d91	001bbd2e
a61054b3	001bbd6e
a613d04b	001bbd8a
a6148852	001bbdae
a615a31f	001bbde0
a616a044	001bbe14
a616a0cc	001bbe74
a6194414	001bbea8
a61acd30	001bbec8
a61d1b2b	001bbeea
a61d72f4	001bbf14
a61dfce6	001bbf54
a61e9cfd	001bbf9a
a6208a2b	001bbfda
a6214af8	001bc00e
a6264393	001bc028
a626a2be	001bc050
a626c413	001bc084
a627b66c	001bc0d4
a628b7cb	001bc0f8
a62999e1	001bc156
a62a8fd3	001bc1a0
a62b956d	001bc1d4
a62bc429	001bc1d4
a62ebbb7	001bc1ec
a630013c	001bc226
a63060e5	001bc25c
a632dd36	001bc292
a634d345	001bc2bc
a634f2dd	001bc2ec
a636411c	001bc326
a63643fe	001bc358
a637a018	001bc39a
a6386079	001bc3b2
a6388ffa	001bc3fc
a63bb002	001bc436
a63e6d80	001bc46c
a63e8cb6	001bc496
a6408134	001bc512
a641832e	001bc54a
a6422211	001bc586
a643205e	001bc59a
a6440b29	001bc5ac
a64782ce	001bc5e0
a64a680c	001bc5f4
a64a9ce0	001bc61c
a64d3e4d	001bc640
a64d8676	001bc664
a64dadb2	001bc67e
a64df712	001bc6b2
a64ebcc3	001bc702
a64f3a71	001bc730
a651c751	001bc780
a652759d	001bc7a6
a65305b4	001bc7cc
a655a1a1	001bc7fa
a655c82c	001bc834
a65ce8ea	001bc866
a65dfc01	001bc89e
a65f800e	001bc8e6
a66105d2	001bc908
a66106fa	001bc908
a6629514	000e6ca4
a662c079	001bc930
a66303a1	001bc9aa
a6636fc1	001bc9e2
a66371f7	001bca1a
a66415be	001bca3c
a66837c3	001bca56
a6683ce6	001bca8e
a668d328	001bcaa4
a66a3bc6	001bcabe
a66b0e38	001bcb1a
a66fbba2	001bcb34
a6709600	001bcb68
a670f02c	001bcba4
a6723582	001bcbd0
a673a9cc	001bcc1c
a6746446	001bcc42
a674ab47	001bcc64
a674cd51	001bcc84
a6753bf9	001bccb6
a675f25f	001bccec
a677c70d	001bcd2c
a67886e4	001bcd4e
a67db934	001bcdae
a67fb0fe	001bcdc6
a68391d3	001bcde8
a686c0ae	001bce12
a688f6ec	001bce34
a68c1876	001bce98
a68ca782	001bceba
a68d00b5	001bcf04
a68dd9c0	001bcf2e
a68ec5dd	001bcf42
a68f7fa6	001bcf68
a690910b	001bcfa4
a690a6f8	001bcfbc
a69115ef	001bcfde
a6916636	001bd01e
a692518d	001bd060
a6958b33	001bd078
a6978b08	001bd0a6
a699781d	001bd11e
a6997ff8	001bd15a
a69a2c82	001bd186
a6a219cc	001bd1c6
a6a4d14c	001bd1f8
a6a4fdb9	001bd224
a6a5699e	001bd278
a6a5b35d	001bd2ba
a6a735e6	001bd326
a6a798b7	001bd35e
a6a7ab00	001bd39a
a6aa20d4	001bd3f0
a6ad9b56	001bd432
a6ae022e	001bd48c
a6b024cc	001bd4ba
a6b05904	001bd4f8
a6b115ab	001bd54a
a6b22c55	001bd59a
a6b29503	001bd5c0
a6b2a709	001bd5c0
a6b2ef6c	001bd5d8
a6b31a24	001bd60e
a6b51c18	001bd63c
a6b648ba	001bd672
a6b67801	001bd6a0
a6b7dcdb	001bd6d2
a6b89f68	001bd6ee
a6b92f35	001bd714
a6bc3136	001bd736
a6bd27ca	001bd788
a6bdef88	001bd7a2
a6c16972	001bd7ce
a6c244ac	001bd7f8
a6c54486	001bd812
a6c5cfb9	001bd830
a6c6d627	001bd866
a6c7dab2	001bd8d2
a6c8e045	001bd8de
a6ca35c7	001bd916
a6cb5581	001bd948
a6cc8684	001bd97c
a6ccdf09	001bd9ba
a6cdafb9	001bd9e6
a6cf69eb	001bda22
a6cf6f4b	001bda52
a6d0d3af	001bda90
a6d34d0f	001bdad4
a6d4c968	001bdafc
a6d4ec6f	001bdb46
a6d5a1e9	001bdb7c
a6d65e53	001bdbae
a6d8ecf3	001bdbd8
a6d97647	001bdc06
a6de799d	001bdc38
a6e1327d	001bdc92
a6e21ab7	001bdd0c
a6e69aca	001bdd54
a6e78b4d	001bddaa
a6e91970	001bddce
a6e99c55	001bdde6
a6ea7a1f	001bde06
a6eb165f	001bde42
a6ef2d11	001bde90
a6f07553	001bdeaa
a6f1e3bf	001bdedc
a6f2d4cb	001bdf26
a6f4a5e8	001bdf44
a6f4b814	001bdf44
a6f4be76	001bdf44
a6f4d00f	001bdf44
a6f6197a	001bdfa0
a6f75cc0	001bdfd8
a6f8afd4	001be040
a6fa53cb	001be05c
a6fae0d8	001be074
a6fbc95f	001be0b0
a6ff1088	001be0da
a7018afd	001be128
a703365a	001be156
a703c7cd	001be192
a7046a9b	001be1bc
a704b9f5	001be1dc
a704ff14	001be258
a7059994	001be28a
a7067244	001be2e6
a706f71f	001be312
a707a69e	001be334
a7085a3c	001be346
a70c4b70	001be378
a70d9532	001be3d2
a70ea77a	001be406
a71084c7	001be42e
a7114f61	001be46c
a7120f85	001be4bc
a7124d76	001be4e0
a713b61b	001be528
a713d3eb	001be558
a71440e0	001be58c
a7160535	001be5b8
a7179778	001be5ec
a7180761	001be630
a718995c	001be66a
a7198eef	001be6ac
a71a11db	001be6e2
a71af61a	001be708
a71eb656	001be734
a720fda3	001be764
a723c2b1	001be78a
a723cd08	001be7c8
a724f25c	001be7ee
a7284ce6	001be83c
a7289857	001be85a
a72abdba	001be88e
a72bf751	001be8c2
a72cfaed	001be906
a72e963b	001be92e
a72ee1f4	001be952
a7339835	001be982
a733b4b2	001be982
a7364131	001be9c0
a737b909	001be9e0
a7386ba1	001bea12
a73b71d3	001bea3c
a73cf448	001bea60
a73dc43a	001bea70
a73ffeb3	001bea94
a74046ad	001bead0
a74071a8	001beb16
a740a047	001beb52
a7429195	001beb6e
a74295a9	001bebb4
a742ddf9	001bebde
a743114d	001bec0e
a746a920	001bec5c
a748ed1c	001bec72
a7497f62	001becaa
a74a182c	001becc8
a74a4149	001becf0
a74a737f	001bed2e
a74fcd2b	001bed48
a750c4e2	001bed86
a7524a49	001bed9a
a753abd2	001bedca
a75655a1	001bee16
a756d1b7	001bee38
a756dc41	001bee58
a7578a19	001bee92
a75c7440	001beeb2
a76006f1	001beee6
a7617573	001bef14
a7627942	001bef44
a762d4d2	001bef76
a7637d5d	001bef8e
a7670078	001beffa
a7676302	001bf02c
a7677740	001bf06c
a76cb189	001bf0aa
a76f1ea8	001bf0d4
a773e8c7	001bf106
a774f7b5	001bf130
a7781852	001bf166
a77a20c1	001bf188
a77a4a40	001bf1b0
a77ad45a	001bf21c
a77fe276	001bf276
a7814928	001bf29a
a782cd54	001bf2ce
a78481d8	001bf31c
a784afcc	00081ef8
a784b8b5	00081ef8
a7852eca	001bf330
a7854963	001bf364
a785e3d5	001bf3a6
a786ba15	001bf3e0
a788d31b	001bf42e
a789b36a	001bf454
a78c1ac0	001bf498
a78e22bf	001bf4e0
a78f7684	001bf534
a78fd254	001bf558
a79125f9	001bf584
a7945e5a	001bf5be
a7948471	001bf5f0
a79580d2	001bf612
a7958526	001bf64c
a798c7c8	001bf672
a799e67c	001bf68c
a79d35c0	001bf6a6
a79ec837	001bf6c4
a7a1a613	001bf706
a7a2dc2e	001bf71c
a7a3fe72	001bf72e
a7a6a1bd	001bf770
a7a7f8a1	001bf7a0
a7a85197	001bf7f2
a7a9e46c	001bf822
a7abdeba	001bf85a
a7ad7530	001bf882
a7aee146	001bf89c
a7b18ecb	001bf8c4
a7b27d84	001bf8f0
a7b2c93a	001bf90a
a7b3283b	001bf93a
a7b40d85	001bf980
a7b4e30b	001bf9b0
a7b63c7d	001bf9dc
a7b63ef8	001bf9fa
a7b73155	001bfa18
a7b7ac46	001bfa5a
a7b8b686	001bfa7c
a7b957df	001bfaba
a7ba97d3	001bfacc
a7bb1b56	001bfb0a
a7c07a73	001bfb2c
a7c22f2f	001bfb60
a7c2bc82	001bfba6
a7c73ceb	001bfbe8
a7c7d69e	001bfc26
a7c9e89c	001bfc68
a7cba29c	001bfcc2
a7cc3734	001bfcde
a7cfb02e	001bfd00
a7d5f636	001bfd40
a7d6d4b6	001bfd64
a7d7c231	001bfdb8
a7d88781	001bfdde
a7db3f6b	001bfe06
a7dc1ce5	001bfe32
a7dc4c71	001bfe62
a7dcbebc	001bfeb0
a7e32ae3	001bff06
a7e38816	001bff24
a7e41233	001bff5a
a7e5b653	001bff90
a7e65ea9	001bfff0
a7e8748b	001c0036
a7e8d2ec	001c004c
a7ebc118	001c006e
a7ef309c	001c00a0
a7f0a694	001c00d2
a7f24796	001c00f2
a7f60844	001c0168
a7f68966	001c0188
a7ffbbf1	001c01a8
a7ffcc47	001c01cc
a8011d9d	001c01ea
a8033ae6	001c0208
a803d620	001c0250
a8089849	001c0282
a8095e32	001c02ba
a80ab2a0	000852a0
a80b0ee9	001c02f0
a80b25fb	001c032e
a80eaad2	001c0346
a80f4724	001c0366
a80fcde8	001c0390
a80ff9f2	001c03c8
a81179a5	001c03e6
a816baee	001c040c
a817ec05	001c0468
a8197047	001c04ce
a819ae75	001c04ec
a81b0ac4	001c052e
a81b93a7	001c055c
a81e1836	001c0576
a81ed6d4	001c05f2
a81ef61b	001c062c
a820158f	001c0658
a82047de	001c067a
a820d1dc	001c06b8
a8223a23	001c06d6
a8238d07	001c06f8
a8244c26	001c0724
a824d6ee	001c073e
a8267ce9	001c079a
a827fc02	001c07b6
a828adbe	001c07d2
a829355d	001c0806
a82c3519	001c0844
a82dd9ec	001c085c
a82e8aff	001c089e
a82f62b4	001c08e0
a82ff8f3	001c08fe
a83147a2	001c092a
a834aab5	001c0962
a836aab8	001c0986
a8373e11	001c09c6
a83bd4a3	001c09da
a83cce1c	001c0a0a
a83dde29	001c0a3c
a83e860d	001c0a5c
a840ecef	001c0a90
a84145f6	001c0b16
a8421e36	001c0b3a
a843813a	001c0b64
a8439072	001c0b86
a843d17a	001c0ba4
a8444db5	001c0bd0
a844f4dd	001c0c12
a845ba5c	001c0c3a
a845d88b	001c0c4e
a8484e1d	001c0c6a
a84b17f3	001c0cd0
a84d126d	001c0d1c
a8514589	001c0d48
a853578c	001c0d64
a85376f8	001c0d82
a853f268	001c0dd8
a855d48d	001c0e02
a8563202	00174976
a85783ef	001c0e16
a8583c89	001c0e2e
a85a7fc0	001c0e92
a85c4520	001c0eca
a85c762b	001c0ef0
a85d6030	001c0f6c
a85dcbef	001c0f98
a85e4c35	001c0fb6
a85f2de1	001c0ff8
a86241b6	001c103a
a8624794	001c103a
a865f208	001c105e
a86655fa	001c10aa
a866af12	001c10e0
a869e7ba	001c1126
a86b5dcd	001c1160
a86bdad2	001c1174
a86c3624	001c1192
a86d2210	001c11ca
a86d45f5	000948fe
a86d85c7	001c123c
a86ddc19	001c1250
a8706406	001c1266
a8719ab3	001c12a2
a8725c16	001c12da
a875b6d7	001c131e
a876add5	001c134a
a876ff54	001c1378
a87a01ab	001c13b0
a87cd0bf	001c13da
a87d987a	001c141c
a87dd34b	001c1460
a8803d41	001c14b6
a8814e19	001c14d0
a88152a5	001c1512
a881eec8	000d0196
a885ac75	001c153e
a885d42f	001c1562
a885e681	001c15a4
a886f327	001c15dc
a88b0af2	001c161a
a88b1c3e	001c165e
a88cceab	001c16c2
a891360e	001c16f0
a8914b39	001c16f0
a892d5f0	001c170c
a89368a4	001c173e
a893a1da	001c1776
a893f80f	001c17b2
a8940af5	001c17f8
a894917c	001c181c
a894e464	001c1876
a8954662	001c18a2
a89923c6	001c18d0
a8997b66	001c18f8
a8998d0e	001c190e
a89a0718	001c1962
a89a657d	001c1982
a89a6f7f	001c19d6
a89b7df2	001c19fc
a89cb449	001c1a2e
a8a0f25a	001c1a54
a8a40094	001c1a74
a8a460cf	001c1acc
a8a5b8c0	001c1af6
a8a63382	001c1b34
a8a90e10	001c1b6c
a8aa4768	001c1b8c
a8ad1f2f	001c1bd2
a8ae408f	001c1bf2
a8aee99a	001c1c18
a8af9e49	001c1c42
a8b18922	001c1c6e
a8b3e221	001c1c8a
a8b41ddc	001c1cb6
a8b92012	001c1cea
a8ba43d2	001c1d32
a8baff1e	001c1d5a
a8bd54ed	001c1d8c
a8c05273	001c1df6
a8c2613d	001c1e1c
a8c3fc46	001c1e5a
a8c81da8	001c1e96
a8c8f8e2	001c1ec2
a8ca48d0	001c1f02
a8cbb5a8	001c1f32
a8cbc903	001c1f70
a8cc3262	001c1f8e
a8cc797a	001c1fc8
a8ccc0cf	001c2008
a8ce0fc3	001c203a
a8ce5300	001c2060
a8cead61	001c209a
a8d40db5	001c20b8
a8d85a36	001c20dc
a8db8dd0	001c2114
a8dd5efc	001c213e
a8dd7ff4	001c216a
a8e048e7	001c21a4
a8e1666e	001c21d0
a8e1d295	001c220e
a8e55fd3	001c2234
a8e60b0a	001c225e
a8e620f1	001c225e
a8e70c36	001c2274
a8e89db8	001c2290
a8e9ba25	001c22b6
a8eb5037	00072b40
a8ec4863	001c22da
a8eec41d	001c230e
a8eef865	001c2332
a8f09e6d	001c2358
a8f0cfa7	001c2382
a8f10ea6	001c241a
a8f392ce	001c2440
a8f435d4	001c2474
a8f436d9	001c2496
a8f555a9	001c24ee
a8f7cff6	001c2512
a8f7e4ce	001c2560
a8f89885	001c2582
a8f9a42a	001c25b2
a8fa3b69	001c25d8
a8faddfa	001c2612
a8fb0621	001c264e
a8fbabea	001c2670
a8fc0a38	001c26aa
a8fce7a8	001c26d6
a8fdd303	001c2720
a8fee137	001c2750
a8ff892d	001c276c
a8ffea22	001c279a
a9026d8d	001c27ec
a906c260	001c281c
a9088c5e	001c2868
a908b8b0	001c2882
a90a519a	001c28b6
a90b9b53	001c28f4
a90ba11e	001c2938
a90c8ac9	001c295a
a90f0b1d	001c298c
a91081d8	001c29ca
a910aa50	001c29f8
a910cc61	001c2a5c
a91133b1	001c2ab0
a912ae52	001c2ad4
a9134487	001c2b02
a913b1ca	001c2b1e
a915086c	001c2b84
a91d08ec	001c2ba4
a91d3242	001c2be8
a92164b1	001c2c14
a9231db1	001c2c82
a924558c	001c2cb2
a9256fae	001c2cf4
a9278519	001c2d0c
a928004b	001c2d6e
a929c35f	001c2da6
a929ebea	001c2de6
a92b49bc	001c2e16
a92cb442	001c2e42
a92cb783	001c2e5c
a92cccf3	001c2e92
a92d25fe	001c2ef0
a92ffbcb	001c2f46
a930fba3	001c2f72
a9312549	001c2f90
a931c17e	001c2fb2
a933a08c	001c2fea
a933ab7b	001c304e
a933b475	001c30a2
a9342282	001c30d8
a9365259	001c3104
a9366693	001c3148
a936aa48	001c318a
a938604a	001c31b8
a939f1e6	001c31e4
a939f701	001c3206
a93af238	001c321c
a93afa09	001c3256
a93c4991	001c3272
a93f1f45	001c3292
a9411e20	001c32e2
a943aca0	001c331a
a9471441	001c3360
a949d3fa	001c33bc
a94b3522	001c33dc
a94b7285	001c33f4
a94c7ab2	001c3444
a94dbfc4	001c34b4
a94f1e30	001c34d8
a9502172	001c3528
a950a18c	001c3540
a9523c5c	001c3570
a957fd67	001c35b4
a9588728	001c35d8
a959cafc	001c3600
a95c3c9e	001c3628
a9604ee4	001c3652
a9608937	001c368e
a9616652	001c36c4
a9677678	001c3702
a9687cdc	001c372e
a968a724	001c374c
a968c162	001c3772
a968c22c	001c3772
a968c52e	001c3772
a968c765	001c3772
a968d07c	001c3790
a968dea9	001c3772
a968f253	001c37ac
a96a8cbe	001c37fc
a96be363	001c3838
a96dcb6c	001c3850
a96e0eee	001c38ac
a9718056	001c38f8
a971832f	001c38f8
a9721898	001c393a
a972d0ff	001c3966
a9746077	001c3990
a975409e	001c39c2
a97580a2	001c3a06
a97780de	001c3a22
a97e0fa6	001c3a52
a9824354	001c3a94
a98275d0	001c3ad4
a983d850	001c3afc
a984099c	001c3b4a
a984117f	001c3b4a
a98417c7	001c3b4a
a9841c2e	001c3b4a
a98436bb	001c3b4a
a9843acb	001c3b4a
a9845caf	001c3b4a
a98488cb	001c3b4a
a9848c0b	001c3b4a
a9849342	001c3b4a
a984a1e4	001c3b4a
a984a710	001c3b4a
a984a92f	001c3b4a
a984a976	001c3b4a
a984aa80	001c3b4a
a984af4e	001c3b4a
a984c4a9	001c3b4a
a984c8e3	001c3b4a
a984cbec	001c3b4a
a984cced	001c3b4a
a984d1c0	001c3b4a
a984e0b9	001c3b4a
a984e92f	001c3b4a
a984f267	001c3b4a
a9852e5e	001c3b5c
a987d24d	001c3b7c
a98ddd19	001c3bce
a98e1aef	001c3c00
a98e1bb6	001c3c24
a98ee44b	001c3c84
a98f3188	001c3c98
a98f9837	001c3cdc
a991cadf	001c3cfa
a993bd2c	001c3d6c
a9952171	001c3d96
a995e153	001c3db6
a9998192	001c3dea
a99b02c3	001c3e08
a9a0e2ee	001c3e42
a9a37c71	001c3e78
a9a43ce3	001c3eb0
a9a55c08	001c3edc
a9a5a887	001c3f22
a9a67a25	001c3f58
a9a70625	001c3f8a
a9a8f918	001c3fba
a9ae2311	001c3fec
a9ae6179	001c4034
a9ae6b39	001c4082
a9ae92f3	001c40c4
a9affd0b	001c410c
a9affe97	001c4128
a9b035b3	001c4144
a9b2a1ce	001c4160
a9b382fb	001c41c2
a9b3d04a	001c41fc
a9b503b7	001c423a
a9b80b6e	001c4290
a9bb5e92	001c42aa
a9bc7ce4	001c42d8
a9bcf486	001c4300
a9bd729e	001c4334
a9c32d68	001c4366
a9c5dc0b	001c43b2
a9c68c84	001c43e4
a9c86198	001c4400
a9cc6184	001c443e
a9cd1902	001c445a
a9ce9f65	001c447e
a9cf2cdf	001c44b8
a9cf82f8	001c44e0
a9d09ab4	001c452e
a9d20c96	001c455e
a9d32739	001c4592
a9d4630d	001c45ee
a9d57801	001c461e
a9d817bd	001c4660
a9d95344	001c4680
a9dbef2f	001c46b0
a9de6d14	001c46e0
a9e0be05	001c472a
a9e1c830	001c4740
a9e20bfb	001c4764
a9e4422c	001c47aa
a9e5270b	001c47e0
a9ebb95b	001c4816
a9ec517e	001c48a6
a9ec7d41	001c48ca
a9ed08bc	001c48e4
a9ee9611	001c490e
a9f0289f	001c495e
a9f43f9e	001c4994
a9f467ce	001c49ae
a9f506cc	001c49da
a9f57afa	001c4a32
a9f99393	001c4a6e
a9fbe1ba	001c4a9e
aa008486	001c4ac2
aa012ac4	001c4afe
aa02ca82	001c4b76
aa02ec74	001c4b98
aa04e5bb	001c4bd2
aa05dad5	001c4c06
aa064958	001c4c2a
aa067e87	001c4c58
aa0ee57b	001c4c7c
aa0f7f71	001c4ca4
aa0fc4eb	001c4cce
aa18d6f7	001c4cfe
aa1df002	001c4d22
aa1f4841	001c4d54
aa2368fe	001c4d6c
aa23ae98	001c4daa
aa26d44c	001c4df4
aa29c7bc	001c4e1a
aa2a486b	001c4e6a
aa2ab0aa	001c4e8e
aa2d90af	001c4ebe
aa2e8497	001c4edc
aa311388	001c4ef6
aa320f8f	001c4f1c
aa329799	001c4f54
aa36f9b0	001c4f7a
aa372766	001c4f9a
aa37e36d	001c4fca
aa382226	001c5006
aa3a2b2c	001c503c
aa3b4892	001c5060
aa3d0ec1	001c5082
aa3f0655	00110e50
aa3fc2a4	001c50a4
aa3fc3af	001c50a4
aa40c4ce	001c50ca
aa41011a	001c50f0
aa41923b	001c512e
aa4200d6	001c515c
aa435505	001c5180
aa45ab0f	001c51a4
aa469f62	001c51f4
aa46e4ce	001c522a
aa481d12	001c5266
aa497610	001c528a
aa4a57e5	001c52aa
aa4ad15c	001c52da
aa4b728a	001c52f6
aa4be579	001c532e
aa4c2c67	001c535c
aa4e6f05	001c5374
aa4e8944	001c53a0
aa50c00b	001c5438
aa52ecb2	001c5478
aa53002a	001c54a2
aa545fe3	001c54f6
aa563be3	001c5518
aa565987	001c5540
aa5f326d	001c5584
aa6220e2	001c55b4
aa663729	001c55e2
aa6689d4	001c55e2
aa66b243	001c55e2
aa683219	001c55fa
aa692434	001c561c
aa6977ae	001c5636
aa698d3d	001c5654
aa69e5bc	001c5676
aa6a05de	001c568c
aa6c8484	001c56c0
aa6fdb64	001c5722
aa6fe645	001c577a
aa700939	001c57ce
aa70de62	001c57f0
aa7252f7	001c584c
aa741bef	001c588e
aa7478b0	001c58a6
aa74beaf	001c58a6
aa776a19	001c58be
aa78d6ca	001c58d8
aa7a40a7	001c58fa
aa7b76ca	001c5932
aa7c6f7a	001c594e
aa7df5f0	001c599a
aa7ea84a	001c59de
aa80ed7c	001c5a0a
aa82b655	001c5a62
aa85b070	000e6ca4
aa85f7ef	000e6ca4
aa8723f0	001c5a8e
aa87dc6b	001c5aea
aa884b9b	001c5b04
aa8943fc	001c5b32
aa89e879	001c5b5a
aa8aa9d9	001c5b8e
aa8ba0c9	001c5bb4
aa8bab91	001c5be4
aa8f5fbb	001c5c16
aa90f86f	001c5c4e
aa919060	001c5c86
aa91ff22	001c5cb4
aa935e68	001c5cca
aa952833	001c5cfa
aa96fe41	001c5d16
aa974690	001c5d3a
aa98a840	001c5d88
aa98cac8	001c5dfa
aa99963e	001c5e3e
aa99f754	001c5e5c
aa9a5f14	001c5eaa
aa9ad31b	001c5ee2
aa9b46c1	001c5f0e
aaa0f93c	001c5f3e
aaa1571c	001c5fa4
aaa1ecce	001c5fd2
aaa2e4a1	001c600c
aaa72673	001c6036
aaa897c9	001c606e
aaa93ec2	001c60aa
aaab2b2c	001c60f0
aaac9260	001c6150
aaad6ae7	001c6176
aaae481a	001c61b0
aab0707c	001c61e4
aab38bb8	001c620e
aabcffdf	001c6240
aabd638d	001c6262
aabfbf34	001c6298
aac22ea9	001c62cc
aac3e518	001c62f6
aac416d1	001c6324
aac4fc2e	001c6350
aac623e4	001c6370
aac67038	001c63c4
aac808f8	001c63f6
aac823c3	001c642a
aac87a54	001c6456
aacffb0b	001c647e
aad10573	001c64b0
aad38803	001c64ca
aad6d59f	001c64f0
aad78add	0010cb3a
aad7c70e	001c6516
aad7ee53	001c654c
aadc163e	001c6562
aadc18d4	001c657e
aadefa94	001c65b0
aae0684a	001c65c8
aae2064b	001c65f4
aae5589d	001c6628
aae78ba8	001c665c
aaeb7693	001c6684
aaf27ed7	001c66b8
aaf4f538	001c66e2
aaf7af19	001c66fe
aaf97ec3	001c6738
aafbd52f	001c6790
aafe6981	001c67b6
aaff8e09	001c67ec
ab00dde7	001c682e
ab010495	001c6856
ab02c3d0	001c6886
ab030d0e	001c68d0
ab032f20	001c6906
ab039c14	001c691c
ab03d226	001c6938
ab03fbdc	001c694e
ab04be6a	001c6962
ab07d84f	001c69b8
ab09e643	001c69ee
ab0a54ed	001c6a0c
ab0bfd33	001c6a5a
ab0d5b86	001c6a9e
ab10423b	001c6abe
ab106c68	001c6ae6
ab126672	001c6b22
ab158822	001c6b3e
ab179ec9	001c6b6e
ab1accef	001c6b98
ab1eb6c9	001c6bc4
ab20facb	001c6c18
ab215cc0	001c6c48
ab22ad82	001c6c74
ab24ac67	001c6c98
ab266fa4	001c6cb8
ab2d8186	001c6d10
ab2e5866	001c6d4c
ab2eddf8	001c6da2
ab2f43be	001c6df4
ab303590	001c6e28
ab3092f5	001c6e8c
ab30c799	001c6eaa
ab320360	001c6ed6
ab326c1e	001c6ef8
ab3384cf	001c6f1a
ab36035a	001c6f5a
ab37590a	001c6f9c
ab377b8c	001c6fbc
ab387471	001c6fee
ab38b9e1	001c7024
ab3a15ed	001c704c
ab3dc994	001c706c
ab41289d	001c708c
ab41c5c5	001c70c6
ab437a85	001c7108
ab46b289	001c713c
ab46c530	001c7164
ab480f3c	001c71a0
ab48286b	001c71ca
ab48a5f9	001c71ec
ab493c53	001c720a
ab493edd	001c722a
ab4b0e32	001c725e
ab4d512e	001c72c8
ab4d760a	001c72fa
ab4d7b24	001c734a
ab50bdbc	001c7370
ab51bc01	001c7386
ab531141	001c73be
ab545857	001c7406
ab5500e2	001c7442
ab551b8e	001c7460
ab564146	001c748a
ab5725d8	001c74ca
ab5892ca	001c74e8
ab58b39a	001c7506
ab59d7a7	001c7576
ab5a9195	001c759a
ab5b665b	001c75e6
ab5b6bad	001c75fe
ab5b6fb5	001c7616
ab5b7ce9	001c75fe
ab5dda93	001c767c
ab5e45f0	001c76d0
ab5e6e79	001c76fa
ab61d8f1	001c773a
ab64672c	001c7768
ab6583c4	001c77a4
ab66858b	001c77c2
ab6b5b24	001c7806
ab6c901b	001c7816
ab6c9eef	001c7842
ab6e2420	001c787a
ab6ed80f	001c78a2
ab703916	001c7904
ab706928	001c792a
ab75a55d	001c795c
ab78b42c	001c797a
ab78b48c	001c799c
ab78ea50	001c79cc
ab7a9033	001c7a02
ab7c9930	001c7a2a
ab7da781	001c7a66
ab7fcf5d	001c7a94
ab814b2c	001c7ac4
ab8465a0	001c7aea
ab85d76f	001c7b0a
ab88d806	001c7b82
ab895c4a	001c7bba
ab89908a	001c7be2
ab89964d	001c7c38
ab8c8830	001c7c5a
ab8ccbd6	001c7c9c
ab8ce97c	001c7cd6
ab8e3798	001c7d1e
ab94f4c2	001c7d40
ab98adfe	001c7d62
ab9a0c4d	001c7da0
ab9ba982	001c7dca
ab9f4050	001c7dec
ab9fa0f5	001c7e18
aba06de3	001c7e34
aba1f057	001c7e88
aba3c932	001c7eaa
aba580ea	001c7ef2
aba9eeb3	001c7f10
abaa71a3	001c7f34
ababdcc6	001c7f7a
abada6b1	001c7fa2
abb18791	001c7fbc
abb1b13c	001c7fd8
abb2f153	001c8000
abb6857a	001c8038
abb83431	001b8994
abb99ee9	001c8058
abba7953	001c806a
abbd6e7a	001c8090
abbe0cbd	001c80c2
abbe9069	001c80f2
abbfedb2	001c8122
abc0e552	001c815e
abc1164d	001c817e
abc126a2	001c81c4
abc2019d	001c8204
abc36638	001c8222
abc61b21	001c8288
abc68248	001c82d2
abc6cc53	001c82e6
abc78d60	001c830a
abc8ba4a	001c833e
abca7130	001c838c
abcb1ec4	001c83aa
abcb2930	001c83d4
abcb4cb1	001c83d4
abcc70d0	001c8410
abccc3a5	001c8426
abcd4eb2	001c8458
abce4669	001c847e
abd16be2	001c84a4
abd1dfca	001c84d8
abd30e3c	001c8506
abd3d3ab	001c8520
abd52957	001c855c
abd6f47d	001c8580
abd76267	001c859c
abd83521	001c85ce
abd9e983	001c8600
abdad09b	001c8630
abdfb616	001c864c
abe2f16a	001c8666
abe503a5	00100f7a
abe5051f	00100f7a
abe50763	00100f7a
abe50a57	00100f7a
abe50c5a	00100f7a
abe50d52	00100f7a
abe50e61	00100f7a
abe50ede	00100f7a
abe5125c	00100f7a
abe5125e	00100f7a
abe5167f	00100f7a
abe51840	00100f7a
abe518ac	00100f7a
abe51c0b	00100f7a
abe51e7f	00100f7a
abe51ee9	00100f7a
abe51fd8	00100f7a
abe523f0	00100f7a
abe5325e	00100f7a
abe53652	00100f7a
abe53ee6	00100f7a
abe541ba	00100f7a
abe54541	00100f7a
abe545b1	00100f7a
abe54737	00100f7a
abe54dcc	00100f7a
abe55068	00100f7a
abe556d9	00100f7a
abe558d0	00100f7a
abe55a51	00100f7a
abe55bbd	00100f7a
abe55e94	00100f7a
abe5606a	00100f7a
abe562c1	00100f7a
abe565ec	00100f7a
abe56bdb	00100f7a
abe56e47	00100f7a
abe577f6	00100f7a
abe57b66	00100f7a
abe57e38	00100f7a
abe57f5e	00100f7a
abe586e3	00100f7a
abe5c0ba	00100f7a
abe5c99a	00100f7a
abe5cd68	00100f7a
abe5d00c	00100f7a
abe5d65b	00100f7a
abe5d946	00100f7a
abe5d9fb	00100f7a
abe5dc94	00100f7a
abe5ebc6	00100f7a
abe83eb9	001c8688
abecb408	001c86a0
abecfad0	001c86e2
abed7f3b	001c872a
abeee208	001c8756
abf2091c	001c8786
abf27098	001c87ae
abf3b260	001c87ca
abf4c57a	001c87f4
abf6b944	001c882a
abf8f04b	001c887e
abfc054e	001c889e
abfc1cdc	001c88dc
abfcafee	001c8932
abfd3b53	001c8992
ac006ba0	001c89f2
ac00c59e	001c8a36
ac0262c9	001c8a5a
ac059baa	001c8aa8
ac0733e5	001c8ae8
ac08f0e4	001c8b1e
ac0ad0d5	001c8b8a
ac0e605b	001c8bca
ac0e994d	001c8bf6
ac122ac3	001c8c30
ac126931	001c8c90
ac13c85f	001c8cc6
ac144bce	001c8d06
ac148047	001c8d1e
ac15618d	001c8d64
ac178488	001c8d98
ac17b1ec	001c8dbe
ac18d4d1	001c8e08
ac1b7e99	001c8e84
ac1bddfa	001c8f0c
ac1c6a6e	001c8f46
ac20352a	001c8f78
ac25132e	001c8faa
ac278dd4	001c8fd6
ac27cf38	001c900c
ac27eb78	001c903e
ac2881e3	001c905a
ac28bd4e	001c908e
ac2912da	001c90c8
ac2bf7ed	001c910c
ac2f6b85	001c9134
ac301562	001c9170
ac303478	001c9192
ac312d2d	001c91b8
ac32ffc4	001c91e2
ac33dd5c	001c920c
ac3577c5	001c923e
ac39ea0b	001c925c
ac3be7d6	001c92a2
ac3c7d42	001c92f0
ac3ec5e5	001c9318
ac40404b	001c9358
ac404711	001c93d8
ac42294c	001c93fc
ac4415c9	001c9484
ac445960	001c94b0
ac44b883	001c94ec
ac457d0a	001c9520
ac466515	001c954c
ac470efd	001c9598
ac4886b4	001c95c8
ac499112	001c9624
ac49c0e5	001c9674
ac4aa17e	001c9694
ac4cfab1	001c96c6
ac4cff33	001c96f0
ac4e2aab	001c9722
ac4e6e5f	001c9760
ac4f9099	001c9790
ac4ffeda	001c97dc
ac50e77b	001c980c
ac51bfba	001c9844
ac522e8c	001c985a
ac52b18a	001c989c
ac531b74	001c98ce
ac53a8c4	001c990e
ac54093f	001c9928
ac56f5b9	001c996c
ac57ee3e	001c9992
ac58149a	001c99da
ac59161b	001c9a30
ac592a55	001c9a50
ac5b10cd	001c9a76
ac5b2d52	001c9a90
ac5b36db	001c9abc
ac5ba155	00087430
ac5bed5a	001c9ada
ac5ca1a7	001c9b2a
ac5dfb1e	001c9b56
ac5fc9a5	001c9b86
ac610c9a	001c9bb2
ac64b487	001c9c1a
ac65b8bb	001c9c4e
ac65c402	001c9c74
ac674086	001c9cac
ac6ba5fd	001c9cfc
ac6be426	001c9d16
ac6c89e4	001c9d48
ac6e6c22	001c9d88
ac6e6dd9	001c9d88
ac6fb25d	001c9da2
ac6fbbb8	001c9ddc
ac6fbd01	001c9e12
ac72b34e	001c9e68
ac72ddda	001c9e90
ac72efee	001c9ed6
ac747b52	001c9f0c
ac75e690	001c9f2e
ac75f2c4	001c9f68
ac79e45f	001c9f88
ac79f848	001c9fbc
ac7acd54	001c9fdc
ac7b05ee	001ca004
ac7bf4ec	001ca062
ac7c848e	001ca08c
ac7d827f	001ca0b8
ac80bfdd	001ca0e4
ac833cf8	001ca10e
ac835a8c	001ca140
ac846541	001ca17a
ac84ccda	001ca192
ac885ce1	001ca1ac
ac8cd16d	001ca1da
ac8ece32	001ca220
ac91801f	001ca24e
ac93cd7c	001ca27a
ac94310f	001ca2cc
ac94a45d	001ca32c
ac94d3e9	001ca36e
ac9605e1	001ca390
ac99bcdb	001ca3de
ac99ea60	001ca418
ac9a1d6e	001ca44a
ac9a267c	001ca46c
ac9aa1d2	001ca4b0
ac9be49b	001ca4e2
ac9f32e8	001ca52c
aca22a8e	001ca568
aca30987	001ca59c
aca353ad	001ca5e6
aca395bb	001ca628
aca48e7a	001ca680
aca97612	001ca6b0
acaab56a	001ca6e0
acab3536	001ca6fe
acad3ac0	001ca736
acb65c26	001ca74e
acb7e8d3	001ca76c
acb8dbc9	001ca7a0
acbae28d	001ca82c
acbb291d	001ca856
acbbcf84	001ca872
acbbfb34	001ca8a4
acbdd311	001ca8ea
acbef364	001ca926
acc0f43d	001ca946
acc0f665	001ca98a
acc24f47	001ca9bc
acc3db1e	001ca9fe
acc79f88	001caa3c
acc80099	001caa66
acc8fc1a	001caa80
acc9c439	001caac8
accabc73	001caaea
acccf101	001cab38
accf9156	001cab6c
acd016ef	001cab9a
acd2730a	001cabca
acd368ba	001cabf2
acd4ee15	001cac32
acd5c252	001cac6c
acd5cbeb	001cac96
acd6691e	001cacba
acd78990	001cacf6
acd798e2	001cad26
acdb5326	001cad5c
acdc96c5	001cadb2
acdd228a	001cae10
acdefefa	001cae34
ace0af4f	001cae66
ace0d154	001cae92
ace2c6f4	001caec8
ace68472	001caf0e
ace6c28d	001caf32
aceaa41c	001caf70
acee41b4	001cafb8
aceed5a1	001cafd6
acf09d46	001caffa
acf143f4	001cb02c
acf29947	001cb052
acf40b4d	001cb0a2
acf45cb9	001cb0e2
acf4bc82	001cb10e
acf50cdd	001cb124
acf5e4da	001cb156
acf70a9c	001cb182
acf70b49	001cb182
acf7d35c	001cb1cc
acf87221	001cb208
acf8ac58	001cb242
acf8c707	001cb288
acf8ed8c	001cb2d8
acfa3407	001cb31a
acfba6db	001cb350
ad0114be	001cb38c
ad019924	001cb3e2
ad01b6ac	001cb3fa
ad0263f9	001cb42c
ad03bc11	001cb468
ad05e9a5	001cb49e
ad0a40ee	000ff49e
ad1008fb	001cb4ee
ad10a822	001cb532
ad10be29	001cb56e
ad10f593	001cb58a
ad1157a7	001cb5c4
ad15d529	001cb606
ad1895a4	001cb634
ad19967b	001cb6b0
ad1c09da	001cb6e0
ad1cae35	001cb724
ad1dd6a2	001cb762
ad1dd78b	001cb788
ad1fe7f0	001cb7aa
ad2186fa	001cb7f2
ad218d23	001cb840
ad2395da	001cb860
ad23a814	001cb89e
ad23b5ad	001cb8fc
ad24a941	001cb920
ad2590ab	001cb93a
ad280500	001cb96c
ad2942de	001cb9a6
ad2a3995	001cba00
ad2aafe3	001cba22
ad2cd15e	001cba42
ad2d21dc	001cba6a
ad2e6ea5	001cbad6
ad31d6cc	001cbb2e
ad33a46e	001cbb5e
ad348a5f	001cbb7e
ad39f34f	001cbbb2
ad3a7a61	001cbbea
ad3c1f7d	001cbc10
ad3e9131	001cbc2c
ad3ec396	001cbc48
ad4242ba	001cbc62
ad42555a	001cbc7c
ad432254	001cbc94
ad449764	001cbcdc
ad49f093	001cbd0c
ad4a68de	001cbd68
ad4d0d1d	001cbd96
ad4d7c99	001cbdd2
ad4e30f9	001cbe0a
ad4e7f97	001cbe3e
ad4ee6bd	001cbe74
ad51f2e9	001cbea4
ad52f229	001cbeb8
ad593fb0	001cbf0a
ad594db0	001cbf42
ad59b139	001cbf78
ad5a8ccc	001cbfa6
ad5cc632	001cbfe4
ad5d1cdd	001cc00e
ad5f3bfd	001cc02a
ad614568	001cc054
ad61a0e1	001cc088
ad6292dd	001cc0ca
ad6456ca	001cc13a
ad662986	001cc16c
ad666ac9	001cc184
ad674413	001cc1c2
ad69661c	001cc1f4
ad698b0f	001cc220
ad6995fd	001cc254
ad6ac566	001cc29c
ad6cc111	001cc2da
ad720733	001cc304
ad75ecaf	001cc330
ad79bc21	001cc348
ad7d4a5d	001b45f2
ad7d86df	001cc376
ad7de010	001cc3a6
ad83b2c6	001cc3c0
ad8b9206	001cc3e6
ad91f0a9	001cc424
ad94efd7	001cc454
ad95a603	001cc4c2
ad96764e	001cc55e
ad9b4316	001cc57c
ada05200	001cc5ea
ada094e3	001cc608
ada1ec80	001cc664
ada386c8	001cc688
ada48220	001cc6a8
ada77011	001cc6de
ada92c9b	001cc6f2
adaba04e	001cc726
adabcc50	001cc744
adabdbba	001cc772
adabf43d	001cc79a
adad73ac	0018632a
adada92e	001cc7b6
adae801a	001cc7f2
adb1cee8	001cc83a
adb25b82	001cc876
adb40f17	001cc8a6
adb471ac	001cc8de
adbb02ad	001cc8fe
adbc9d11	001cc928
adbcde98	001cc992
adbd5ef3	001cc9d4
adbe6a97	001cca42
adbf1f70	001cca74
adc20916	001cca84
adc4323a	001ccac6
adc4f03a	001ccaea
adc6a2eb	001ccb30
adc6aed5	001ccb70
adc71b93	001ccbb6
adc75cc8	001ccbee
adc7e9b5	001ccc0a
adc80ae5	001ccc26
adca5e23	001ccc5a
adcbf3b6	001ccc7a
adcee8c2	001cccac
adcf2835	001cccc4
add0df10	001ccce6
add2ab50	001ccd06
add2bda7	001ccd36
add35904	001ccd58
add3911d	001ccd90
add45a94	001ccdc2
add61503	001ccde0
add7a9e7	001cce16
add7eafe	001cce38
add83d22	001cce8a
addb5e22	001cceb6
addba559	001ccef2
addd690a	001ccf28
adddddf5	001ccf5e
ade056c0	001ccf9c
ade463f5	001ccfd2
ade55457	001ccff2
ade5e6db	001cd012
ade91ac5	001cd048
adeaf68e	001cd07a
adec9877	001cd0ae
adf1074e	001cd0c4
adf16ea0	001cd10c
adf1d50a	001cd12e
adf4b7b6	001cd154
adf4b7ce	001cd154
adf5513c	001cd1a8
adf56b59	001cd1fa
adf62ac4	001cd234
adf73ccf	001cd29c
adf76721	001cd2de
adf7bd66	001cd332
adf7bf83	001cd37e
adf8297f	001cd3be
adf9183f	001cd3e2
adf974f7	001cd3e2
adfa70f2	001cd3fe
adfaa117	001cd41a
adfc2780	001cd43a
adfe7be2	001cd47c
adffdef8	001cd4ac
adfffcf1	001cd4e4
ae0006f3	001cd52c
ae003d6e	001cd550
ae013336	001cd580
ae016d30	001cd5b8
ae02811b	001cd628
ae036338	001cd646
ae03d5a0	001cd680
ae054035	001cd6a8
ae074093	001cd6d6
ae078873	001cd724
ae0962ce	001cd750
ae09e242	001cd750
ae0e9000	001cd76a
ae0fc702	001cd79a
ae10b21e	001cd812
ae10c77f	001cd868
ae115cff	001cd88c
ae11a056	001cd8c8
ae12febf	001cd90c
ae131452	001cd94c
ae13ae10	001cd976
ae14fa3d	001cd98c
ae162307	001cd9a2
ae1d080f	001cd9c6
ae1e1a3b	001cd9e0
ae20ed61	001cda16
ae211b19	001cda54
ae212163	001cdac8
ae228cd9	001cdaea
ae22f8fa	001cdb5a
ae241096	001cdb8a
ae27a61d	001cdba4
ae28cec1	001cdbce
ae29386a	001cdbf0
ae2bb1f9	001cdc0c
ae2f831e	001cdc94
ae31fe97	001cdcee
ae345325	001cdd14
ae35e5dc	001cdd3a
ae37357c	001cdd62
ae373e3e	001cdd74
ae3777a5	001cdd62
ae385edd	001cdd8c
ae394c63	001cddd0
ae396435	001cddfa
ae398ce5	001cde38
ae39da22	001cde72
ae3f26a9	001cde9c
ae3ff5ef	001cdede
ae40983c	001cdf64
ae4210db	001cdf9c
ae4317d6	001cdfc6
ae46b944	001ce006
ae46d704	001ce026
ae4a2b57	001ce04c
ae4b605b	001ce0ac
ae4be77c	001ce0e2
ae4bf5c0	001ce118
ae4c220d	001ce14c
ae4dedf8	001ce198
ae4e683f	001ce1d2
ae50a43f	001ce21c
ae5344ee	001ce262
ae549832	001ce284
ae553f61	001ce2b0
ae55dd0c	001ce2b0
ae57dfab	001ce2c8
ae5af0f9	001ce314
ae5e2ef4	001ce338
ae5f9193	001ce370
ae62ad34	001ce398
ae640382	001ce3da
ae647b26	001ce438
ae64ef9d	001ce438
ae668b9a	001ce45c
ae6b1821	001ce488
ae6bd329	001ce4a6
ae6c1238	000df916
ae6ce538	001ce4d0
ae6cef25	001ce4f2
ae6cf138	001ce50a
ae7078db	001ce5c0
ae714b2d	001ce604
ae7370cb	001ce66c
ae743276	001ce6a2
ae75343e	001ce6fc
ae76eb77	001ce742
ae785da6	001ce782
ae7a79a1	001ce79c
ae7adad1	001ce7bc
ae7dfe60	001ce7f2
ae7ed823	001ce842
ae7f9b8d	001ce872
ae8031df	001ce8b8
ae832ea1	001ce900
ae88c2b2	001ce912
ae89ec5e	001ce946
ae8ae2bd	001ce98e
ae8c1d61	001ce9b2
ae902a40	001ce9d6
ae903ab7	001cea22
ae91847f	001cea3e
ae948d55	001cea6e
ae97a4bd	001cea8e
ae981258	001ceac2
ae98d02e	001ceae4
ae99ee45	001ceb08
ae9ba0a6	001ceb32
ae9cd459	001ceb5c
ae9e2310	001ceb90
ae9f9047	001cebf6
aea3b5c5	001cec22
aea43093	001cec8a
aea44b1e	000e330c
aea457e8	000e330c
aea4886c	000e330c
aea4b640	000e330c
aea4be6d	000e330c
aea4bfbd	001cecb6
aea4c9a5	000e330c
aea4c9f5	001ceccc
aea4dded	000e330c
aea4e59a	000e330c
aea4f701	001cece0
aea4f995	000e330c
aea4faec	000e330c
aea4fb7b	000e330c
aea5f1c4	001cecb6
aea6dd17	001cecf6
aea774a7	001ced2e
aea8a2a0	001ced6a
aea8ae39	001ced7e
aea8b366	001cedb8
aeacedcc	001cedd6
aead2833	001cedfc
aeaeff46	001cee22
aeaf370a	001cee7c
aeaf6b67	001ceeba
aeb1b378	001cef02
aeb1d825	001cef02
aeb1ddcf	001cef02
aeb356ec	001cef14
aeb5598d	001cef5e
aeb59867	001cef7e
aeb71b80	001cefae
aeb78bbb	001ceff2
aeb8942d	001cf01e
aebcdc85	001cf05c
aebf01ea	001cf078
aebf0aa3	001cf078
aebf49f7	001cf090
aec0f738	001cf0b0
aec1efc8	001cf0f8
aec24f49	001cf150
aec2fb5b	001cf196
aec4805a	001cf1f6
aec50e22	001cf23e
aec5632c	001cf282
aec68d25	001cf2a4
aec6efa7	001cf2da
aecae056	001cf30e
aecb8395	001cf32e
aecc4efa	001cf380
aece5403	001cf3a8
aecf9ebe	001cf3c8
aed058d9	001cf476
aed459f2	001cf4a4
aed631d6	001cf4f0
aed6a8d4	001cf514
aed6b7b0	001cf538
aed787d5	001cf5bc
aed98723	001cf5e6
aedf0880	0007eefa
aee030a9	001cf636
aee068b3	001cf666
aee0ce6e	001cf6c2
aee1db32	001cf722
aee24b8e	001cf746
aee3f706	001cf78c
aee464d3	001cf7b2
aee4d291	001cf7f8
aee6688f	001cf836
aee7cb02	001cf878
aeea651c	00139950
aeebc626	001cf8b6
aeed866d	001cf8ea
aef2c89c	001cf90a
aef45d76	001cf92a
aef90af5	001cf95e
aef97093	001cf98c
aefaef39	001cf9b2
aefbd264	001cf9ec
aefc8c5c	001cfa20
aeffe1c0	001cfa72
af06ee63	001cfa94
af08ca83	001cfade
af09d888	001cfb14
af0a8320	001cfbc0
af0c23d3	001cfbe4
af0ca585	001cfc02
af0e867e	001cfc3a
af100dd6	001cfc98
af110c14	001cfce0
af11590d	001cfce0
af11700d	001cfcfe
af133eb5	001cfd18
af135d28	001cfd46
af14dbd3	001cfd66
af1516a5	001cfdc2
af15af7f	001cfdec
af17d0fb	001cfe2a
af1a6d06	001cfe60
af20de5b	001cfe96
af21128c	001cfec0
af22eef9	001cfedc
af232e52	001cff2e
af25ea8b	001cff54
af2b1e02	001cff6c
af2c52b0	001cffc2
af2d4dd3	001cffe4
af2e6ec7	001d000e
af2eaa72	001d0038
af31e209	001d0056
af329c2c	001d008a
af33505f	001d00b2
af363bb4	001d00cc
af3b27b2	001d0114
af3be391	001d015e
af40153a	001d018c
af44506e	001d01c6
af44769b	001d01de
af490015	001d024c
af49d354	001d027a
af4c1c12	001d02ae
af4c7b3f	001d02d4
af4c82ae	001d030a
af4de46a	001d032e
af4df626	001d0368
af4ea0b2	001d038a
af4efff3	001d03c8
af50c15d	001d03e6
af52f966	001d041a
af55fdf3	001d043c
af5bc036	001d04ac
af5de3ac	001d0506
af5e9228	001d052a
af604266	001d0554
af631f55	001d0580
af66c5d2	001d05ae
af695bb0	001d05d6
af69770d	001d0634
af6a0a44	001d0684
af6b4821	001d06c6
af6c0653	001d06f2
af6d57f1	001d072a
af6d89e8	001d07a4
af7044ce	001d07d0
af70ad3f	001d07ee
af712330	001d0820
af72fe9d	001d084a
af74db63	001d0882
af7656dc	001d08c0
af77943d	001cdd62
af77a4ba	001d08e6
af77e022	001cdd62
af79a23e	001d091a
af7a2c8e	001d093a
af7c10f6	001d096a
af7c5062	001d098e
af7c5550	001d09e4
af7cd7fc	001d0a38
af7ce87d	001d0a38
af7dd10c	001d0a56
af7dfb34	001d0a80
af7e7c67	001d0ac6
af7f6faf	001d0af2
af7fe341	001d0b20
af81d10a	001d0b3e
af82b3b5	001d0bae
af830509	001d0bee
af843d8f	001d0c0c
af84ecbd	001d0c4c
af85038b	001d0c94
af8603fd	001d0cbe
af8da932	001d0cd8
af9286dd	001d0d2c
af931af1	001d0d4e
af94e4a9	001d0d72
af94f41e	001d0d98
af955ff7	001d0dcc
af966b0c	001d0de6
af9c0f01	001d0e04
af9c1606	001d0e04
af9c2756	001d0e1a
af9c4dc4	001d0e78
af9c4f4b	001d0e78
af9c55f7	001d0e78
af9cc12e	001d0e04
af9d1f58	001d0eda
afa23a5e	001d0f02
afa41ce5	001d0f28
afa4f4db	001d0f5c
afa73540	001d0f7e
afa8c383	001d0fe6
afaa8e41	001d1028
afab5d4a	001d1078
afabe088	001d109e
afad22fe	001d10cc
afaf2022	001d1104
afafb260	001d113a
afaff7df	001d115e
afb04510	001d1180
afb1a99c	001d11e4
afb1bc92	001d11fe
afb31353	001d1220
afb5ed33	001d124a
afb62ec6	001d125c
afb67a01	001d128a
afb858ce	001d12ae
afb9332d	001d12f0
afb9fd05	001d1312
afbc042c	001d1338
afbc4407	001d136a
afbc5078	001d138e
afbdaed0	001a8204
afbebaa9	001d13b4
afc0a457	001d13f6
afc27e34	001d1418
afc286bc	001d1456
afc6584a	001d1470
afc7d330	001d14ae
afcb04df	001d14dc
afcb385d	001d151c
afcb8f9c	001d1540
afcc918e	001d15f8
afcd36b4	001d1608
afcde244	001d165a
afcf25b0	001d1670
afd2e53d	001d169a
afd40409	001d16c6
afd76d73	001d16f8
afdf0eea	001d1738
afe0b3bb	001d1784
afe17992	001d17cc
afe1aae2	001d17f2
afe315f0	001d1818
afe6c2c5	001d1844
afe738b5	001d187c
afeb363b	001d189e
afedcd7d	001d18c4
afedd5f9	001d18e2
afee2c38	001d18f8
aff1d209	001d192a
aff21748	001d1966
aff3c4ca	001d198c
aff44cea	001d19c8
aff5ed46	001d19fa
aff8cf9b	001d1a20
affb9bca	001d1a4e
affbe3ab	001d1a62
affd0f4a	001d1a78
affec82a	001d1ac8
b00052d9	001d1afe
b0037463	001d1b44
b00714d9	001d1b7a
b008ea9b	001d1b9e
b00cd657	001d1bd0
b00d899e	001d1bf6
b00da9f7	001d1c16
b00e575b	001d1c32
b015e7d3	001d1c50
b016a042	001d1c86
b018e974	001d1d06
b01a1171	001d1d30
b01cf1f2	001d1d50
b02102a0	001d1d88
b0216ae9	001d1dc6
b023972e	001d1e1a
b024b6d0	001d1e4e
b026e600	001d1e9c
b027cdc7	001d1ed2
b029d941	001d1eee
b02bcbf6	001d1f12
b02ebcb1	001d1f3c
b02fde8f	001d1f6c
b030573d	001d1fbe
b030f906	001d1fd8
b033fbeb	001d2004
b0366445	001d2064
b0367133	001d2082
b0370f1e	001d209e
b037dd9a	001d210a
b0380378	001d213c
b03b6bc2	001d216c
b03ca73e	001d21b0
b03e6968	001d21f2
b04089e9	001d2230
b0408fd4	001d2230
b041194f	001d2264
b0463985	001d2294
b046e2b2	001d22b0
b047144d	001d22c6
b04c8576	001d22ea
b04d08f2	001d2356
b04e7479	001d2384
b05079fd	001d2396
b0537502	001d23c2
b0569f51	001d2402
b0572d91	001d242c
b058c853	001d2460
b0590867	001d24c2
b05a1a46	001d24ec
b05af9d7	001d251a
b05dfa50	001d2546
b05e19f1	001d256a
b05e3e08	001d25a4
b05ea2b6	001d25ee
b061ff68	001d2620
b0631ae1	001d264e
b0632d1e	001d2678
b0632f67	001d2678
b0644bb7	001d26ca
b066e857	001d2708
b06aac24	001d2728
b06e2f8d	001d2760
b06ffa9c	001d278e
b0702cbb	001d27b6
b0706275	001d2838
b07161d7	001d285e
b07367e5	001d2892
b076413c	001d28d2
b0798ae3	001d2918
b07aae19	001d2946
b07c9439	001d2976
b07fe41d	001d298e
b0801e2b	001d29d4
b0802b1d	001d29ec
b0812fc8	001d2a1e
b082ed57	001d2a40
b0847ad5	001d2a7e
b089ae79	001d2aa4
b08ae5f5	001d2acc
b08bb18f	001d2aec
b08c6dda	001d2b24
b0906d82	001d2b5e
b094be70	001d2b7c
b094eca1	001d2bac
b096cf0a	001d2be6
b0970d40	001d2c20
b09be006	001d2c78
b09cc1ab	001d2cd0
b09cd1c6	001d2ce8
b0a20148	001d2d12
b0a5cb1e	001d2d56
b0a63f83	001d2d72
b0a72063	001d2da6
b0a72076	001d2ddc
b0a734c6	001d2df6
b0a74842	001d2e18
b0ad127f	001d2e4a
b0b15219	001d2e72
b0b501e9	001479fa
b0b8aff3	001d2eb8
b0bb5180	001d2ef4
b0bd31ee	001d2f16
b0c1732f	001d2f38
b0c28755	001d2f5e
b0c2fe32	001d2f74
b0c52b76	001d2f8a
b0c68bc9	001d2fb6
b0c98a74	001d2fe6
b0c9ae3b	00115186
b0c9ba46	00069542
b0cc23b2	001d2ffa
b0cc30c2	001d2ffa
b0cc3baa	001d2ffa
b0cc9af6	001d300e
b0cf503f	001d3054
b0cf6501	001d3084
b0d17c2c	001d30e4
b0d78066	001d3138
b0d85785	001d317c
b0db2bc3	001d31ca
b0db5d65	001d31fe
b0dc481e	00153b0a
b0dc55ca	001d3234
b0dc7f23	001d326c
b0dcdee1	001d32a6
b0ddcb02	001d32ce
b0df5e36	001d32f6
b0e0226f	001d332c
b0e0433c	001d3376
b0e0f637	001d3394
b0e10085	001d33d6
b0e12f0d	001d341e
b0e2fe80	001d343c
b0e470b9	001d3464
b0e6865a	001d349c
b0e6db7a	001d34be
b0e8b45a	001d350a
b0e8ea92	001d3530
b0e9b3b0	001d355a
b0eb054b	001d358a
b0ef7d09	001d35a8
b0ef9a1e	001d35e4
b0f59c88	001d362a
b0f731bd	001d3660
b0f87891	001d3684
b0f8bf33	001d36be
b0f9ebf5	001d36ea
b0fa6315	001d375a
b0fac9ab	001d3798
b0fb9940	001d37ca
b0fe1d2c	001d37ea
b0febd5d	001d3826
b0ff69c2	001d385c
b0ff7929	001d3886
b1032111	001d38bc
b103997b	001d38e4
b104060a	001d3918
b105cb34	001d3942
b105cd02	001d396a
b1076a34	001d399a
b107e72b	001d39d0
b10a864c	001d3a4a
b10b55ab	001d3a5e
b10bdf73	001d3a8a
b10c9339	001d3acc
b10ec83f	001d3af4
b10f6309	001d3b2e
b110d3c7	001d3b58
b113b548	001d3b8c
b115c127	001d3bc6
b1168a06	001d3be4
b117c779	001d3bf8
b1196adc	001d3c20
b1198530	001d3c5e
b11a7775	001d3c9a
b11b4858	001d3cca
b11bcb23	001d3d08
b11c652f	001d3d6c
b11cb9d3	001d3d9c
b11d45e1	001d3dd6
b11eb684	001d3dfc
b11ee736	001d3e1a
b11fb632	001d3e6e
b124df4d	001d3eb6
b126cc73	001d3f06
b12979a4	001d3f32
b129bd47	001d3f76
b12a4a19	001d3fa4
b12a7750	001d3fbe
b12bd288	001d3fda
b12c01f5	001d3ff8
b12eefc4	001d4064
b12ffff1	001d4098
b131566a	001d40ca
b13222d3	001d40f0
b1322382	001d40f0
b1347fb0	001d411c
b136d49f	001d4164
b13b9bde	001d41a4
b13be1fa	001d41ca
b13bebc9	001d4230
b13e0e0b	001d4288
b1423248	001d42a0
b143b64a	001d42ce
b144a5f2	001d42fe
b144cc0c	001d4310
b146cda7	001d4360
b146e6f7	001d43a0
b147240b	001d43d0
b14a0e00	001d43fe
b14ab33b	001d4430
b14df4c0	001d448e
b14e0b5c	001d44b8
b14e5208	001d44d4
b14f3040	001d4500
b15143f4	001d451e
b1519fcd	001d4554
b1522dde	001d4582
b1523ccb	001d45aa
b15368fa	001d45e6
b155e5c0	001d4618
b1568c8d	001d4648
b159375e	001d466a
b15b0f1b	001d46d2
b15b2836	001d4714
b15db6d8	001d472e
b15ddd45	001d476c
b15e4787	001d479c
b161eba7	001d47da
b1639a6e	001d482e
b1642b54	001d4860
b164aea6	001d48a6
b1671f35	001d48f4
b1672246	001d4926
b168d6c0	001d4964
b16a2555	001d498a
b16fd6d8	001d49c4
b16fd827	00173f1a
b173ac9d	001d4a00
b1746cf2	001d4a16
b1777b57	001d4a4a
b17990b2	001d4a8a
b17b377d	001d4acc
b17e18ff	001d4b38
b17f51ca	001d4b5e
b18482f7	001d4b7e
b184925f	001d4b7e
b184b87b	001d4b7e
b187826e	001d4b96
b1898feb	001d4bbe
b18ac2df	001d4bf8
b18af303	001d4c52
b18c23d9	001d4cb2
b1900176	001d4cf6
b19004e3	001d4d2c
b190cf6d	001d4d5e
b1925e61	001d4d98
b1939e45	001d4dc2
b193d349	001d4de4
b19559ee	001d4e18
b1985e26	001d4e30
b19d243c	001d4e84
b19d9661	001d4eae
b19f4689	001d4ece
b1a00f04	001d4f00
b1a0647b	001d4f24
b1a0ffc9	001d4f42
b1a3119d	001d4f80
b1a77ba3	001d4fe6
b1a95e2b	001d5054
b1aa258b	001d5090
b1aa5e9e	001d50a8
b1aa63f2	001d50da
b1aa6e6b	001d5114
b1aca53a	001d515a
b1acdcf1	001d5186
b1b0143e	001d51ba
b1b17694	001d51cc
b1b216d0	001d5206
b1b2180c	001d5240
b1b353f9	001d5260
b1b4a336	001d52d2
b1b77187	001d532a
b1b97feb	001d5382
b1bc534e	001d53d6
b1c1d1b8	001d541a
b1c5a634	001d5466
b1c76e7b	00119340
b1ca001c	001d5488
b1ca4674	001d54a8
b1cbceab	001d54f6
b1cd03df	001d5526
b1cd04ac	001d554c
b1d05eb3	001d5570
b1d3d819	001d55a0
b1d53c19	001d55f4
b1d6d0a5	001d560e
b1d88482	001d564c
b1d99c40	001d56bc
b1d9c624	001d5702
b1da11f5	001d5758
b1da40bb	001d5786
b1dad804	001d57d2
b1dc9ae1	001d5816
b1dd0b03	001d5848
b1deb12c	001d588c
b1e1e270	001d58a4
b1e20596	001d58c6
b1e258cf	001d58e8
b1e2611b	001d5902
b1e38065	001d5930
b1e50f15	001d597c
b1eb4a3c	001d59da
b1ecb9ac	001d59f8
b1edaa17	001d5a24
b1ef9c31	001d5a5a
b1f04899	001d5a7a
b1f0728c	001d5ae0
b1f2c078	001d5b04
b1f419db	001d5b38
b1f534cc	001d5b6a
b1f56c7b	001d5ba2
b1f5c6b7	001d5bc4
b1f75122	001d5bfa
b1f88cb3	001d5c40
b1fa1604	001d5c60
b1faded3	001d5c9c
b1fcb81a	001d5cc2
b1fcd743	001d5d02
b1fe1dc2	001d5d22
b1fe89c9	001d5dae
b1fecb72	001d5de4
b20031da	001d5e56
b200c6fc	001d5e6c
b2010e1b	001d5eae
b2057e91	001d5ed0
b2065f2b	001d5f0c
b208b39a	001d5f4a
b20a3d87	001d5f76
b20d7012	001d5f90
b20f9f5f	001d5fb8
b21088f5	001d5fe8
b2123075	001d601e
b213e72d	001d606e
b2146fe9	001d60ba
b2157a5d	001d60da
b2163857	001d610a
b2168699	001d610a
b216bfde	001d6120
b216fdf4	001d6120
b2171eda	001d613c
b217ca86	001d6160
b21959b6	001d61da
b219aa74	001d6244
b21ad4e1	001d6278
b21b26f6	001d62a8
b21b8b1f	001d62d6
b21ced4b	001d6310
b220193e	001d6340
b223bdb9	001d636a
b2246d4d	001d639c
b225a89f	001d63e2
b2260e20	001d6420
b2263dad	001d6460
b226c971	001d64c4
b226e62e	001d650a
b22a2bf8	001d6530
b22af116	001d6556
b22cdb18	001d657a
b22db6a5	001d65b2
b22dcbdd	001d65dc
b22edd3f	001d6606
b22ff428	001d6634
b230f9c5	001d667c
b231e4a1	001d66ac
b231ea0b	001d66d2
b23593f5	001d66f2
b235d493	001d670a
b2372edf	001d673e
b237c033	001d675a
b238dce5	001d6780
b23ca0b4	001d67b4
b23ca57b	001d6808
b23cc83e	001d6808
b2415b8c	001d682e
b2441c2a	001d6846
b2444d52	001d6898
b2495a12	001d68d8
b2495ad7	001d68d8
b249cfbf	001d68f0
b24a33f5	001d690c
b24aecdc	001d6928
b24df10a	001d6944
b250da2b	001d69ae
b2516f3d	001d69f8
b251d2b4	001d6a5c
b252205b	001d6a90
b2558bed	001d6aac
b255b9c2	001d6afa
b257ef2d	001d6b3c
b25b9f88	001d6b84
b25bd9a4	001d6b9a
b25f6388	001d6bcc
b263a2bd	001d6bf0
b26428b5	001d6c4c
b266d2b5	001d6c7e
b2681977	001d6cda
b2696227	001d6d02
b269a462	001d6d34
b26b42a9	001d6d72
b26e725e	001d6d8c
b27073ed	001d6db8
b273a9dc	001d6dea
b275fe11	001d6e1c
b276bf42	001d6e48
b2795c4b	001d6e8e
b27af1ad	001d6eb2
b27b292e	001d6ee8
b27b991d	001d6f1e
b27d2b2f	001d6f3c
b27e107f	001d6f94
b27e192f	001d6fa8
b27e46cd	001d6fcc
b27f75ca	001d6ffa
b27fd012	001d7032
b2801e3d	001d706a
b280caed	001d7088
b2816622	001d70a8
b2819d27	001d70e8
b28506cf	001d713a
b285549d	001d7162
b2863a0d	001d7180
b287d8c3	001d71c8
b288f993	001d7252
b28a10f5	001d7282
b28b69c7	001d72a0
b28d880d	001d72d2
b290067b	001d730e
b29042c1	001d7358
b290e512	001d7390
b2916380	001d73b2
b291fae6	001d73e0
b294d2da	001d741a
b295cb9d	001d7448
b297d8a2	001d7466
b2997c68	001d749c
b29a0dce	001d74cc
b29a166e	001d74ea
b29a4c70	001d74ea
b29cc7d6	001d7508
b29d87c4	001d7556
b29da84a	001d75c6
b2a4c318	001d7608
b2a5632a	001d7638
b2a70a81	001d7666
b2a89483	001d7690
b2a90f06	001d76d2
b2aba2e7	001d770e
b2ac509a	001d7744
b2ae4d07	001d778c
b2b0515b	001d77b6
b2b0ef1b	001d77e6
b2b0f4c5	001d77e6
b2b13a87	001d77fe
b2b4859f	001d7834
b2b60882	001d7868
b2b76798	001ab5d6
b2b8f819	001d78cc
b2b8fed3	001d7910
b2baa49d	001d795a
b2bb0964	001d798c
b2bc92a7	001d79b2
b2be4f66	001d79d2
b2beec74	001d7a18
b2bf4928	001d7a52
b2c0e5b8	001d7a64
b2c40c9d	001d7a7e
b2c72830	001d7aaa
b2c8bd15	001d7aea
b2c91420	001d7b3a
b2cae3dd	001d7b6e
b2cb4593	001d7b9c
b2cb47fd	001d7bca
b2cbe8ca	001d7bfc
b2cd4ed6	001d7c74
b2ce42df	001d7c8a
b2cf298d	001d7cb8
b2d11903	001d7cea
b2d3ba58	001d7d34
b2d59c61	001d7d56
b2d80d4d	001d7d9e
b2dddac8	001d7dd6
b2ddf500	001d7e1e
b2df420c	001d7e5e
b2e12cc3	0011e472
b2e1581a	0011e472
b2e158b6	000dd374
b2e40137	001d7e7c
b2e580ac	001d7e9e
b2e610ee	001d7eee
b2e7c785	001d7f14
b2e7ddb9	001d7f2e
b2e86155	001d7f44
b2e8ba9b	001d7f74
b2e90e6e	001d7f96
b2f0199c	001d7fb6
b2f54c4b	001d7fdc
b2f6a620	001d8008
b2f82234	001d8034
b2f8b2cf	001d805a
b2f95ce8	001d8098
b2f97cfd	001d80c0
b2fa856c	001d80ec
b2fbde5a	001d812a
b2fe09b0	001d8144
b2fef6a1	001d817a
b2ff9afa	001d819c
b300492f	001d81f6
b3005354	001d8234
b30225a9	001d826e
b304013f	001d82c4
b30421df	001d82f8
b3058b6f	001d831c
b3076385	001d833c
b3096911	001d8370
b30cd025	001d838c
b30d8ef8	001d83ae
b30ec4f9	001d83e2
b30ecaa0	001d8420
b30f1017	001d842e
b3101afa	001d849c
b313a33a	001d84ce
b31544a1	001d84fc
b3156a84	001d8516
b3167913	001d8540
b316ac2d	001d859e
b318de54	001d85b6
b31b55d9	001d860a
b3218c4c	001d868c
b32198e8	001d86ce
b323a044	001d86ee
b323ecbd	001d875c
b3245f03	001d8780
b324a610	001d87f4
b324c8a7	001d881c
b32509fc	001d885a
b32628c4	001d887e
b3281939	001d88ba
b32af19c	001d88ee
b32bfdd3	0019724a
b32d769f	001d8918
b32f7182	001d896c
b33178c2	001d8998
b338cb93	001d89c2
b3390f74	001d89f4
b33982c9	001d8a32
b33ad2bd	001d8a4a
b33b79bf	001d8a82
b33e1699	001d8aac
b34086e8	001d8ae2
b342e5e5	001d8af8
b3440447	001d8b3c
b347add0	001d8b78
b34ab7c5	001d8ba6
b34c582b	001d8bcc
b34c89ca	001d8c1c
b34e42c2	001d8c56
b34f518d	001d8c76
b34fd691	001d8cac
b34fe535	001d8cfa
b350be07	001d8d2c
b35189d0	001d8d56
b35241ef	001d8d76
b3548232	001d8da0
b355c6d7	001d8e06
b35826aa	001d8e50
b359152e	001d8e7c
b35b04c4	001d8e94
b35befd0	001d8ebc
b35ca515	001d8ed2
b35ebb67	001d8ef6
b35ef8f0	001d8f4c
b360034a	001d8f92
b3612fad	001d8fb6
b361ffbd	001d8ff2
b365662f	001d9026
b3677cdb	001d9050
b36b2b96	001d9086
b370148e	001d90dc
b3707928	001d90fe
b370aa3c	001d912e
b371e39a	001d9176
b37226a4	001d9198
b37344a0	001d91f2
b37418f7	001d923a
b37485f4	001d9266
b3751885	001d9298
b375d5d5	001d92c8
b3773cae	001d92fa
b3786a52	001d9348
b37877c7	001d9382
b3787947	001d9396
b3787bd9	001d9420
b379b545	001d944e
b37ca5a5	001d9488
b37d7598	001d94a4
b37e3300	001d94d6
b3801d60	001d94f8
b3804f8b	001d9520
b380be43	001d9554
b380d0a9	001d95a2
b3813eb8	001d95d2
b3815ed6	001d95fe
b383443b	001d961e
b383ac26	0011d050
b3840ca6	001d963a
b384214b	001d964e
b3843201	001d963a
b3843979	001d969e
b3843c63	001d963a
b38807bc	001d96ca
b38819ee	001d96ea
b388bc7b	001d970c
b388f293	001d974a
b3892284	001d9788
b38cc257	001d97c4
b38e4651	001d97e8
b38e68f2	001d9804
b38f7d46	001d983c
b392214b	001d9868
b392bdc7	001d98a4
b394553d	001d98d2
b394666d	001d98f0
b3990a10	001d992c
b3999e03	001d9956
b39b201a	001d9996
b39c9652	001d99ba
b3a5d8b8	001d99fc
b3a7a46d	001d9a28
b3a8a0de	001d9a50
b3a976ce	001d9aa6
b3ab74cc	001d9af6
b3b83223	001d9b2c
b3bdcd2c	001d9b5e
b3bdea9f	001d9b9a
b3beb57f	001d9bf0
b3c1547e	001d9c1a
b3c21d80	001d9cba
b3c27968	001d9cba
b3c283df	001d9cd8
b3c398d0	001d9d6c
b3c3f8f0	001d9d84
b3c4fbee	001d9d9a
b3c54b54	001d9dfc
b3c5f6c4	001d9e1c
b3c641f3	001d9e46
b3c73b5e	001d9e76
b3cb7e8e	001d9ea6
b3cbe92c	001d9ec2
b3cdc7bc	001d9ee0
b3ce89fb	001d9f1c
b3ce94e7	001d9f72
b3cebdb2	001d9f94
b3cec823	001d9fc2
b3cf9f8c	001d9ff4
b3d2901c	001da024
b3d409d7	001da066
b3d6f5fb	001da09a
b3d7df31	001da0d6
b3d8b5ac	001da122
b3d9f749	001da156
b3dae212	001da190
b3dd0873	001da1bc
b3dd80b6	001da1e6
b3dd8c76	001da214
b3df9f7e	001da23c
b3dfb5b6	00132f0c
b3e092f0	001da2ae
b3e0cf34	001da2d0
b3e3ebd4	001da2fe
b3e49698	001da33e
b3e5dc4f	001da35e
b3e82131	001da388
b3e8c53b	001da3e2
b3eb7310	001da412
b3f1b50a	001da430
b3f296a2	001da45c
b3f4c710	001da47c
b3f80007	001da4a2
b3fade0c	001da4e0
b3fb36fc	001da510
b3fead11	001da534
b40183f6	001da550
b4019cb9	001da598
b401a0b8	001da5d6
b40209f2	001da600
b4029a06	001da616
b404c7ac	001da632
b405eaeb	001da654
b4067d00	001da668
b40693e6	001da6aa
b40748cd	001da6cc
b409fe23	001da6fc
b40b2ef1	001da734
b40b6c32	001da768
b40e7eb7	001da7a4
b410bb89	001da7e6
b411be3a	001da826
b4130eb5	001da854
b415137d	001da892
b41640a2	001da8b0
b416a195	001da8f4
b419ce7e	001da916
b420ddff	001da936
b421f33d	001da954
b4236100	001da97a
b42379e0	001da9b2
b4273c81	001da9f2
b4284b52	001daa12
b42c7bb4	001daa58
b42dda32	001daa9c
b42f2c99	001daaf4
b43010aa	001dab32
b430b0b5	001dab62
b4327d07	001dab88
b433ca6c	001dabc6
b435b7ed	001dabee
b436461c	001dac1c
b4389d5e	001dac8e
b4392d88	001daca2
b43bb96f	001dacdc
b43d5d2b	001dad3a
b43d846e	001dad74
b43db21d	001dad8c
b43ec159	001dadca
b43fe9f3	001dadec
b4416a98	001dae22
b441da27	001dae80
b4420925	001daeb8
b4421d81	001daf04
b4476e51	001daf34
b447b976	001daf4e
b44805c5	001daf6a
b448ef73	001daf8a
b4496ed8	001dafb6
b44a2b18	001dafd6
b44af59e	001daff6
b44b9306	001db03a
b44d8460	001db064
b44e65a2	001db08c
b44e8e3d	001db0ec
b44f410b	001db10c
b44fc8b4	001db142
b44fd480	001db16a
b4504601	001db1b4
b455c259	001db1d4
b455da7f	001db1f4
b456cda7	001db226
b456d586	001db264
b457e1ca	001db28a
b4589337	001db2bc
b458aa14	001db2fa
b45cbb49	001db34e
b45cfefa	001db378
b45fc8c5	001db396
b46038b5	001db3d0
b46053b5	001db40c
b4630609	001db426
b4656045	001db442
b465fa04	001db462
b46663f5	001db4be
b466a05b	001db4f2
b469a344	001db514
b46a9e9e	001db538
b46e4c7c	001db55a
b472e89b	001db58a
b4733f66	001db5ba
b4738d39	001db5f6
b4738ea6	001db652
b4766a03	001db67e
b478c0e9	001db6ac
b47e6811	001db6d4
b482210d	001db702
b482920b	001db73a
b483f374	001db778
b4860d18	001db796
b487ac20	001db7c6
b487eadd	001db7de
b48ab140	001db836
b48bd18f	001db856
b48cda24	001db88a
b48e11c1	001db8aa
b48e96b0	001db8da
b48f0c90	001db91e
b49006ff	001db93e
b490daf1	001db97c
b49111ff	001db9f2
b4918a46	001dba64
b4920f31	000df1be
b4923e87	000df1be
b4928eee	000df1de
b49291ca	000df1be
b492d4b1	000df1de
b492e39c	000df1be
b492e4b7	000df1be
b4939157	001dba96
b4943d74	001dbac6
b4946026	001dbae2
b4971997	001dbb42
b4976186	001dbb8a
b497ec44	001dbbae
b498501f	001dbbf4
b49a8902	001dbc38
b49b011d	001dbc70
b49b74e4	001dbcc8
b49b84fe	001dbcf2
b49bc975	001dbd16
b49c2840	001dbd2c
b49e5f68	001dbd48
b49e6f1c	001dbd84
b4a0b11b	001dbdae
b4a14d3b	001dbde8
b4a38568	001dbe0c
b4a391ca	001dbe4a
b4a50545	001dbea6
b4a7c538	001dbeec
b4a803ba	001dbf1e
b4a82801	001dbf54
b4a83b4a	001dbfbc
b4a8b648	001dbffa
b4a92419	001dc022
b4a9a82a	001dc05a
b4ab9214	001dc0a2
b4abe128	001dc102
b4ac856a	001dc16e
b4b1873d	001dc1c4
b4b45855	001dc1e2
b4b51ea3	001dc23a
b4b5e3d8	001dc262
b4bb16e9	001dc276
b4bbf0a8	001dc28e
b4bef747	001dc2d4
b4c96367	001dc2fa
b4ca0de8	001dc336
b4cb60da	0008c0e0
b4ccafe5	001dc354
b4ccb5e9	001dc37c
b4ce3530	001dc398
b4cfd9d1	001dc3be
b4d27661	001dc40e
b4d59c30	001dc464
b4d6890b	001dc4a2
b4d82cb1	001dc4ce
b4d83675	001dc4e0
b4dc0cbb	001dc506
b4dcae7a	001dc526
b4dd7ab8	001dc568
b4de3a7b	001dc5bc
b4df6c72	001dc5e0
b4e0232c	001dc602
b4e03e2a	001dc640
b4e16579	001dc6a6
b4e16ecb	001dc6f8
b4e2ce44	001dc712
b4e56d69	001dc73a
b4e696bf	001dc792
b4e8dd3b	001dc7e4
b4e9afb7	001dc84c
b4ec960a	000ca198
b4ecc614	000ca198
b4eccb85	001dc882
b4eef922	001dc8a4
b4f026d6	001dc8ec
b4f11903	001dc91e
b4f11eb6	001dc956
b4fa1b65	001dc98e
b4fef29d	001dc9da
b4ff03de	001dc9ee
b5005ae7	001dca2a
b5041919	001dca38
b504e9cc	001dca7e
b505cf28	001dcab0
b5068603	001dcada
b506a3ab	001dcb06
b5073102	001dcb26
b5077cdb	001dcb7a
b509c882	001dcb9c
b509ff25	001dcbcc
b50b3b6e	001dcc00
b50f12cb	001dcc42
b510a4f2	001dcc5c
b510f45c	001dcc7a
b513fb6f	001dccaa
b514f14d	001dccd2
b51756ec	001dccec
b518a1a4	001dcd14
b51a7ac3	001dcda2
b51bb98d	001dcdd0
b51cdab2	001dce0c
b51ceb42	001dce60
b51e5bb2	001dce80
b5205cc3	001dceaa
b520be1f	001dcec4
b520f5d9	001dcf0a
b521fe12	001dcf38
b5232f5a	001dcf68
b52754d7	001dcf9c
b528b823	001dcfbe
b52a8038	001dcffc
b52aef2a	001dd02c
b52b13ce	001dd05c
b52bd298	001dd072
b52bf5f6	001dd05c
b52fa77d	001dd0a2
b530392a	001dd0cc
b53133c6	001dd0ee
b531f57d	001dd10a
b53223a0	001dd134
b533f6ff	001dd146
b5340f73	001dd192
b534191d	001dd1b2
b5342705	001dd1e6
b534d88a	001dd21e
b5355b43	001dd23c
b535f7c4	001dd252
b537ceff	001dd2bc
b5387478	001dd30a
b538a658	000f5f02
b5394f9f	001dd33a
b539b94b	001dd38c
b53a2f53	001dd3b0
b53c8527	001dd3e8
b53c98c4	001dd42e
b53df9e4	001dd48c
b53f0654	001dd4d0
b53fa818	001dd4ec
b5406101	001dd530
b540fa6e	001dd56c
b5419176	001dd586
b5419717	001dd5dc
b542c146	001dd610
b542dd28	001dd62a
b5449090	001dd646
b5487748	001dd6aa
b549504f	001dd702
b54a3794	001dd71c
b54a6d86	001dd752
b54a84de	001dd782
b54b6810	001dd7e6
b54bd82c	001dd80a
b54bee6e	001dd854
b556ea9f	001dd880
b5587920	001dd8a6
b55c501d	001dd8be
b5615adf	001dd8e6
b5617923	001dd910
b561c3f0	001dd93e
b5636bf3	001dd952
b5677591	001dd9ae
b56c3082	001dd9ea
b56d81fd	001dda2a
b570d4e5	001dda64
b570f5fc	001dda92
b571c3b9	001ddaac
b571c95b	001ddac4
b5737d6f	001ddade
b5762278	001ddafa
b5765452	001ddb56
b5769e7c	001ddb8e
b5770025	001ddbc0
b57825d2	001ddbe4
b5787886	001ddc30
b578c9e6	001ddc8e
b57bd6d6	001ddcc8
b57f0b36	001ddcea
b5823d1b	001ddd02
b58321b7	001ddd18
b5845120	001ddd9a
b5849b65	001ddddc
b5853d6f	001dde0c
b5872289	001dde4e
b5882027	001dde70
b5896c6e	001ddea4
b589987f	001ddee2
b58a757c	001ddf08
b58b6418	001ddf66
b58c21ac	001ddf7e
b590b7fa	001ddf9a
b590e543	001ddfca
b59220fc	001ddfe2
b592ae70	001de02a
b594c93e	001de04a
b597741e	001de060
b597d481	001de07c
b5989f34	001de09c
b599883a	001de0dc
b59b531f	001de0f0
b59c003b	001de12e
b59d69e0	001de14a
b59eed9b	001de1ce
b5a1b08c	001de204
b5a2a5b2	001de21c
b5a45a46	001de25c
b5a4b0fc	001de294
b5a6c9c6	001de2dc
b5a98169	001de320
b5aa33e0	001de34c
b5aa6a6f	001de388
b5aad68d	001de3be
b5aba5cc	001de3ec
b5abbb90	001de406
b5ae634d	001de434
b5ae77f0	001de462
b5b0e4e6	001de498
b5b502d8	001de4de
b5b6ba1d	001de504
b5b9afa5	001de54c
b5bd3fa0	001de582
b5be0680	001de59e
b5bff4a0	001de5e0
b5c03796	001de5fa
b5c29d8c	001de61e
b5c45b4d	001de63e
b5c4ef85	001de66a
b5c59e0e	001de698
b5c59e26	001de6b8
b5c7bb55	001de6e0
b5c90e07	001de700
b5c95fe9	001de738
b5ce50fc	001de782
b5d39867	001de7aa
b5d4e8fb	001de7c6
b5d52f8e	001de7fa
b5d595ab	001de82e
b5d64766	001de848
b5d6f1ee	001de886
b5d96ff9	001de8ae
b5dac863	001de8e2
b5dba091	001de934
b5dbb96d	001de8e2
b5e031db	001de982
b5e1fbe2	001de9ac
b5e2a271	001dea04
b5e2a61a	001dea04
b5e2ad44	001dea04
b5e71040	001dea32
b5e9b4b5	001dea72
b5ea7ef4	001deaa2
b5eb1397	001deae0
b5f0a1ae	001deb00
b5f4b94c	001deb4e
b5f4bf2e	001deb72
b5f6da00	001deb8c
b5f88dd5	001deb9e
b5fbbb57	001debd6
b5fc76a1	001dec00
b5fddbb7	001dec20
b6007caa	001dec46
b6036123	001dec9a
b6065ba5	0008b604
b60aa8c8	001dece2
b60ac0ae	001decf8
b60c4c75	001ded36
b60cbb03	001ded64
b60da07d	001ded7e
b60e3743	001dedba
b6108cdb	001dedf8
b610d12c	001dee1c
b610f62c	001dee1c
b6123dbf	001dee2e
b61434fc	001dee5e
b615c21b	001dee98
b61923bc	001def26
b6196373	001def4a
b61e62f3	001def74
b61feda7	001defa4
b6239020	001defd4
b6247add	001df024
b6248ea6	001df04c
b629433e	001df09e
b62f26bc	001df0ca
b62fb11f	001df0ee
b630b589	001df11c
b631c233	001df146
b6329d01	001df182
b633e993	001df1c0
b6361a5e	001df1f6
b6376c43	001df230
b638d8a6	001df264
b63933e6	0008ec92
b6393c24	0008ec92
b6396383	0008ec92
b639c479	0008ec92
b63e651c	001df296
b63f43b4	001df2ea
b6411a28	001df316
b6422da7	001742fe
b643c92f	001df334
b643d83e	001df352
b645b33d	001df378
b6464617	001df39a
b6494ff5	001df3cc
b64957d1	001df3ea
b649d8cf	001df40a
b64aceef	001df452
b64b92a2	001df48e
b64baee9	001df4b2
b64ce45a	001df4e2
b64dd64b	001df50a
b64de045	001df54a
b65102e3	001df58c
b6537df3	001df5b8
b654d0a1	001df5de
b658e419	001df62e
b65cdd9d	001df644
b65d05c2	001df670
b65d0e43	001df670
b6618dc8	001df684
b66243f1	001df716
b6625cb4	001df72c
b6688280	001df75c
b6697134	001df77e
b669e188	001df7c8
b66aad23	001df826
b66c899a	001df844
b66f8c95	001df88c
b66fe48a	001df8a8
b671c05c	001df8ec
b6720afa	001df944
b672f97f	001df982
b6730768	001df9a2
b676bdb8	001df9dc
b677382c	001df9f6
b6795c97	001dfa24
b679e0a4	001dfa7e
b67a6476	001dfac8
b67b2f44	001dfaf4
b67df2f9	001dfb34
b67ec5d3	001dfb56
b67f6a10	001dfbda
b6802987	001dfc0c
b680501f	001dfc46
b6813641	001dfc8a
b683a95f	001dfcd6
b686fbd4	001dfcf6
b68c3ec7	001dfd4c
b68c61bc	001dfd7e
b68def9e	001dfd96
b693ed6a	001dfdc0
b6958722	001dfde6
b697a7c7	001dfe2c
b698bdef	001dfe76
b699f8ee	001dfeb8
b69ef43e	001dfefe
b6a38b42	001dff5a
b6a56102	001dff7c
b6a6d282	001dffc8
b6a6e428	001e000c
b6a9b536	001e0058
b6acca31	001e0086
b6b24284	001e00a0
b6b282fa	001e00c8
b6b2cf84	001e00e0
b6b45e60	001e0100
b6b6345b	001e0126
b6b65ee0	001e0126
b6b7aaca	001e015a
b6b821e3	001e01a8
b6b8644a	001e0200
b6b9524c	001e0222
b6b98832	001e0246
b6b998f5	001e0268
b6ba25a9	001e0292
b6bba696	000d5000
b6bbabdc	000d5000
b6bc7410	001e02d6
b6bd1314	001e02f8
b6bf6ceb	001e0332
b6c24b2b	001e035e
b6c4c7a5	001e03b4
b6c56d43	001e03cc
b6c68053	001e03f2
b6ca8358	001e041e
b6cd5e8a	001e0448
b6cf104f	000991e0
b6cf4c6d	001e047c
b6cf5891	001e047c
b6cf75de	001e047c
b6cfbb15	000991e0
b6cfbe6e	001e0490
b6d11086	001e04a6
b6d1ef11	001e04d4
b6d2ebbd	001e04f0
b6d3b675	001e0522
b6d4316f	001e0546
b6d45a85	001e0594
b6d59772	001e05ac
b6d63f8a	001e05e6
b6d685c0	001e060a
b6d6c769	001e062c
b6d755a4	001e064a
b6d7ab5a	001e0670
b6d80aff	001e06b6
b6da5bd5	001e06d0
b6db0cea	001e06fe
b6e279e3	001e0726
b6e99450	001e0754
b6eaa796	001e0798
b6eb33fd	001e07c2
b6eb6322	001e07f8
b6ed54b4	001e0826
b6ee0d44	001e0848
b6f0701b	001e087c
b6f28eb3	001e08d2
b6f4d38e	001e08fc
b6f630fe	001e0922
b6f6a1ce	001e096e
b6f76b14	001e0996
b6f7ccd7	001e09ae
b6f83964	001e09dc
b6fa60c4	001e0a2a
b6faa1ec	001e0a44
b6facdfb	001e0a90
b6fc468b	001e0aca
b6fe3e40	001e0afe
b70027ce	001e0b52
b70966ad	001e0b84
b7098da0	001e0bcc
b70a2f45	001e0c0e
b70abe27	001e0c32
b70cc86e	001e0c82
b70e0d49	001e0cde
b70ee792	001e0cfc
b70f02eb	0015dbea
b70f140a	0015dbea
b70f15c4	0015dbea
b70f2dd1	0015dbea
b70f2f76	0015dbea
b70f2fd7	00163510
b70f4915	0015dbea
b70f7364	0015dbea
b70fa1fc	0015dbea
b70fd6d3	001e0d24
b70fd706	00163510
b7103870	001e0d68
b714d606	001e0d7c
b717a0be	001e0d92
b719807e	001e0dca
b71ac08f	001e0e14
b71d4685	001e0e4a
b71d4f1b	001e0e92
b71fdd90	001e0ec2
b71fe510	001e0ee8
b720865d	001e0f1e
b720a7f3	001e0f3c
b723fede	001e0f7c
b724ac56	001e0fa4
b725a91e	001e0fd0
b726b5b9	001e102c
b72843a1	001e1046
b72a9cbc	001e1068
b72ddb46	001e1082
b72dfa18	001e10ba
b72f1d07	001e10f8
b7316917	001e1116
b73177ca	00172e32
b7344d38	001e1130
b73562f0	000cb7fe
b7359b97	001e115c
b73a0fb3	001e1180
b73a9b1a	001e11b0
b73e0efc	001e11ec
b73efd48	001e1240
b741786e	001e1298
b741bbfb	001e12f4
b74217e7	001e132e
b74397fd	001e1354
b74448a3	001e137e
b746e8e9	001e13c4
b747bccf	001e1412
b7486f8c	001e1436
b748d4a3	001e1454
b749c34c	001e1476
b74b8f21	000ff0bc
b74bae67	001e1496
b74d4887	001e14d8
b752e185	001e1508
b7536fa1	001e1536
b753fc0f	001e155c
b754697d	001e1580
b7548f4b	001e15b2
b75a3b7e	001e15d8
b75a4ab0	001e15f6
b75b84dc	001e1630
b75e465b	001e1660
b760553d	001e1688
b761d691	001e16e4
b761d968	001e1710
b7647357	001e1742
b764b581	001e1758
b76623f2	001e1784
b7669612	001e17b2
b766f618	001e17e0
b7672946	001e181a
b767cda4	001e1844
b768daf3	001e186c
b769c846	001e1888
b769f3c1	001e18b8
b76c8e61	001e18fa
b76cd520	001e1924
b76d3de0	001e196a
b76d84e0	001e1984
b7700634	001e19a6
b770dbad	001e19ce
b7712276	001e1a24
b7724a95	001e1a38
b7726044	001e1aba
b77478d0	001e1ae6
b774959e	001e1b04
b7753064	001e1b26
b776089d	001e1b5e
b77662aa	001e1b90
b776ac88	001e1bae
b7775c24	001e1bd8
b7779918	001e1bfa
b777ea48	001e1c32
b77dc9b5	001e1c5c
b7803962	001e1ca6
b78187f7	001e1ce2
b7826d2a	001e1d26
b783c58a	001e1d5c
b784622f	001e1d8e
b78a06db	001e1ddc
b78bb5c2	001e1e08
b78f3bc8	001e1e28
b7912c0e	001e1e62
b7914038	001e1e9a
b7945c61	001e1ecc
b7956c89	001e1f06
b7966ca7	001e1f1a
b796f3a6	001e1f58
b7985aec	001e1f80
b79ad3c9	001e1fb8
b79cc06c	001e1fd8
b79d04ef	001e2038
b79e51ac	001e2058
b7a04f95	001e2084
b7a138fe	001e20b8
b7a2562e	001e20da
b7a2689f	001e20f6
b7a567f0	001e212e
b7a81c9a	001e215c
b7a89f95	001e21d0
b7ada05a	001e21fa
b7b06c13	001e2228
b7b54d6f	001e2260
b7b57f95	001e22a2
b7b5f8c0	001e22e0
b7b60fe5	001e233e
b7b8758d	001e235e
b7b8ee11	001e23d8
b7b9cc74	001e2404
b7baa452	001e2428
b7bbbadc	001e2456
b7c18912	001e2474
b7c1f547	001e24bc
b7c291e2	001e24f0
b7c34cd3	001e2518
b7c455d1	001e2534
b7c4a2b2	001e2550
b7c4fa38	001e2576
b7c561f6	001e25a6
b7c617a2	001e25ce
b7c89415	001e25fe
b7c95a8b	001e261a
b7ca8065	001e263e
b7cb4197	001e2654
b7cb7857	001e2674
b7cc8534	001e269e
b7cd50de	001e26f4
b7ce61ac	001e2734
b7cfa0db	001e2764
b7d0f1c7	001e2786
b7d16b86	001e27d2
b7d1da7f	001e2802
b7d28b20	001e284e
b7d30bdc	001e287e
b7d31221	001e28ac
b7d5772b	001e28d8
b7d7987d	001e28f0
b7d7e3f0	001e293e
b7dc833a	001e297a
b7debd5f	001e29b4
b7e0aa88	001e2a26
b7e116f9	001e2a3e
b7e14dd3	001e2a7a
b7e25e66	001e2a9c
b7e3fe2b	001e2abc
b7e4a65d	001e2ade
b7e56e78	001e2b26
b7e70596	001e2b9c
b7e8b77e	001e2bde
b7eaf049	001e2c04
b7eaf672	001e2c34
b7eb023c	001e2c54
b7eb183c	001e2ca6
b7ef73b0	001e2cf0
b7f069ea	001e2d42
b7f27c2e	001e2d8c
b7f2bdaf	001e2db0
b7f2c39e	001e2de4
b7f488ac	001e2e22
b7f4ddbd	001e2e42
b7f82712	001e2e64
b7fde8e2	001e2eb8
b7ff8c2e	001e2f14
b8010efc	001e2f36
b801fe32	001e2f6e
b8036335	001e2f96
b804e968	001e2fca
b806d9f3	001e2fe0
b808c37b	001e3016
b8094a75	001e3046
b809547a	001e305c
b809fc64	001e307e
b80ccc15	001e30a6
b80d54a7	001e30e2
b80fb292	001e30f4
b8146fcc	001e311a
b81562f5	001e316e
b8171690	001e318e
b8179046	000c1046
b817d603	001e31a2
b817e79c	000c1046
b819b31b	001e31b4
b81b710c	001e31f4
b81d67ee	001e322c
b81ff444	001e3266
b820b786	001e3296
b820ca6c	001e32e2
b8231b87	001e32fc
b8237c88	001e3334
b823d71e	0009b0d4
b8253c4d	001e3376
b825495a	001e339c
b8295f80	001e33c0
b82ac348	001e33da
b82bd935	001e3402
b82d3e9a	001e3424
b82e5221	001e344c
b82ec701	001e34b6
b82eec08	001e3506
b8302fd1	001e3530
b8352318	001e354c
b836bca3	001e357a
b837a75a	001e3598
b837f1b8	001e35cc
b838410c	001e3604
b839913d	001e363c
b83bc303	001e3664
b83c5258	001e36b4
b83c9613	001e36f8
b83cc7a2	001e3726
b83f55bd	001e3764
b8450480	001e378a
b845b555	001e379e
b847db14	001e37f4
b84b9f8e	001e3812
b84f1c35	000e3f44
b8510e7b	001e382c
b852714d	001e3866
b85323b7	001e3898
b855fc05	001e38bc
b857a97b	001e3922
b8589419	001e396a
b859c005	001e3988
b85b4383	001e39aa
b85bcccc	001e39d6
b860eec6	001e3a26
b8624c84	001e3a68
b8644f3e	001e3ab6
b86993f2	001e3ad4
b869d1f6	001e3af4
b86a2469	001e3b18
b86a8726	001e3b62
b86b438c	001e3b8c
b86bb3ef	001e3be8
b86bbbae	001e3c06
b8700ebf	001e3c54
b8708948	001e3c8c
b8729112	001e3cb6
b8753b80	001e3ce6
b87eb5ba	001e3d22
b87f1d76	001e3d58
b87f4bd3	001e3d74
b8840c67	001e3da0
b8848695	001e3dce
b886f88a	001e3e26
b8877913	001e3e5a
b88d9959	001e3e70
b88ddc0f	001e3e92
b89445da	001e3ec4
b89477f5	001e3eec
b89498fe	001e3f30
b899bd5a	001e3f60
b89c3d56	001e3f7a
b89c5c0b	001e3f98
b89e3175	001e3fd4
b89f2f2e	001e4000
b89ff1b7	001e401c
b8a017d9	001e403a
b8a081bf	001e403a
b8a0923e	001e403a
b8a09eaf	001e403a
b8a0e991	001e403a
b8a1c98f	00084ff2
b8a24044	001e4050
b8a31924	001e4090
b8a9e413	001e40da
b8abcd35	001e40fc
b8ac489e	001e4112
b8ace31f	001e4142
b8b171ec	001e4166
b8b1da69	001e419a
b8b34a65	001e4210
b8b5466e	001e4252
b8b5d098	001e429c
b8b94d4a	001e42d8
b8ba8b21	001e4326
b8bab0fe	001e4340
b8bb913a	001e4362
b8bd2b95	001e4392
b8bea1b4	001e43aa
b8bfdc93	001e43d8
b8bfe087	001e442e
b8c095e8	001e4458
b8c17786	001e4486
b8c395ec	001e44c0
b8c3dd2a	001e44dc
b8c69b63	001e450c
b8c6afe1	001e452e
b8c795bc	001e4556
b8c9664c	001e456e
b8cb8f22	001e45be
b8cb995b	001e45e4
b8ce7b4b	001e4626
b8d16e6c	001e468c
b8d51156	001e46d8
b8d964ac	001e46ea
b8d9d4a7	001e4708
b8dc0041	001e473c
b8df600a	001e476a
b8dfff73	001e4790
b8e3309c	001e47c6
b8e44925	001e4812
b8e46658	001e4830
b8e47950	001e4862
b8e8ee1f	001e4896
b8e95d9f	001e48ba
b8eaf582	001e48fc
b8ebb1a2	001e4942
b8ebcc89	001e4990
b8ef3926	001e49a6
b8ef7ee2	001e49f0
b8f1170f	001e4a3c
b8f2c67e	001e4a94
b8f3ecb9	001e4ab6
b8f80c03	001e4ada
b8f84c41	001e4b0e
b8f8e5ec	001e4b30
b8fa9e07	001e4b7e
b8fab66c	001e4ba6
b8fbf7da	001e4be8
b8fdc776	001e4c4a
b8fea6d6	001e4c6a
b8ffbfc8	001e4cb2
b907477c	001e4cd8
b908025b	001e4d04
b908c0de	001e4d2a
b9090fb8	001e4d52
b90be471	001e4d70
b90c38a3	001e4db4
b90c827e	001b3efc
b90e6c8e	001e4e1e
b90e8ef1	001e4e4e
b91808fb	001e4eae
b9185c32	001e4ef8
b9186932	001e4f54
b9193a85	001e4f78
b91b1c82	001e4fca
b91d1f62	001e4fe2
b91d7531	001e4fe2
b9209c62	001e4ff2
b92158c0	001e500e
b9230e91	001e5030
b9238b57	001e5050
b925b1a0	001e5072
b926c75a	001e50c2
b9294c7f	001e512c
b92a325f	001e515a
b92a3a59	001e518a
b92ac4e3	001e51b6
b92b05d0	001e5212
b92dbfe3	001e527e
b92e2fda	000b64ee
b92e47e7	000b64ee
b92fcb0b	001e52b2
b93029e4	001e52ee
b930e6d4	001e5328
b931eef8	001e538e
b93265b3	001e53ca
b932c35c	001e5402
b934c8de	001e541c
b9371cb0	001e5444
b937aa66	001e5444
b9386790	001e5458
b939da33	001e5486
b93b9bfb	001e54c0
b93dba23	001e550a
b93e157c	0017ad9a
b940aae3	001e5550
b940b5d6	001e556c
b941698b	001e55ee
b9432e11	001e561e
b943772d	001e5652
b94a4668	001e569c
b94b2cab	001e56e6
b94c0373	001e570c
b94c0f83	001e573a
b94fe7b5	001e576e
b9503e5f	001e578a
b9532a27	001e57a4
b953c998	001e57be
b954efb2	001e57e2
b9572b47	001e5864
b95938e5	001e58a6
b9598221	001e58c8
b95a25f0	001e58fc
b95bc26b	001e5928
b962f77f	001e5954
b96329d1	001e59b2
b963a6a6	001e59de
b967c819	001e5a08
b967e612	001e5a26
b968385c	001e5aa8
b96bd284	001e5af0
b96c0116	001e5b30
b96cc4e4	001e5b6a
b96de165	001e5b94
b96ded21	001e5bbe
b96fce47	001e5bea
b970d59a	001e5c24
b970fb80	001e5c7e
b971dd09	001e5cce
b971eedf	001e5d00
b971f05d	001e5d00
b972c016	001e5d12
b974770e	001e5d54
b97538ed	001e5d90
b978257c	001e5dce
b9784e9b	001e5df8
b97dd31c	001e5e1e
b97e4b73	001e5e56
b9839a24	001e5e96
b983b14b	001e5ec6
b9845eb4	001e5ef2
b98479b0	001e5f24
b9860b8f	001e5f38
b98675d9	001e5f38
b98810e7	001e5f6e
b988b342	001e5fe6
b9891b18	001e6014
b9896482	001e6034
b98a9ed8	001e606a
b98d12ae	001e6088
b9901f1b	001e60c0
b994623c	001e60de
b994dfb5	001e6100
b99561f5	001e612c
b9963320	001e6166
b9987615	001e61e4
b99af7fb	001e620c
b99c0289	001e623e
b99d73c7	001e6264
b99d77ed	001e6264
b99fec55	001e6292
b9a01cc5	001e62c8
b9a65bb3	001e62e4
b9a74ea1	001e62f8
b9a8012f	001e632c
b9a9366c	001e637c
b9aa0130	001e638c
b9ac183d	001e63da
b9ad13f7	001e6426
b9ad8f0a	001e646e
b9b181ea	001e64ce
b9b359c1	001e6524
b9b3a874	001e6562
b9b4c5b3	001e658a
b9b53e0d	001e65ac
b9b57ca5	001e65f4
b9b93f6b	001e661e
b9b972a4	001e6656
b9bb726e	001e668e
b9bcd7cd	001e66c2
b9bce3b8	001e66f0
b9bf349f	001e671a
b9c551b9	001e673a
b9c7d470	001e6772
b9cce3da	001e6796
b9cf913a	001e67ec
b9d68e8e	001e681c
b9d877c4	001e6848
b9d9607d	001e6890
b9dadba8	001e68fc
b9dbf90b	001e6950
b9dc9b9a	001e696e
b9dcd3cc	001e698e
b9de1b1a	001e69c8
b9de9c60	001e69fe
b9defcdb	001e6a2a
b9e0798d	00125b84
b9e10010	001e6a6c
b9e2187b	001e6a84
b9e2f7af	001e6ad8
b9e405cd	001e6b1a
b9e42afa	001e6b3c
b9e5a5dd	001e6b72
b9e93958	001e6b9c
b9edb618	001e6bc4
b9ef8ae3	001e6bfc
b9ef99b4	001e6c26
b9f0529c	001e6c3e
b9f0abb9	001e6c74
b9f1023e	001e6ccc
b9f427f9	001e6cf4
b9f5a9ba	001e6d22
b9f5f3fb	001e6d3c
b9fb1b78	001e6d54
b9ff9435	001e6d94
ba005359	001e6de4
ba016af8	001e6e3c
ba0465e6	001e6e62
ba06e416	001e6e98
ba0af663	001e6ed0
ba0cfd05	001e6ee8
ba12d6f5	001e6f1c
ba13b121	001e6f42
ba164d1e	001e6f94
ba172ed0	001e6ff4
ba176f8b	001e7008
ba19246a	001e703c
ba1cb5f2	001e7074
ba1cf885	001e709a
ba1f6bcf	001e70c6
ba1f9f49	001e70ea
ba1fd7f7	001e711c
ba209277	001e7148
ba23b84f	001e7176
ba27aa1b	001e7190
ba28187e	001e71c8
ba298399	001e71ea
ba2b9eaa	001e7212
ba2c70d6	001e7284
ba2c932a	001e72aa
ba30cf7e	001e72dc
ba30e65b	001e730a
ba31e4ac	001e7336
ba328700	001e7388
ba34bad2	001e73ac
ba351019	001e73de
ba37237b	001e73fa
ba3df401	001e7424
ba415f44	001e7446
ba41f8a7	001e7492
ba430b02	001e74c0
ba431fbd	001e74d6
ba433733	001e74ee
ba433aec	001e7506
ba4348c2	001e751e
ba435bb3	001e7534
ba44ebd2	001e754a
ba45ac73	001e7582
ba45da2d	001e759e
ba4982d8	001e75c0
ba4a4ec8	001e75f2
ba4acb29	001e762a
ba4ad018	001e7668
ba4cac7c	001e76bc
ba4d7fc9	001e76e4
ba4e8195	001e7710
ba4f0860	001e7780
ba5160c0	001e77b6
ba521f6f	001e77fa
ba526752	001e782e
ba5272e7	001e787a
ba53fb8c	001e78d8
ba547ea0	001e7924
ba54cd6e	001e7940
ba568fb5	001e7964
ba575eac	001e79ae
ba586f70	001e79e6
ba5a2a21	001e7a14
ba5bc6ee	001e7a32
ba5cdd29	001e7a64
ba5f2d8f	001e7aa8
ba60790c	001e7ac6
ba61de6a	001e7aec
ba62b18e	001e7b42
ba631331	001e7b6e
ba6467da	001e7b98
ba65aab5	001e7bde
ba65b732	001e7c2e
ba65c1fa	001e7c4a
ba6655dc	001e7c6a
ba6b0997	0009cbc4
ba6b0bbe	0009cbc4
ba6b0c03	0009cbc4
ba6b0e33	0009cbc4
ba6b0f8b	00090588
ba6b14cc	0009cbc4
ba6b1af8	0009cbc4
ba6b1c5e	0009cbc4
ba6b366b	0009cbc4
ba6b52db	0009cbc4
ba6b8131	0009cbc4
ba6b8141	0009cbc4
ba6b8201	0009cbc4
ba6b825f	0009cbc4
ba6b8318	0009cbc4
ba6b8321	0009cbc4
ba6b8f05	0009cbc4
ba6b9305	0009cbc4
ba6b96e2	0009cbc4
ba6b9e89	0009cbc4
ba6ba07a	0009cbc4
ba6ba179	0009cbc4
ba6ba2ec	0009cbc4
ba6ba39f	0009cbc4
ba6ba6c1	0009cbc4
ba6bab59	0009cbc4
ba6bad2e	0009cbc4
ba6baf10	0009cbc4
ba6bb0f0	0009cbc4
ba6bb123	0009cbc4
ba6bb62e	000f1ad6
ba6bb884	0009cbc4
ba6bbdaf	0009cbc4
ba6bbdde	0009cbc4
ba6bc17c	001e7ca4
ba6bc2c5	0009cbc4
ba6bc610	0009cbc4
ba6bc710	0009cbc4
ba6bc71c	0009cbc4
ba6bd651	0009cbc4
ba6be22d	0009cbc4
ba6be485	0009cbc4
ba6be51c	0009cbc4
ba6bee0a	0009cbc4
ba6bf132	0009cbc4
ba6c7598	001e7cfa
ba6d24a0	001e7d42
ba6fa46c	001e7d5e
ba758d4d	001e7d7a
ba75c43a	001e7d9a
ba75e814	001e7db6
ba77476c	001e7dd4
ba7bd5cf	001e7e0c
ba7e45d6	001e7e30
ba7e8408	001e7e30
ba7e862d	001e7e30
ba7e8e50	001e7e30
ba7e9692	001e7e30
ba7e9c2f	001e7e30
ba7ecbc1	001e7e30
ba7ee5d0	001e7e30
ba7ee731	001e7e30
ba7eefeb	001e7e30
ba7efa9c	001e7e30
ba7eff32	001e7e30
ba81ac34	001e7e46
ba833bbc	001e7e68
ba83b305	001e7ea4
ba843e89	001e7ebe
ba8463d9	001e7ef0
ba88075e	001e7f40
ba89512a	001e7f64
ba8979f1	001e7f98
ba89e3dc	001e7fb0
ba8a1287	001e7fda
ba8b1cfb	001e8002
ba8b80b6	001e801e
ba8bbf06	001e8070
ba8c498b	001e808c
ba8d414e	001e80b0
ba9165cd	001e80ce
ba91a915	001e8100
ba933811	001e811c
ba96f73a	001e813c
ba974576	001e8162
ba9ab4fa	001e8192
ba9be29c	001e81cc
ba9e3869	001e81fa
ba9f5bcc	001e8238
baa3d28a	001e8284
baa5e663	001e82ce
baa6b01c	001e82e6
baa6f8fb	001e835a
baa8b6f9	001e8392
baaa3bbd	001e83aa
baaf742d	001e83e6
bab0a063	001e8412
bab1026d	001e8444
bab10bae	001e846a
bab12cb6	001e846a
bab3bd92	001e8480
bab55333	001e84ae
bab824e9	001e84f2
bab9a966	001e8512
baba13fe	001e8546
baba7523	001e8570
babc2bc1	001e8592
bac059ff	001e85b4
bac129d9	000f9ad0
bac257a1	001e85fa
bac30ebd	001e863e
bac3f694	001e865a
bac47526	001e86a6
bac6c352	001e86cc
bac78a88	001e86f8
bac7f5f2	001e8728
bac91255	001e8756
baca3b27	001e877c
bacace2c	001e87b8
bacfeeff	001e87e0
bad0171a	001e8812
bad03699	001e8812
bad08be2	001e8812
bad0a859	001e8826
bad101e9	001e884c
bad29d6f	001e888e
bad2b4a9	001e88b8
bad380af	001e88dc
bad4e7ef	001e88fc
bad892bc	001e8958
bad9b0ad	001e89b2
bad9d7dc	001e89b2
bad9d971	001e89b2
bad9daae	001e89b2
bad9ff70	001e89b2
bada80ff	001e8a00
badb6967	001e8a52
badcea59	001e8a92
bade8ab6	001e8ad0
badf15b4	001e8b08
bae2a531	001e8b30
bae3ce1f	001e8b62
bae4003f	001e8b7a
baea1699	001e8b98
baea1780	001e8b98
baeb2c14	001e8bdc
baed0463	001e8c12
baeec5d3	001e8c2e
baf15081	001e8c5a
baf1d0b1	001e8cae
baf1d9f8	001e8cec
baf2cf81	001e8d12
baf48eae	001e8d36
baf50d52	001e8d8c
baf7aa14	001e8dae
bb0112ab	001e8de0
bb021e65	001e8e22
bb022268	001e8e80
bb04ca1f	001e8eca
bb07463f	001e8f04
bb07b26a	001e8f30
bb082b6a	001e8f5e
bb0ca12e	001e8f82
bb0ed251	001e8fa6
bb11d32d	001e8ff4
bb195e18	001e9022
bb1a52f9	001e9040
bb1c20ca	001e9072
bb1d1af6	001e908c
bb1d1f1c	001e90ae
bb1dd0b1	001e90c2
bb1f8974	001e90e8
bb23ce37	001e90fc
bb27f28c	001e912c
bb2aa77e	001e914e
bb2c0252	001e9170
bb3157ce	001e918c
bb34bdf1	001e91ba
bb36bea7	001e922c
bb37592a	001e927c
bb379a9f	001e929c
bb39a592	001e92b4
bb3a85a1	001e9300
bb3ac0d5	001e931e
bb3bdc9f	001e9354
bb3c205d	001e938a
bb3dd887	001e93ac
bb3e505d	001e93ca
bb418af3	001e93ec
bb41ff77	001e9410
bb4226cf	001e9436
bb42f8b1	001e9452
bb435e78	001e9482
bb47f781	001e949c
bb4917a2	001e94ca
bb4b4f07	001e9510
bb4cb067	001e9536
bb4cba94	001e956a
bb4df491	001e958c
bb517667	001e95de
bb5293b5	001e960a
bb531e24	001e9654
bb539912	001e969a
bb56857f	001e96ca
bb588223	001e970c
bb5af4a6	001e972a
bb5af4ac	001e972a
bb5c9b7e	001e9750
bb604350	001e9768
bb6376d0	001e97a6
bb64cbe3	001e97c0
bb64fec3	001e97e8
bb653ed2	001e9806
bb669086	001e9880
bb68829b	001e98a8
bb68a80d	001d68d8
bb68e5c8	001e9902
bb694d73	001e9936
bb69cc2e	001e998c
bb6ad423	001e99a6
bb6b1f8d	001e99ea
bb6b2633	001e9a26
bb6bae05	001e9a26
bb6bb092	001e9a26
bb6bb8de	001e9a26
bb6bc4ba	001e9a26
bb6bd8fe	001e9a26
bb6bdf18	001e9a26
bb6be428	001e9a26
bb6bf060	001e9a38
bb6bfd7f	001e9a5c
bb6ceab4	001e9a8c
bb6d04cf	001e9ac6
bb6f2960	001e9ae2
bb6fb2a4	001e9b18
bb720026	001e9b3e
bb728dba	001e9b68
bb730455	001e9ba8
bb767207	001e9bce
bb788514	001e9c06
bb7b2790	001e9c2a
bb7d4c1c	001e9c60
bb7e5c66	001e9cba
bb8061e4	001e9ce8
bb81888c	001e9cfc
bb8657d0	001e9d38
bb872ed2	001e9d56
bb8931d8	001e9d96
bb8a47de	001e9dce
bb8bfe79	001e9dea
bb8c29ab	001e9e12
bb8cac4a	001e9e4c
bb8d96c3	001e9ec2
bb8e5321	001e9ef0
bb912ef5	001e9f0a
bb930c9d	001e9f4c
bb968c43	001e9f88
bb9947ca	001e9fba
bb994e98	001e9ff2
bb99ad4f	001ea012
bb99b6bc	001ea034
bb9f0b2a	001ea066
bb9fa8ff	001ea082
bba103d6	001ea09a
bba14369	001ea0be
bba5fdaf	001ea122
bba6665f	001ea172
bba75e1d	001ea1ce
bbab8aaa	001ea1f2
bbae9a8c	001ea204
bbaf084b	001ea224
bbb245a6	001ea25a
bbb2597f	001ea2b0
bbb44ce5	001ea322
bbb4fee7	001ea380
bbb624ab	001ea3b8
bbb7e8b1	001ea3dc
bbb83fff	001ea408
bbb90d13	0006b37e
bbb91a00	0006b37e
bbb91ac3	001ea458
bbb97558	0006b37e
bbb9aaa6	001ea46c
bbb9bf46	0006b37e
bbb9f2e4	001ea482
bbbcc836	001ea4d4
bbbe0acf	001ea514
bbbf7594	001ea53e
bbc15ccf	001ea566
bbc302b8	001ea58c
bbc340ec	001ea5b8
bbc3cc7c	001ea5ec
bbc40818	001ea632
bbc4298b	001ea632
bbc45a49	001ea632
bbc46325	001ea650
bbc46f3e	001ea632
bbc49059	001ea632
bbc58528	001ea676
bbc5e73f	001ea69c
bbc7ca0b	001ea6c2
bbcaa49c	001ea6e6
bbcace07	001ea6e6
bbcaf721	001ea6e6
bbcd27bf	001ea6fc
bbcf00b0	001ea720
bbd052fc	001ea77e
bbd1f260	001ea7d8
bbd2a44a	001ea810
bbd6c95f	001ea83e
bbd85964	001ea8a8
bbda48e6	001ea8ca
bbdb5c7f	001ea8fc
bbdca173	001ea922
bbde08f9	001ea95e
bbde94e5	001ea982
bbe1dcaa	001ea9b2
bbe2feb2	001ea9e6
bbe42b1b	001eaa26
bbe71c8c	001eaa44
bbe75aaf	001eaa5e
bbe7ceb4	001eaaae
bbea5047	001eaaf0
bbeb4e8b	001eab08
bbed9a2d	001eab56
bbee20ad	001b131a
bbee4aab	001eab8a
bbee5b8e	001b131a
bbef2e35	001523ca
bbef342d	001eabd6
bbef4e97	001523ca
bbef607b	001523ca
bbef8352	001523ca
bbefa532	001eac16
bbefd17b	001eac16
bbefdd3f	001523ca
bbf0ee80	001eac3c
bbf0ff1e	001eac8a
bbf257a6	001eacc2
bbf80cb3	001eacf4
bbfaceca	001ead48
bbfdf84d	001ead68
bc082b98	001ead88
bc090948	001eadae
bc0bcc4e	0018a2bc
bc0dfb3b	001eade4
bc0eebe6	001eae0a
bc102bd8	001eae46
bc164ed6	001eae6c
bc1790fa	001eaea8
bc1c2000	001eaec6
bc1c6b1f	001eaefc
bc1dbb99	001eaf32
bc1e82a4	001eaf4c
bc1eaddc	001eaf84
bc1f78bf	001eafd2
bc22d3b9	001eb01c
bc23eeca	001eb036
bc24a577	001eb05a
bc25e7ee	001eb086
bc272093	001eb0ae
bc29f2d4	001eb0d8
bc2b938d	001eb106
bc2c61e0	001eb12c
bc2c7e2f	001eb12c
bc2ca0a8	001eb12c
bc2d62e7	001eb144
bc3088df	001eb1a4
bc30e7a6	001eb1ca
bc33574e	001eb1fc
bc344bb1	001eb228
bc345c13	0010ae90
bc348187	001eb24c
bc348f27	001eb26c
bc34a740	001eb2b4
bc37b993	001eb2d4
bc3977f7	001eb2f4
bc3b2615	001eb332
bc3b430d	001eb376
bc3c2677	001eb396
bc3c5cbe	001eb3d4
bc3ee7f5	001eb416
bc414766	001eb460
bc41591f	001eb480
bc4246d3	001eb49a
bc437fec	001eb4b0
bc44105f	001eb4d8
bc451935	001eb50e
bc46f471	001eb550
bc4b540c	001eb582
bc4f8336	001eb5c2
bc525d99	001eb600
bc5278c3	001eb61c
bc534780	001eb64c
bc587052	001eb676
bc58a33f	001eb6ac
bc5ae6fc	001eb6c2
bc5c2aad	001eb6ea
bc5ec4cb	001eb736
bc622848	001eb770
bc63344b	001eb7a4
bc637d45	001eb81c
bc64c1fb	001eb86e
bc64cbbb	001eb8a2
bc65e89b	001eb8d2
bc6c6929	001eb8f6
bc6d15c0	001eb91c
bc6d88c6	001eb96c
bc70d184	001eb9a0
bc72bcf3	001eb9c2
bc741adc	001eba00
bc759d99	001eba2a
bc788688	001eba4e
bc78ca91	001ebaa6
bc7ac424	001ebaca
bc7b1b1a	001ebae4
bc7ed576	001ebb0a
bc82bd46	001ebb46
bc832db6	001ebb74
bc84e648	001ebb8e
bc860c98	00072b52
bc864bc7	00072b52
bc86612f	00072b52
bc86737a	00072b52
bc86cf67	00072b52
bc890bda	001ebbbc
bc8ca4b6	001ebbd8
bc8e7115	001ebbf8
bc8ea785	001ea6e6
bc8eacfd	001ebc4c
bc900be4	001ebc8c
bc91bdaa	001ebcb4
bc92c07d	001ebcde
bc959518	001ebd00
bc95f55a	001ebd56
bc95faf6	001ebd76
bc965ee0	001ebd96
bc96b76e	001ebdcc
bc970e6f	001ebe28
bc97c602	001ebe60
bc9a6ec4	001ebe8a
bc9b4f04	001ebebe
bc9f9453	001ebf04
bca1e1b6	001ebf3c
bca23834	001ebf90
bca3cea7	001ebfe6
bca51025	001ec01c
bca7bab2	001ec050
bcaa5174	001ec06e
bcaca671	001ec0b0
bcad234e	001ec0e4
bcaec18b	001ec10a
bcb1c608	001ec12e
bcb65273	001ec174
bcb8170c	001ec1ae
bcb8f42e	001ec1e2
bcb93d66	001ec230
bcb94bbe	001ec244
bcb9606a	001ec244
bcb969e6	001ec244
bcb96e5b	001ec244
bcb975af	001ec244
bcb979c1	001ec244
bcb9991c	001ec25a
bcba4308	001ec28e
bcbb2f16	001ec2b0
bcbb41a9	001ec2c8
bcbd6b0c	001ec2de
bcbf4e9d	001ec300
bcc0603d	001ec33c
bcc14a50	001ec36c
bcc175d7	001ec3a2
bcc22a56	001ec3de
bcc241fd	001ec414
bcc4aeeb	001ec440
bcc4b83b	001ec472
bcc5612f	001ec4c0
bcc5b751	001ec4fa
bcc796fe	001ec516
bcc8ce83	001ec568
bccb3f69	001ec590
bccc7100	001ec5f4
bcceba09	001ec626
bccf5c9e	001ec652
bcd18336	001ec690
bcd1d38c	001ec6c0
bcd4fedd	001a4e42
bcd65505	001ec700
bcd97dc2	001ec732
bcd97e7e	001ec732
bcda300e	001ec750
bcdae523	001ec79e
bcdb159e	001ec7d2
bcde5264	001ec804
bce0dbd2	001ec830
bce2c483	001ec864
bce55026	001ec8c0
bce55f0b	001ec8e6
bce6dc18	001ec91a
bcea6b16	001ec95a
bceb243b	001ec998
bceb55b5	001cbc48
bcebc543	001ec9c4
bcebc79b	001eca0e
bcee670a	001eca3e
bcef0ab4	001eca84
bcf057cb	001ecad2
bcf299d3	001ecafa
bcf3b94d	001ecb1e
bcf7698e	001ecb5c
bcfb6152	001ecbc4
bcfccbb7	001ecbdc
bcfd0b56	001ecc78
bcfd1290	001eccb6
bd009b26	001ecce4
bd009f53	001ecd0a
bd020873	001ecd28
bd02ebb9	001ecd74
bd047a7f	001ecdbc
bd064758	001ece18
bd08af3e	001ece36
bd0b9993	001ece56
bd0cd044	001ece8a
bd0f442a	001ecec8
bd133eee	001ecee6
bd15afc4	001ecf08
bd179a7a	001ecf6e
bd17c1b3	001ecf86
bd1ac12d	001ecfa4
bd1ba2f1	001ecfe4
bd1cda0d	001ed004
bd1defe1	001ed02c
bd1e2190	001ed05e
bd1eaeca	001ed0a8
bd216950	001ed0cc
bd21a5d5	001ed100
bd233649	001ed126
bd2336c4	001ed152
bd234620	001ed198
bd24ad9b	001ed1d8
bd26fced	001ed20a
bd2897af	001ed234
bd28ad2f	001ed266
bd29c598	001ed2a4
bd2a0f0b	001ed2d8
bd2bf1b6	001ed2f4
bd2cf430	001ed310
bd2d320e	001ed34a
bd306da2	001ed374
bd30c2f7	001ed39c
bd316cc6	001ed3c4
bd33f35e	001ed408
bd340c3f	001ed43a
bd3535d6	001ed47a
bd37430f	001ed4ba
bd387432	001ed4e2
bd39a506	001ed504
bd39b4f0	001ed52a
bd3a3b06	001ed546
bd3a7653	001ed56c
bd3f26dc	001ed5a4
bd3ff9b0	001ed5e4
bd419f9b	001ed60a
bd41cc3e	001ed656
bd41fe78	001ed67a
bd425563	001ed6de
bd42bcb2	001ed708
bd468e07	0008cfea
bd46aa5a	001ed74a
bd4769a1	001ed796
bd48626a	001ed7b4
bd491746	001ed7dc
bd4d406e	001ed810
bd4e79ea	001ed83c
bd4ec7d5	001ed85a
bd4ed8ea	001ed87c
bd4ff314	001ed8a0
bd50e236	001ed8d2
bd523446	001ed912
bd533195	001ed92e
bd5639c6	001ed95c
bd564021	001ed9a2
bd580ce6	001ed9be
bd5a8625	001ed9da
bd5d7a66	001ed9fc
bd5e7ee5	001eda1c
bd5f8208	001eda4e
bd5feb2b	001edab4
bd617ee4	001edb08
bd634e3b	001edb3e
bd64a22e	001edb76
bd67395f	001edbc6
bd677af8	001edbf4
bd67a8e7	001edc3c
bd6987c3	001edc66
bd6b4d79	001edca0
bd6beea3	001edcc2
bd6c2b43	001edce8
bd6d4862	001edd26
bd6f3b18	001edd4e
bd71b7f7	001edd7e
bd7531d4	001edda2
bd76380b	001eddce
bd77f34d	001eddf8
bd77fa40	001ede28
bd7b88a8	001ede48
bd7bf753	001ede6e
bd7c7fdf	001eded2
bd7e74a0	001edf02
bd818008	001edf28
bd8314e1	001edf68
bd837835	001edfa4
bd83a353	001edfda
bd84d503	001edff8
bd860cb8	001ee016
bd860e0a	001ee04a
bd866b55	001ee088
bd8a198d	001ee0ac
bd8ab1bd	001ee0d4
bd8d0f6a	001ee10e
bd8e97a7	001ee16c
bd8ec228	001ee1a0
bd8f4476	001ee1dc
bd92baa0	001ee1f2
bd939f0c	001ee230
bd95da3b	001ee27c
bd9a35bd	001ee298
bd9aa71f	001ee2d6
bd9acfad	001ee2fa
bd9b2d6d	001ee32e
bd9b5efe	001ee358
bd9bfda9	001ee384
bd9d1fd5	001ee3b6
bd9e6221	001ee3de
bd9f2aa1	001ee404
bd9f8f38	001ee432
bda01378	001ee454
bda20505	001ee49a
bda23b33	001ee4d8
bda242c1	001ee510
bda36433	001ee558
bda3c163	001ee5ae
bda45165	001ee5ea
bda9ad83	001ee610
bdaf2f26	001ee636
bdb4a081	001ee694
bdb6957e	001ee6dc
bdb7c1e3	001ee6fa
bdb8890d	000e3f44
bdb8c5a7	001ee710
bdba6814	001ee722
bdbb9957	001ee760
bdbbd6fb	001ee782
bdc33bec	000ff0bc
bdc34674	001ee7b0
bdc52239	001ee7cc
bdc671f5	001ee80a
bdc68e9c	001ee820
bdc75e6f	001ee842
bdc7e1ee	001ee85e
bdca6c86	001ee8dc
bdcb40df	001ee906
bdcb7ed9	001ee920
bdcbc612	001ee94a
bdcd2daa	001ee98e
bdcf2deb	001ee9f2
bdd1b7e1	001eea2a
bdd36c40	001eea62
bdd46278	001eea9a
bdd603d8	001eead2
bdd8d112	001eeafa
bddb26d1	001eeb2e
bddd6b9d	001eeb54
bdde1f9b	001eeb7e
bde2afa4	001eeba0
bde4b8ae	001eebd2
bde9f1d9	001eebfe
bdea35a4	001eec16
bdeb3885	001eec36
bdec680f	001eec76
bdec8414	001eecd6
bdecfd1c	001eecf8
bded714d	001eed58
bdedc4dc	001eed94
bdee599e	001eeddc
bdf1302f	001eee18
bdf240d2	001eee42
bdf50c43	001eee7a
bdf66bd4	001eeeb0
bdf695f2	001eeee4
bdf904f3	001eeefc
bdfc2623	001eef34
bdfcf015	001eef52
bdfd3c83	001eef8c
bdfe3580	001eefae
bdfebea2	001ef010
be0079e8	001ef036
be039310	001ef056
be03e8a0	001ef086
be047cb7	001ef0de
be04e079	001ef104
be053c4c	001ef12e
be07f58d	001ef188
be08c115	001ef1b2
be092009	000d1456
be09348f	0009bd66
be094a58	0009bd66
be095d99	0009bd66
be09b990	0009bd66
be09fb6b	001ef1e2
be0abc28	001ef20e
be0af851	001ef24a
be0e7028	001ef26c
be0eb339	001ef28a
be0f778c	001ef2c4
be1048c3	001ef2e0
be1167f9	0005db6c
be121b58	001ef33c
be1420d7	001ef35a
be145d39	001ef390
be146369	001ef3da
be15e8ca	001ef42e
be17fe95	001ef452
be180aa6	001ef46e
be1985ff	001ef494
be1c9333	001ef4c0
be1c9f1e	001ef4c0
be204d4d	001ef4d8
be21b8ad	001ef540
be21ccc9	001ef560
be232c61	001ef5f2
be240c62	001ef626
be25ab78	001ef66c
be27f81a	001ef69e
be2865a0	001ef6bc
be2bc412	001ef72e
be2d0496	001ef776
be31896b	001ef79e
be3215ab	001ef7b2
be321dd4	001ef7ec
be3352bd	001ef820
be3407f6	001ef83a
be35fb6d	001ef87e
be366399	001ef8ca
be3b92a2	001ef8fa
be3baec0	001ef928
be3d4046	001ef964
be3f7acb	001ef9ae
be415d67	001ef9d0
be41c8d6	001efa26
be42c163	001efa76
be43e27a	001efa9c
be477035	001efada
be4a5746	001efb0c
be4d7578	00090588
be4dfcff	001efb3c
be4e78f8	001efb5e
be5161fb	001efb9a
be542ad7	001efbc2
be548eeb	001efbe6
be559d1c	001efc08
be55bf7b	001efc44
be5749bf	001efc74
be5881f3	001efcb8
be59760b	001efcda
be5b4676	001efd14
be5bce1e	001efd46
be5bf629	001efd62
be5d9f32	0017078c
be606898	001efd8e
be609411	001efdc0
be6337e4	001efde4
be65b8b6	001efe12
be66189a	001efe4c
be6726f7	001efe68
be6853fa	0007d326
be687bfa	001efed0
be6dd9d7	001eff08
be74c58e	001eff54
be753b65	001eff8a
be76f419	001effc6
be77b21f	001f0012
be77fe2e	001f0066
be794f3a	001f0094
be799001	001f00b4
be7aa0f5	001f00e6
be7c58ea	001f0118
be7c655c	001f0158
be7f1925	001f0186
be7fa76e	001f019e
be7fd39e	001f01d0
be80824c	001f01ec
be80c665	001f020e
be8143ea	001f026a
be83cc73	001f0294
be881b95	001f02f4
be897c82	001f0312
be89e3d7	001f032a
be8a0f8a	001f035a
be8a9a67	001f037c
be8ac78c	001f03b0
be8d2f7c	001f03ea
be8d59c9	001f0408
be8e6e5d	001f0434
be90ddea	0010e8da
be911493	001f0458
be927483	001f0486
be929f56	001f04a0
be949845	001f04bc
be966e2c	001f050c
be99455f	001f0552
be99509b	001f05ce
be9b2275	001f05f4
be9b63f0	001f0612
be9c5873	001f0670
be9c9816	00182ace
be9cb01f	001f0684
be9cb360	001f069c
be9cbb6e	001f06b4
be9e6768	001f06cc
be9ef637	001f0752
be9fa594	001f0784
bea15807	001f07c4
bea24e70	001f0822
bea4de91	001f0862
bea93bbb	001f0884
beaabdf1	001f0896
bead02d1	001f08e2
beaf50be	001f0936
beb42387	001f0964
beb45291	001f097c
beb52f85	001f0998
beb5946d	001f09ca
beb7cc81	001f09f0
beb7f474	001f0a16
beba871b	001f0a4e
bebb5e6c	001f0a6c
bebe042b	001f0a96
bebe7513	001f0ac0
bec24bc5	001f0af2
bec4b17f	001f0b22
bec7ecbb	001f0b5e
bec990e1	001f0b7a
becafab4	001f0bbc
becce8be	001f0bea
becfb4f1	001f0c32
bed24e97	001f0c6a
bed43962	001b9060
bed5f971	001f0cac
bed97734	001f0cd6
bedb80d7	001f0d02
beddb5fd	001f0d40
beddf34d	001f0d64
bede9618	001f0d94
bee02679	001f0db4
bee034ad	001f0db4
bee04ab3	001f0dc8
bee05548	001f0dde
bee240f8	001f0df2
bee266ef	001f0e4e
bee5d02e	001f0ea4
bee66372	001f0eda
bee7fa9a	001f0f12
bee937fd	001f0f2e
bee94e07	001f0f52
beea9f64	001f0f96
beec13b4	001f0fc2
beec9bdb	001f0ffa
beed6b4f	001f1040
beee35c0	001f1058
beef4d2f	001f10a8
bef487e9	001f10cc
bef599e6	001f10f6
befaaba9	001f112a
befbccba	001f114c
befcb465	001f1170
befd6f35	001f11ba
befe7735	001f11d6
befeecd5	001f11f4
bf01bbf2	001f121c
bf03381d	001f125c
bf0391c2	001f129c
bf060ba7	001f12c8
bf0778ad	001f132c
bf0a0d39	001f1356
bf0d7360	001f138c
bf0e102c	001f13b6
bf0f0421	001f1408
bf139085	001f1420
bf1cdea2	001f1436
bf1d512e	001745ee
bf218f63	001f1466
bf21d3dd	001f1482
bf227efc	001f14cc
bf230807	001f14f0
bf23bd5a	001f150c
bf275cd4	001f1548
bf277285	001f15be
bf2b1631	001f160c
bf2b47cb	001f1636
bf2d32c4	001f1676
bf2db524	001f16a0
bf2ede07	001f16b8
bf2f5c6e	001f1714
bf30be57	001f1738
bf318dd9	001f1756
bf31b718	001f1774
bf31b75b	001f179c
bf35c29c	001f17bc
bf35d030	001f17dc
bf383a26	001f1814
bf3b2d46	001f1840
bf3b68f8	001f1880
bf437638	001f18ac
bf486c22	001f18c8
bf4bf1f0	001f190a
bf502e6f	001f1932
bf506d00	001f1950
bf508aac	001f19b8
bf50b8f6	001f1a00
bf5171b0	001f1a4e
bf52f2b7	001f1a7a
bf54226c	001f1aa4
bf565959	001f1ada
bf5809cb	001f1b22
bf581595	001f1b40
bf5ccab4	001f1b5e
bf5e9ced	001f1b90
bf5f42ae	001f1bca
bf62a738	001f1c10
bf6305ad	001f1c4e
bf63bbb3	001f1c66
bf65d7c3	001f1ca2
bf667558	001f1cd0
bf6774ee	001f1d02
bf6b3f75	001f1d2c
bf6c1623	001f1d44
bf6ddf3c	001f1d74
bf6e4081	001f1d9c
bf6f0b1a	001f1db4
bf715b50	001f1dce
bf7251bd	001f1e0a
bf758d9a	001f1e26
bf762b4a	001f1e66
bf768310	001f1eb8
bf76df7e	001f1ef0
bf76e120	001f1f3c
bf786025	001f1fa6
bf787629	001f1ff0
bf78c109	001f2028
bf7a3d2c	001f204a
bf7a40d2	001f2060
bf7e6af9	001f208e
bf7e869f	001f20b4
bf8153fa	001f20f6
bf8432d6	001f213e
bf849af6	001f2172
bf84cf41	001f21be
bf896c87	001f220e
bf8a91b3	001f2256
bf8b4531	000f2252
bf8b7ccc	000f223a
bf8b8598	001f228e
bf8b87c5	000f2252
bf8bc287	000f223a
bf8bc790	000f2252
bf8bd56f	000f223a
bf8bdf35	000f2252
bf8bf50b	000f2252
bf8bfabc	001f22a8
bf8d6d67	001f22be
bf8f50e6	001f2300
bf8fa3ea	001f232e
bf924f63	001f2364
bf950441	001f23a2
bf968dd2	001f23d8
bf9695e5	001f23d8
bf96a36e	001855de
bf96a835	001f23ec
bf96d70c	001f23d8
bf970c5f	001f242a
bf976032	001f2450
bf97ca80	001f24b6
bf97e76e	001f24f2
bf985d45	001f252e
bf99109d	001f2578
bf9aabab	001f2596
bf9abad7	001f25ba
bf9c58d9	001f25ee
bf9e725e	001f260a
bfa07793	001f2652
bfa206aa	001f2682
bfa33bb7	001f26c0
bfa51264	001f2700
bfa5583c	001f2714
bfa59155	001f2756
bfa59f5e	001f277e
bfa6a532	001f27a2
bfa7ba92	001f27f6
bfa8680a	001f2838
bfaacb57	001f2864
bfaca1e7	001f288c
bfb3d7ec	001f28c8
bfb4ca8e	001f28f6
bfb53535	001f293c
bfb53cf6	001f296a
bfb8800b	001f29be
bfbd176d	001f29ee
bfbdfc53	001f2a20
bfbf138c	001f2a5e
bfc0219d	001f2aaa
bfc032ec	001f2ae8
bfc14158	001f2b3c
bfc18499	001f2b76
bfc18f55	001f2b9a
bfc24aba	001f2be0
bfc37146	001f2c0e
bfc39b63	001f2c2c
bfc47da2	00072fea
bfc51bce	001f2c3c
bfc7d123	001f2c56
bfc8e926	001f2cb0
bfca1ace	001f2cd0
bfcb1822	001f2cea
bfcb86d3	001f2d00
bfcd229f	001f2d16
bfd11ebc	001f2d6e
bfd1f9b8	001f2d94
bfd22095	001f2dc8
bfd28c23	001f2dea
bfd489b8	001f2e08
bfd52f1e	001f2e28
bfd5aa5a	001f2e3c
bfd5f00d	001f2e60
bfd77770	001f2ea6
bfdc05c7	001f2eda
bfdcabb3	001f2ef6
bfdf74f2	001f2f0e
bfe079ab	001f2f4c
bfe0eaa8	001f2f94
bfe15cff	001f2fbc
bfe49e49	001f2fe2
bfe71a69	001f3010
bfe83055	001f3032
bfea12c5	001f305a
bfede9bc	001f3080
bfee6e75	001f30a6
bff07b2c	001f30d2
bff0ca5b	001f3112
bff1d7c9	001f3168
bff30566	001f31ac
bff33638	001f31dc
bff35cca	001f3200
bff7e094	001f3218
bff8bfc5	001f324a
bff9196d	001f3274
bff99d35	001f3296
bffb2b9a	001f32de
c001359c	001f32fe
c0030477	001f331a
c0036a09	001f3340
c007129e	001f3360
c008c6c9	001f338a
c009cfe8	001f33e4
c00a43ab	001f3400
c00b8161	001f345e
c00c3c78	001f34ca
c00c5792	001f34f8
c00e4672	001f352c
c011e377	001f355e
c012c26c	001f358c
c01355bd	001f35d2
c014e1dd	001f35f2
c0168d20	001f360e
c0190046	001f363e
c0196bde	001f3658
c01da78c	001f3670
c01f9257	001f3682
c01f9fad	001f36a8
c01ff1f1	001f36d2
c021ddc3	001f3708
c025c08a	001f3754
c02ac119	001f37ae
c02c19cd	001f37da
c02f7298	001f37fa
c0318925	001f383a
c031b93f	001f3860
c03515e6	001f3880
c0356191	001f38de
c036fe2c	001f3910
c03745b9	001f393e
c03a2547	001f3958
c03b3213	001f39a6
c03c880e	001f39ea
c0409a51	001f3a38
c042e61c	00155b2c
c042eb3d	001f3a98
c042f451	001f3aba
c042f512	001f3aba
c042ff18	001f3ade
c043df39	001f3b00
c045cb33	001f3b5e
c04660e1	001f3ba6
c046c27f	001f3bc8
c04bcd5f	001f3bea
c04da7ec	001f3c26
c04f229e	001f3c56
c05289e3	001f3cb2
c0537dda	001f3cd6
c05432f6	001f3d16
c056bfc9	001f3d6c
c0581b48	001f3da0
c0587371	001f3dc0
c05e7e78	001f3dda
c0600ff3	001f3e0e
c063fb71	001f3e26
c0641370	001f3e5c
c065d436	001f3e7c
c0661098	001f3ee8
c06699ef	001f3f52
c067b442	001f3f78
c0687c1d	001f3fa0
c068da42	001f3ff8
c06ab696	001f4018
c06b7e0c	001f407c
c0733cde	001f40d2
c076e4b7	001f40f8
c0777643	001f412a
c0791064	001f4176
c07a8d7e	001f41da
c07aad82	001f4214
c07eceea	001f42ca
c07f9626	001f4316
c082eecf	001f4352
c082fa94	001f4380
c0840233	001f439e
c0844260	001f43e4
c0851471	001f4410
c0855766	001f4452
c0862abc	001f448e
c086e0c3	001f44b4
c088bebe	001f44ee
c08a1ca9	001f451a
c08ae715	001f4572
c08af7b9	001f4596
c08bf665	001f45be
c08c1b6a	001f45f8
c08d6927	001f4610
c08df9b0	001f462c
c08e29f4	001f4658
c08ec95b	001f46b0
c09136b0	001f46e6
c092440d	001a7382
c0927ff4	001f4710
c092f07c	001f4728
c0976ced	001f4742
c098a6bf	001f477e
c09a3b24	001f4796
c09b9d95	001f47c6
c09cf994	001f47e6
c09d28de	001f4804
c09e4f19	001f482e
c09f697c	001f4876
c0a040ba	001f48a0
c0a0c94f	001f48de
c0a19368	001f493a
c0a3eb71	001f4952
c0a403aa	001f499a
c0a6a573	001f49dc
c0a7c703	001f4a02
c0a8bc3e	001f4a18
c0af4591	001f4a6a
c0b53ca3	001f4a7e
c0b7df47	001f4a98
c0b86672	001f4ab8
c0b9ca40	001f4afe
c0bd08d9	001f4b6a
c0bf20a0	001f4bb2
c0bf8ce2	001f4c0a
c0bfc40a	001f4c46
c0c07c8c	001f4c64
c0c1a900	001f4c84
c0c55d9c	001f4cd0
c0c6c9fd	001f4cf4
c0c6ece2	001f4d4c
c0c777f7	001f4d6c
c0cc06f7	001f4da4
c0cd5e44	001f4dc2
c0ce6c3b	001a4ec2
c0ce8fab	001a4ec2
c0cecb85	001f4dee
c0d19af5	0005beb8
c0d1d2f9	001f4e1a
c0d79158	001f4e34
c0d8ab22	001f4e82
c0dc9e87	001f4ec4
c0ddbb38	001f4efe
c0de57e9	001f4f24
c0df4a2f	001f4f48
c0e14d9c	001f4f84
c0e1f848	001f4f98
c0e21f18	001f4fb2
c0e24cbf	001f4fda
c0e2a45d	001f5040
c0e41af5	001f508c
c0e68544	001f50d2
c0e696ab	001f5104
c0e754c7	001f5148
c0e76264	001f5172
c0e83e0a	001f5198
c0e91394	001f51c8
c0eb86de	001f51ec
c0eba0c9	001f5224
c0ec2d4b	001f5252
c0ed9ccc	001f52a2
c0ee6a39	001f52e8
c0ef6319	001f531a
c0f328c0	001f5338
c0f37046	001f535a
c0f4285d	001f539c
c0f5fde6	001f53e6
c0f8110a	001f5410
c0f97c11	001f546c
c0fb783f	001f54b4
c0fc3ac6	001f54da
c0fc5d57	001f54f2
c0fcbc36	001f555a
c0fdd833	001f5582
c0fded9d	001f55d4
c0ff8508	001f5622
c1002768	001f563e
c1026bb7	001f566a
c102920a	001f5686
c106442e	001f56bc
c1073186	001f56e2
c109e3d8	001f570c
c10ac6cf	001f5726
c10ba8f2	001f5742
c10e8231	001f5776
c10f4b15	001f57d0
c1110d21	001f5818
c11190fb	001f5838
c112b403	001f585e
c11324c2	001f588a
c115b1aa	001f58d2
c1167276	001f58f0
c118c59c	001f5936
c1193248	001f5960
c1196005	001f59ae
c11f252c	00114a30
c11f29ff	001f59e4
c11f327a	001f5a0c
c122ea15	001f5a6e
c127aebd	001f5aba
c12b5009	001f5af2
c12c6460	001f5b14
c12e8700	001f5b52
c12f3bba	001f5b6a
c1309a3d	001f5ba2
c132eb65	001f5be0
c134c3e7	001f5c2c
c139088c	001f5c68
c13fcf3a	001f5ca2
c141214a	001f5cca
c1460388	001f5ce6
c14bdab8	001f5d10
c14d8bf6	001f5d46
c14dc4fa	001f5d84
c14fae05	001f5da2
c1501874	001f5db4
c150b544	001f5de0
c15353d2	001f5e1a
c153a0e3	001f5e3e
c1542a16	001f5e76
c156fc0e	001f5eb2
c159a7fc	001f5ee6
c159cfcf	001f5ee6
c159d9c3	001f5f42
c159e71a	001f5f68
c15aafc0	001f5f8e
c15b90c5	001f5fb6
c15cb25c	001f5fd6
c15d64fa	001f5ffc
c15ef4c2	000846ec
c161bd2a	001f601e
c1621db6	001f605c
c164289a	001f607e
c1659217	001f60cc
c167a2f2	001f6116
c168232b	001f613e
c1683b4c	001f616c
c16a961c	001f61cc
c16daaef	001f6204
c16ddcbb	001f6234
c171b628	001f624c
c171f339	001f6278
c17324f4	001f629e
c1794c7f	001f62ca
c179e273	001f62e6
c17e7ce3	001f633a
c17e95f5	001f6360
c17e96f0	001f638e
c17ea015	001f63b8
c185be1d	001f63f8
c18850cb	001f6444
c18c8eba	001f645e
c18cfd65	001f64a4
c18ee909	001f64fc
c1901357	001f651a
c194497c	001f6558
c1955c1d	001f659e
c196d1da	001f65ce
c1994547	001f662e
c199febb	001f6664
c19ad538	001f6696
c19bc409	001f66ce
c19d72b9	001f6726
c19ed7e5	001f676c
c19ef81c	001f6798
c19f686c	001f67ea
c1a34ac4	001f6816
c1a372db	001f683c
c1a44960	001f6866
c1aab3a7	001f68d0
c1acc5ef	001f68ee
c1af6e08	001f6908
c1b04e3e	001f6936
c1b1bb5b	001f697c
c1b5510d	001f69c8
c1b61e1c	001f6a06
c1b6803a	001f6a28
c1b6b53b	001f6a3a
c1b80795	001f6a66
c1b8c9df	001f6a86
c1b9cb94	001f6ab6
c1baf571	001f6afc
c1bcce81	001f6b20
c1c2e74e	001f6b44
c1c39ca9	001f6b7c
c1c725a2	001f6bb0
c1c8fdf5	001f6be4
c1cb9f0f	001f6c2c
c1d007ec	001f6c52
c1d60797	001f6cac
c1d79572	001f6cfa
c1d9b509	001f6d1c
c1dafeac	001f6d6a
c1df54f4	001f6d98
c1e02463	001f6dc0
c1e1525e	001f6de2
c1e1e957	001f6e00
c1e27272	001f6e34
c1e2ded3	001f6e68
c1e31ede	001f6e98
c1e37aed	001f6eb6
c1e7f206	001f6ed0
c1e93d8d	001f6ee6
c1ec61ce	001f6f16
c1ee3528	001f6f4e
c1ee667c	001f6fac
c1f09f96	001f6fe6
c1f12d1e	001f703a
c1f1fef4	001f707c
c1f8b612	001f7096
c1f9190a	001f70b4
c1fa91a2	001f7120
c1ff2f43	001f7184
c200dd0b	001f71a8
c20222cf	001f71ba
c202b7d5	001f7208
c202c96e	001f722e
c2032307	001f7256
c2036d4f	001f7256
c204304f	001f7286
c20450e1	001f72b8
c2047fec	001f7324
c204cdc1	001f737c
c205c72f	001f73b6
c20623be	001f73fe
c2082e2a	001f742c
c2090b09	001f7446
c20baf1e	001f745e
c20de82d	001f749c
c20e4d37	001f74f0
c20f1dad	001f752a
c20f4419	001f7546
c21037c8	001f757c
c2104991	001f75b6
c210c2e8	001f75e4
c212867c	001f75fa
c2165d67	001f763c
c2173417	001f7676
c2182bbc	001f7724
c21a2337	001f7766
c21a4b32	001f77a4
c21c10c1	001f7806
c21ca035	001f7830
c21d1d29	00090244
c21d2461	001f7850
c21f97b1	001f787c
c21fa1b0	001f78b2
c2218d17	001f78e0
c222ee6b	001f78f8
c22c304e	001f7920
c22f9365	001f794c
c2304208	001f797a
c232b14c	001f799a
c2359d20	001589c8
c235e844	001f79ca
c2369a9a	001f7a12
c23dedaa	001f7a50
c2410002	001f7a92
c2416193	001f7ab6
c2417447	001f7af4
c2434e93	001f7b26
c248f7a6	001f7b4c
c2496dfc	001f7b88
c24a1fcb	001f7bee
c24b7fa5	001f7c1e
c24bdead	001f7c68
c24e72a6	001f7cca
c24f0b93	001f7d28
c24f70ea	001f7d54
c24fe43b	001f7d70
c2503cd2	001f7d90
c253d43e	001f7db4
c25725a2	001f7de2
c257a46b	001f7e02
c2584d60	001f7e2c
c259f6e2	001f7ea6
c25c9ef7	001f7ed8
c25d9031	001f7f0c
c25f5d08	001f7f26
c261c770	001f7f48
c262d7ed	001f7f98
c263ee78	001f7fe2
c264dbff	001f800a
c26b419e	001f8060
c26c5c91	001f8098
c26e8ada	001f80da
c27139ce	001f8100
c2729dc9	001f8132
c273bb8d	001f815c
c275b742	001f8192
c2761dbc	001f81c2
c278ba79	001f8228
c27919cc	001f8254
c27a6726	001f827a
c27c5c98	001f82ce
c27cbdb6	001f830c
c27cf9a1	001f8332
c27f5007	001f835c
c27f8849	001f8390
c2800b23	001f83f2
c2809a47	001f8414
c281c3b4	001f8432
c2828393	001f8458
c2836811	001f848c
c28af612	001f84c0
c28e621d	001f84f2
c28f5768	001f8510
c2938116	001f8558
c293bb28	001f857a
c294042f	001f8598
c294a35f	001f8598
c295e24b	001f85ac
c297f270	001f85c2
c298bbef	001f85d6
c298d818	001f8628
c299bf88	001f8652
c29d4bf8	001f8694
c29d5951	001f86c2
c29d894c	001f86c2
c29da041	001f86c2
c29db9b7	001f86c2
c29dce40	001f86c2
c29dfcc9	001f86c2
c29fe9d2	001f86dc
c2a1e564	001f8732
c2a47b3b	001f8752
c2a65dd5	00090588
c2a705c4	001f877e
c2a70b46	001f877e
c2a70d97	001f8790
c2a71685	000cb010
c2a71964	001f8790
c2a71aad	001f8790
c2a72e91	001f877e
c2a73661	001f8790
c2a73773	001f8790
c2a7463b	001f8790
c2a74971	001f8790
c2a74bfc	001f8790
c2a74c7a	001f877e
c2a74e8a	000cb010
c2a74f5a	001f8790
c2a750bf	001f877e
c2a75529	001f8790
c2a75f88	001f877e
c2a7602d	001f8790
c2a76a7d	001f8790
c2a76c08	001f8790
c2a76faa	001f8790
c2a77179	001f8790
c2a771c3	001f8790
c2a7729d	000cb010
c2a77602	001f8790
c2a776dc	001f877e
c2a77913	001f8790
c2a77a64	001f877e
c2a77b51	001f8790
c2a7c040	001f8790
c2a7e441	001f877e
c2a7f140	001f87a2
c2a7f39a	001f8790
c2a7f973	001f8790
c2aaa24b	001f87d2
c2ac6927	001f880a
c2acf8cf	001f8862
c2ad93fb	001f88aa
c2ae6d58	001f88ca
c2aef655	001f8922
c2aeff88	001f894c
c2b44f99	001f897c
c2b6b38e	001f89b4
c2b6c857	001f89d0
c2baa593	001f8a40
c2bcb00e	001f8a82
c2bd4229	001f8ab0
c2bd429e	001f8ade
c2c80a45	001f8b26
c2c8348c	001f8b74
c2c8c3e7	001f8bb6
c2c9763e	001f8bee
c2cba8e7	001f8c34
c2cc3d33	001f8c70
c2cf055d	001f8caa
c2d060f3	001f8cdc
c2d150f9	001f8d24
c2d28fa1	001f8d5c
c2d3de07	001f8d8a
c2d48ccb	001f8da2
c2d62b05	001f8ddc
c2d631a1	001f8dfc
c2d69a6f	001f8dfc
c2d739b9	001f8e12
c2d75e37	001f8e3a
c2d8caf4	001f8e6a
c2daafd5	001f8e9a
c2dc1a51	001f8ed0
c2dc25f2	001f8eea
c2dcca24	001f8f2c
c2e05f89	001f8f42
c2e0b473	001f8fb4
c2e1c67a	001f8fd8
c2e2c11d	001f9010
c2e827ec	001f9026
c2e92707	001f905c
c2ed1436	000b3900
c2ef53a2	001f9068
c2ef5c0f	001f9068
c2ef602c	001f907a
c2ef6cc9	001f9068
c2ef86ed	001f90ac
c2ef9432	001f90dc
c2f0b882	001f9108
c2f0d870	001f9144
c2f1fc65	001f91ae
c2f70e2e	001f91d0
c2f7346a	001f9224
c2f98457	001f924c
c2fb1743	001f927e
c2fdd73b	001f92cc
c3012ed8	001f92fa
c301669b	001f932c
c304e30d	001f9352
c308a9ad	001f939a
c309c2a8	001f93d2
c309f091	001f9412
c30a3a1f	001f9438
c30bf9be	001f945c
c30daf93	001f9492
c30f856f	001f94f4
c30fb57c	001f9524
c312ae71	001f9578
c312fe7a	001f9598
c313616e	001f95b6
c31586a5	001f95dc
c3159f05	001f9604
c318bf9f	001f961c
c31b4a58	001f9676
c31d7209	001f96c8
c3204bbf	001f96e8
c323ccb8	001f9706
c324d122	001f9720
c326c620	001f9740
c32a225b	001f976a
c32a389d	001f978c
c32b74c6	001f980c
c32bef5a	001f985e
c32ddcd8	001f98b6
c32fdf4d	001f98dc
c3306bb3	001f98f0
c331665b	001f991e
c3372463	001f9974
c3388366	001f99b2
c338a3a7	001f99e2
c3390f99	001f9a0e
c33a151c	001f9a44
c33b38f4	001f9a6a
c33bd581	001f9a96
c33c2164	001f9ab0
c33cf38f	001f9acc
c33d9684	001f9afa
c33fb6e6	001f9b46
c33fe7e4	001f9b78
c3423b48	001f9b8e
c347d60c	001f9bf0
c348e4be	001f9c10
c34970f0	001f9c2a
c349ea04	001f9c70
c34a30ba	001f9ca0
c34ae94d	001f9ce6
c34f5e5c	001f9d00
c350d8a5	001f9d2e
c3539566	001f9d4e
c353fd7d	001f9d78
c354b56a	001f9db4
c3556deb	001f9de8
c3559fa7	001f9e0e
c35706db	001f9e28
c35789bf	001f9e70
c359a995	001f9eac
c35b0cec	001f9eca
c35ce07d	001f9ef0
c35d73c7	001f9f0e
c35fb818	001f9f2a
c35fca86	001f9f54
c360d767	001f9f9c
c36274d0	001f9fd2
c3638caa	001fa010
c367eb06	001fa070
c368386d	001fa088
c36955d3	001fa0f6
c36a889b	001fa122
c36bd100	001fa154
c3726076	001fa16e
c3739c64	001fa192
c37694d6	001fa1bc
c377383c	001fa1e2
c378b1ea	001fa202
c37936d7	001fa246
c3799a7b	001fa28c
c37a83f7	001fa2b8
c37bbae7	001fa2dc
c37bbbe0	001fa2dc
c37bcadf	001fa32e
c37c372e	001fa3a0
c37cc77c	001fa3ea
c37df2c5	001fa414
c37f2a36	001fa444
c383a7ce	001fa484
c384bbb3	001fa4c0
c389d555	001fa4e2
c389fb18	001fa52e
c38b61b6	001fa55c
c38c0608	001fa578
c38c1fbb	001fa5b8
c38cc150	001fa606
c38d0d29	001fa61e
c3901ed7	001fa64e
c3901f1b	001fa64e
c391b337	001fa662
c3951b1d	001fa682
c3983742	001fa6ce
c39a52f5	001fa70e
c39b2046	001fa74a
c39ba048	001fa7a2
c39c5d50	001fa804
c39c61c9	001fa83e
c39d4f37	001fa868
c39eab99	001fa892
c3a0ae50	001fa8b0
c3a0d75b	001fa8ca
c3a1872d	001fa926
c3a18cb2	001fa946
c3a1bb64	001fa97e
c3a26945	001fa9c4
c3a2ce29	001fa9ec
c3a45fec	001faa3a
c3a641a5	001faa66
c3a77450	001faaea
c3a785ff	001fab36
c3a8b004	001fab58
c3a981ba	001fab86
c3ad6bcf	001fabb4
c3b0d9f6	001fabe2
c3b0fc1b	001fabfc
c3b28654	001fac48
c3b2e8a1	001fac80
c3b5b1e6	001facb2
c3b6753b	001facd8
c3b76153	001facf6
c3b7c452	001fad14
c3b99d1e	001fad3e
c3b9b2f9	001fad6a
c3baf179	001fad9e
c3bf3bcd	001fadb6
c3bfc9c5	001fadfc
c3c07b21	001fae4e
c3c257aa	001fae82
c3c2f4e7	001faeb0
c3c38a17	001faeec
c3c3a9d8	001faf28
c3c585bf	001faf4c
c3c5ea0f	001faf6e
c3c7ac4c	001fafae
c3c93e4c	001fafdc
c3cbd400	001fb004
c3cd0bb8	001fb058
c3cd221a	001fb072
c3cd2bae	001fb08e
c3cd399d	001fb0a6
c3cd5128	001fb0a6
c3cd52bb	001fb0bc
c3cd5fd9	001fb0a6
c3cd69c4	001fb0bc
c3cd6ab3	001fb0a6
c3cd6de2	001fb0d2
c3cd789b	001f0684
c3cd7af9	001fb0a6
c3cff782	001fb0ee
c3d15ce4	001fb124
c3d1df22	001fb15e
c3d28e0a	001fb196
c3d299f6	001fb1c6
c3d5611a	001fb1f6
c3d5e767	001fb22e
c3d7f915	001fb250
c3d893fc	001fb26a
c3d89f60	001fb284
c3d8efe8	001fb2b6
c3dca39f	001fb304
c3dfa80e	001fb31e
c3e34fcd	001fb346
c3e3fe70	001fb376
c3e56907	001fb3b8
c3e5f657	001fb3d0
c3e88beb	001fb3fc
c3e9a904	001fb428
c3ec42f9	001fb452
c3eff94f	001fb4a0
c3f15473	001fb4d6
c3f2981a	001fb544
c3f3b85e	001fb568
c3f40820	001fb5c8
c3f42a81	001fb5ec
c3f59264	001fb612
c3f6442a	001fb634
c3fa17d1	001fb648
c3fbea9d	001fb688
c3fda1f9	001fb6aa
c3fe29e6	001fb6cc
c3fe81dd	001fb6fa
c3ff3dc1	001fb730
c4025e64	001fb772
c402a6cf	001fb772
c402c83f	001fb772
c402e772	001fb772
c40590fe	001fb784
c4062586	001fb7ce
c4093a47	000921d4
c40969a4	000921d4
c409f180	000921d4
c40a9945	001fb82a
c40aa30b	001fb856
c40b3c64	001fb896
c40bee3a	001fb8ac
c40cb8fe	001fb8da
c40fe5bf	001fb8f6
c4110271	001fb936
c4122476	001fb956
c412ed0d	001fb98e
c4154d9a	001fb9b4
c416a649	001fb9da
c4186b47	001fb9fc
c41945b1	001fba36
c419d297	001fba4c
c41b2c58	001fba80
c41c5637	001fbaa8
c41d8955	001fbaf0
c4209d3e	001fbb20
c423357b	001fbb50
c4245ad7	001fbb74
c4245c84	001fbbba
c4249804	001fbbd0
c424ad84	001fbbe6
c42550d0	001fbbfa
c429a355	001fbc1e
c42a1a8a	001fbc46
c42d1e10	001fbc6e
c42daf60	001fbc7c
c42eadf4	001fbca2
c43203f0	001fbcca
c437985b	001fbcfc
c437d850	001fbd28
c43bdc21	001fbd4a
c43d5032	001fbd62
c43e6655	001fbdac
c43f8bc0	001fbde2
c4405d75	001fbe12
c4412e7b	001fbe48
c4436e0d	001fbe66
c4451df1	001fbe88
c445aeea	001fbecc
c4477294	001fbee2
c447bf2d	001fbf08
c449fad5	001fbf2e
c44ba73d	001fbf7a
c44dd34b	001fbf9e
c44f0ca7	001fbfba
c44f3e95	001fbfba
c44f582f	001fbfba
c44fe962	001fbfce
c4562d64	001fc00e
c4566ab0	001fc028
c45700da	001fc046
c457f213	001fc08c
c458a751	001fc0ca
c4591a1c	001fc0f2
c459d06c	001fc11a
c45b74a6	001fc13e
c45d9942	001fc178
c45f50dd	001fc1c6
c4653010	001fc1fa
c4654cd9	001fc24c
c4677514	001fc264
c4684fdb	001fc2a6
c468af14	001fc2f2
c46a76f7	001fc332
c46b81ce	001fc350
c46c101e	001fc380
c46f6aa1	001fc3bc
c46fd08c	001fc3d0
c471b416	001fc3f4
c4798796	001fc422
c47bfd7b	001fc434
c47ec549	001fc45e
c48039df	001fc49a
c4829607	001fc4c4
c486b134	001fc4ec
c4875e58	001fc520
c488e4ee	001fc556
c488f44e	001fc592
c48a993f	001fc5be
c48c3de9	001fc5e8
c48c5645	001fc62c
c48fd19b	001fc6a8
c4943f28	001fc6ce
c49465b1	001fc720
c4951119	001fc764
c49d2ed4	001fc788
c49e78d9	001fc7c2
c4a031c0	001fc7e8
c4a105a4	001fc818
c4a1f82f	001fc876
c4a292b1	000eb5cc
c4a2cad3	001fc8a0
c4a34a19	001fc8b6
c4a3d5fa	001fc932
c4a77fa3	001fc9b4
c4a9a67e	001da616
c4a9c823	001fc9d8
c4aa949e	001fca08
c4ab155c	001fca74
c4ab8c3f	001fca98
c4ac8bcd	001fcac0
c4af3427	001fcaec
c4b25081	001fcb62
c4b7501c	001fcb98
c4b76ec0	001fcbec
c4b94e97	001fcc06
c4ba671c	001fcc50
c4c00336	001fcc7c
c4c107a6	001fccba
c4c13f6a	001fccba
c4c160b8	001fccba
c4c173e4	001fccba
c4c1c796	001fccd0
c4c267d0	001fcd10
c4c3ec01	001fcd2e
c4c9fc7c	001fcd4c
c4cac986	001fcd6a
c4cb3f3c	001fcd88
c4cc52b0	001fcdc4
c4ce1862	001fcde8
c4ce1b31	001fce12
c4ce4e8e	001fce7e
c4cf5c97	001fcecc
c4cfa7e3	001fceea
c4d0d2ee	001fcf10
c4d2bb8c	001fcf4c
c4d2c97c	001fcf7e
c4d30fb2	001fcfac
c4d452da	001fcfd0
c4d4634e	001fd01a
c4d8ce46	001fd03e
c4dac3ff	001fd088
c4dc836b	001fd0ac
c4dcb028	001fd0e0
c4debe37	001fd10a
c4df8a85	001fd12e
c4e11155	0007fd0a
c4e204d4	001fd174
c4e2785b	001fd1ac
c4e28821	001fd1ac
c4e29d0d	001fd1c2
c4e68083	001fd202
c4eb62c1	001fd224
c4eddcbd	001fd244
c4ee6a18	001fd296
c4efa6f8	001fd2b8
c4f0b12f	001fd326
c4f1493d	001fd378
c4f1631c	001fd39c
c4f20d4b	001fd3ca
c4f23efc	001fd3f8
c4f39716	001fd420
c4f52a85	001fd46e
c4f6936d	001fd48c
c4f77aa7	001fd4ae
c4fa1402	001fd4ca
c4fb502f	001fd4ec
c4fc0b31	001fd536
c4fc0f7f	001fd55a
c4fc0f7f	001fd55a
c4fc4e14	001fd5b6
c4fdcff6	001fd610
c4fe2eb8	001fd660
c50053aa	001fd684
c501110c	001fd6a6
c5011509	001fd6ec
c5028826	001fd708
c5040916	001fd736
c508915b	001fd754
c5090cc6	001fd7ca
c509b5a5	001fd81e
c50a04f4	001fd840
c50b6b19	001fd858
c50c7c35	001fd880
c50f17c3	001fd8a8
c51725cb	001fd8d8
c518eb9b	001fd8f0
c51a26a6	001fd962
c51d1446	001fd9a2
c51e407f	001fd9b8
c522424d	001fda4e
c525268a	001fda8c
c525d0ac	001fdaa2
c5283497	001fdac2
c52abac0	0011b79e
c52b3cc6	001fdae4
c52c78e6	001fdb28
c52cd8d4	001fdb62
c52da966	001fdbac
c52f7665	001fdbc8
c52ff27c	001fdbe6
c53471c9	001fdc1e
c535d796	001fdc42
c5371ca2	001fdc76
c5377fc6	001fdcc8
c53875c8	001fdd08
c53c5056	001fdd4c
c53d6aab	001fdd78
c53e422f	001fdda0
c53e8316	001fddec
c53ef9d3	001fde30
c5439111	001fde8e
c544faca	001fdebc
c5450dc7	001fdede
c5463961	001fdf26
c54643af	001fdf7e
c548bdc0	001fdfaa
c5498d79	001fdfe2
c54c5dd1	001fdffc
c54d092d	001fe01c
c54f2b02	001fe068
c55072cf	001fe094
c5533161	001fe0ea
c553caf8	001fe100
c5547239	001fe164
c5554ac7	001fe192
c5579685	0015bb38
c55ae5f3	001fe1c0
c55d4f4f	001fe1f6
c55ea668	001fe244
c55f50b5	001fe28c
c561179c	001fe2f0
c5646b9b	001fe31a
c5683fd6	001fe37c
c5692fff	001fe3e2
c56a6f8f	001fe3fe
c56bf715	001fe446
c56c0db8	001fe48c
c5706a79	001fe4a4
c57200fe	001fe4ce
c5731f07	001fe502
c5735751	001fe51c
c5735cf4	001fe550
c5769d72	001fe58e
c5784fe5	001fe5d0
c5788d9f	001fe5e8
c578c2fa	001fe624
c578f160	001fe66a
c57c7449	001fe6a8
c57c7773	001fe6c8
c57cc72f	001fe6f4
c57d0061	001fe73e
c57d9f0f	001fe76c
c57da9f7	001fe790
c57f7cc6	001fe7cc
c5852e83	001fe7fa
c5861f0f	001fe830
c587c39e	001fe8b4
c5890079	001fe8dc
c58a8094	001fe904
c58d9c7e	001fe922
c591bb4e	001fe940
c593de46	001fe95e
c5943228	001fe984
c594da3b	001fe9c0
c59672fd	001fea14
c597abb1	001fea66
c59899cc	001fea90
c59b4607	001feaea
c59b6273	001feb22
c59c58f1	001feb40
c59e2dfd	001feb6a
c59f5b47	001feb84
c59f8fb4	001febcc
c59fd87d	001fec2c
c5a3689a	001fec42
c5a671a1	001fec90
c5a982b7	001feca6
c5ac7c4a	001fecca
c5ad3a4a	001fecf4
c5ad9906	001fed28
c5b5b5ac	001fed76
c5b5df85	001feddc
c5b713c1	001fee32
c5b7c0ce	001fee7e
c5b82166	001feeb4
c5b9c96e	001fef08
c5bacc97	001fef24
c5bbca79	001fef42
c5bca8d9	001fef72
c5c1605d	001fef9e
c5c19d04	001fefce
c5c517dd	001feff4
c5c58c2f	001ff012
c5c840b6	001ff020
c5c99754	001ff04a
c5c9f53e	001ff08a
c5ca08b0	001ff0b2
c5ca9bc4	001ff0e6
c5cc6526	001ff10a
c5cd0871	001ff172
c5cd41dc	001ff19e
c5ce0781	001ff1cc
c5ce25df	001ff1f2
c5d1efe1	001ff236
c5d2079b	001ff286
c5d20edc	001ff2c0
c5d2fdf5	001ff31c
c5d3c7b2	001ff34c
c5d517a9	001ff3ae
c5d5451d	001ff3d4
c5d5b332	001ff3f6
c5d8bde4	001ff42e
c5d9ccd0	001ff470
c5dcd0d2	001ff494
c5de6358	001ff4d8
c5e19d30	001ff510
c5e1ec0b	001ff530
c5e21793	001ff56c
c5e50b99	001ff5ca
c5e9542b	001ff5fc
c5ea6440	001ff65e
c5ec0a05	001ff6b0
c5ec7fbb	001ff700
c5ece8b1	001ff752
c5edfb34	001ff788
c5ee1d16	001ff7a4
c5f09837	001ff7d6
c5f2bc1d	001ff818
c5f426bb	001ff85e
c5f6a591	001ff8a8
c5f75f80	001ff8d2
c5f77371	001ff910
c5f83a0f	001ff92e
c5f951eb	001ff950
c5fb5688	001ff98e
c5fbc031	001ff9d0
c5fea9a6	001ffa10
c5ff8e49	001ffa78
c6029807	001ffaa6
c6030f82	001ffaea
c605a5c5	001ffb1a
c606a2fb	001ffb32
c60817f0	001ffb68
c60f6cfb	001ffbae
c60fb503	001ffbd8
c611e416	001ffc08
c612d77f	001ffc2e
c6130dd6	001ffc84
c6135b5d	001ffca4
c6157819	001ffcd4
c615f218	001ffd06
c618d295	001ffd32
c61a22cc	001ffd84
c61a3a7f	001ffdc6
c61dff5f	001ffdf8
c61e2af3	001ffe1c
c6207d4d	001ffe7e
c623fbd4	001ffe9a
c6261101	001ffede
c627afbd	001fff40
c62c483c	001fff62
c62c70d0	001fffac
c62eb774	001fffc6
c630f3a5	001fffee
c6336ea9	00200038
c6347308	00200074
c635ab40	00200098
c6367487	002000ea
c6369613	00200110
c6375822	0020014a
c63bfa2d	00200172
c63bfc8c	00200196
c63d2f35	002001f2
c63e2123	00200222
c6445d0b	00200256
c64470f5	00200286
c64765be	002002b6
c6486795	002002d6
c64c60e1	00200314
c64ce4ca	0020033c
c64ec40f	00200352
c64ec500	00200372
c64f9b7b	002003aa
c6515f93	002003e2
c65188c1	0020041c
c652b283	00200456
c653a17e	0020047c
c653b489	002004de
c653dd3d	00200536
c654d435	00200590
c6565643	002005f6
c656fe77	00200652
c6596c0d	0020066a
c659f650	00200686
c65ab4de	002006b0
c65af950	002006ca
c660598d	00200718
c660dc86	0020074e
c6664229	00200768
c66849b0	0020078c
c668e7e8	002007b4
c66bb56c	0020080c
c66bd5a4	00200848
c66f7401	0020087a
c672574a	002008a6
c6738402	002008e4
c674da23	00200946
c67546ba	0020096e
c6778488	00200994
c67998ab	002009da
c67a2b92	002009fe
c67f37ae	00200a52
c6806f30	00200aa6
c6811b49	00200ade
c6837e3a	00200b50
c6841b22	00200b76
c685e6b4	00200b9c
c6870143	00200bb4
c6873413	00200be6
c687481f	00200c12
c6880ace	00200c4c
c688179c	00200c4c
c6887054	00200ca6
c68a2e80	00200ce0
c69039c0	00200d2e
c6909231	00200d4a
c6910e6e	00200d6c
c69209c7	00200d84
c693227a	00200db2
c69389b7	00200dd8
c6958ec7	00200e1c
c69d1c58	00200e42
c69e7f83	00200e64
c69f5daa	00200e92
c6a34039	00200ec0
c6a353a2	00200ed6
c6a355e4	00200eea
c6a38d21	00200f00
c6a599b0	00200f5a
c6a6504c	00200f7a
c6a8068e	00200fa2
c6a9d376	00200fd4
c6ab1a71	0020101c
c6abb6ff	00201052
c6ae97de	00201096
c6af1328	002010f0
c6af1f38	00201116
c6b38eba	0020115e
c6b58d3d	0020117c
c6b87ceb	00201198
c6bb6c25	002011b6
c6bc2c96	002011de
c6bdcc38	002011fe
c6be81b4	0020122c
c6c02e6e	00201278
c6c63549	002012cc
c6c6fe97	00201302
c6c733b7	00201324
c6c805b7	00201352
c6c82a41	00201388
c6c977f2	002013b2
c6ca16d9	002013ec
c6cbe8db	00201414
c6cf020e	00201440
c6d1550e	00201488
c6d248c0	00087c0c
c6d36857	00087c0c
c6d66d28	002014e0
c6dbe79f	0020152a
c6dc296a	00201558
c6dce0eb	00201586
c6dd638b	002015b2
c6ddd615	0020163e
c6de5a9b	00201678
c6e03d2a	002016b0
c6e09985	000f6532
c6e0a6cb	000f6532
c6e0b58b	000f6532
c6e0bbe4	000f6532
c6e0be1a	000f6532
c6e0f276	000f6532
c6e1ba72	000f6532
c6e1efbf	002016f2
c6e2956e	00201716
c6e334d6	00201738
c6e33ccb	00201778
c6e3e5fb	002017a0
c6e763e3	002017ca
c6e7f920	002017e8
c6e875f1	0020181a
c6eb1eeb	00201852
c6ecd2fa	00201898
c6ecd79f	002018b4
c6ed5de2	002018e6
c6eeb413	00201942
c6ef0912	0020197e
c6f14449	002019d6
c6f1ce0e	002019e8
c6f74a58	00201a18
c6f7758d	00201a6c
c6f95b6f	00201aa0
c6fed515	00201abe
c7003c46	00201b06
c70094e7	00201b3c
c700e4ac	00201b5c
c70301be	00201b86
c70306d8	00201bba
c70556d4	00201bfc
c705aab7	00201c3a
c706a840	00201c62
c706ddfd	00201ca2
c708a3bb	00201cd8
c70910ae	00201d00
c70ace42	00201d24
c70c3f47	00201d4a
c70d3f00	00201d66
c70e2289	00201d86
c70e9280	00201dd2
c70f4560	00201df6
c7112b49	00201e16
c71159be	00201e36
c7116860	00201e90
c7116b67	00201e36
c711d4c1	00201ef2
c71215c3	00201f12
c7124344	00201f3e
c713af3f	00201f68
c7151a56	00201f8a
c719489e	00201fb4
c71a08fa	00202010
c71b07f9	0020203e
c71b66a6	001906de
c71b7abc	001906de
c71d44f9	00202052
c71f5a65	00202080
c71fa63a	002020c4
c7211469	0020212e
c725c7bd	00202162
c726c3bd	0020219a
c7280078	002021d8
c72b09bc	00202206
c72c752b	0020224c
c72caf74	00202264
c72d92c6	00202292
c72dfb5b	002022ce
c72ef0bb	002022fc
c7300900	00202312
c7307e7c	00202330
c73087d1	0020235c
c7338635	00202388
c737e627	002023cc
c7391bdd	002023f4
c739208a	0020242c
c73df6ea	0020245e
c7411c00	002024aa
c74121b4	002024c2
c7412330	002024aa
c7413d3b	002024f8
c741550f	00202542
c741714d	002024aa
c7440538	00202566
c7444ef6	0020259a
c7467ff7	002025ce
c74ae91d	002025e8
c74b9757	0020265c
c74c65f9	00202674
c74cf26e	002026a8
c74e13ba	002026e0
c74e853c	00202720
c74f6978	0020276a
c750ce21	002027cc
c751e938	002027e8
c755a783	00202820
c7560eb4	00202846
c7561b9c	00202880
c7579a05	002028ca
c7592490	00202910
c75fae16	00202954
c75ff9f9	0020297a
c7613075	002029a6
c7613dac	002029e4
c762acb5	00202a1a
c763c59c	00202a3e
c7677655	00202a66
c767cd99	00202aba
c76898fc	00202ad4
c768f1d2	00202b04
c769cba7	00202b40
c76a70bc	00202b68
c76aa47f	00202b98
c76c5a4d	00202bdc
c76d055a	00202c12
c76d5e70	00202c38
c76f2af2	00202c60
c76ff0b1	00202ca2
c770e385	00202cd8
c771d255	00202cf8
c772c37c	00202d10
c77318db	00202d3e
c773940d	00202d92
c7741f1e	00202db4
c774f948	00202df0
c7761c82	00202e0e
c7776ef1	00202e42
c779b847	00202e5a
c77a9e32	00202eba
c77ab2de	00202ed8
c77b6d4a	00202f26
c77ced71	00202f4e
c77dd95a	00202f70
c77f29eb	00202fa4
c7809455	00202fe0
c780ba72	00202ff8
c781ce07	00203010
c78327f4	0020305a
c7832f3b	00203082
c7855227	0020309c
c7876f07	00203106
c7881f67	0020313e
c78af4da	00203164
c78d0688	00203184
c7927a5f	002031a6
c792eca4	002031d8
c793ad80	00203244
c7945e0b	00203264
c79911e2	002032bc
c79da209	002032e0
c79f62bf	0020331e
c7a04b4f	00203386
c7a06046	002033b8
c7a08455	002033f8
c7a7cd47	0020343e
c7a87142	0020346a
c7a8e012	002034d8
c7a963f8	002034f8
c7aa5aed	00203562
c7aa7300	00203580
c7ac055f	002035b2
c7aec363	002035d0
c7b03ece	002035e6
c7b0ad8b	00203606
c7b3f841	0020362c
c7b764ca	0020365e
c7b88f46	00203694
c7b965c4	002036c4
c7b9ab55	002036ec
c7ba6f06	00203706
c7bfc909	0020373a
c7bfcbc6	0020376e
c7c13ae7	0020379c
c7c68d3c	002037bc
c7c6d861	0020380a
c7c8d731	0020384c
c7ccaeda	002038ae
c7cf070c	002038e0
c7cfd5b3	00130f50
c7d00020	00203920
c7d18372	00203962
c7d3757f	00203978
c7d70538	00203990
c7d86b01	002039c8
c7d9e137	00203a1a
c7db7c5b	00203a4e
c7dbe845	00203a7a
c7dc0f9b	00203ab6
c7dc6be8	00203ade
c7dcdaf2	00203b22
c7de1e2b	00203b48
c7e0654d	00203b96
c7e1c3e7	00203bc0
c7e572bf	00203bf6
c7e6f0b0	00203c42
c7ec090e	00203c76
c7ec2f74	00203c76
c7ec410a	00203c76
c7ec422d	00203c76
c7ec4e2f	00203c76
c7ec9556	00203c76
c7ec9937	00203c76
c7ee504d	00203c8c
c7eed976	00203cae
c7f2b509	00203cf6
c7f942f4	00203d24
c7f97af6	00203d4a
c7fac5f6	00203d6a
c7fdc63f	00203dca
c7fded2e	00203dfc
c7fe6453	00203e22
c7ffedac	00203e4c
c800fd8e	00203e7a
c803548d	00203e9a
c803c9b4	00203ec0
c8060ec9	00203ee2
c806f119	00203f0c
c8076fd6	00203f48
c807ce70	00203f6c
c80bda98	00203f94
c80d7e50	00203fc2
c80da473	00203fdc
c80f7e56	0020403a
c8116edf	00204064
c8119b24	002040a0
c812dfeb	002040c4
c812f8a0	002040ec
c813aa60	0020412e
c814263f	00204176
c819ef58	00204198
c81a2cb9	002041b0
c81a3660	002041f4
c81a80fd	00204236
c81b4bc5	00204288
c81b9e9f	002042aa
c81bf135	002042cc
c81cc1c0	002042f6
c81dcfb1	00204346
c81ea9f8	0005b994
c81eba20	0005b994
c81f0173	00204374
c8206712	00204390
c821ed96	002043c2
c8234352	00204452
c8275547	0020448e
c829293c	002044b6
c82a8ce8	002044e4
c82cbe8c	00204504
c82ce256	0020454a
c82dd0c9	00204580
c82fc3b6	002045b4
c830b969	002045f2
c830de06	00204614
c832353b	00204644
c8326dce	00204676
c8327412	002046aa
c833cd0d	00204708
c834ac30	0020473e
c83591c2	00204762
c8364b7e	0020478a
c836c76c	002047a6
c837ba6c	002047c4
c838d9be	002047ee
c83cb0bb	00204834
c83da039	0020486a
c841574c	0020488c
c841d64f	002048b4
c841ec78	002048e6
c8438b6b	0020493a
c844c79a	00204966
c845a2b6	00204990
c846b2b6	002049aa
c847cf41	002049c8
c848bd4c	002049f4
c8495380	00204a18
c849db8c	00204a4a
c849e5f6	00204a7e
c84ad335	00204ac4
c84bb559	00204b00
c84ca532	00204b28
c84db6e3	00204be0
c84dbe3d	00204bfe
c8506587	00204c70
c8506db3	00204cda
c8517c3c	00204cfe
c8532c91	00204d2c
c8536a2a	00204d42
c8538798	00204d58
c853aaa5	00204d58
c853c66e	00204d6a
c853dba2	00204d6a
c8547462	00204d7c
c855ad1c	00204d9a
c8561807	00204dd2
c85698de	00204e1a
c8581b87	00204e36
c8597a14	00204e72
c859c292	00204e9a
c85a9c0d	00204ec8
c85b19e9	00204efc
c85be1b9	00204f1c
c85e3bf9	00204f4e
c85e4b59	00204f7e
c85eb882	00204fa8
c860b1b8	00204fd2
c8628390	00205002
c862b852	00205030
c863ed03	00205062
c8640c08	00205086
c865d19b	002050b4
c8660165	002050ce
c8671974	00205104
c869951f	0020512c
c86c6bbd	00205144
c86c7e6d	0020518c
c86d2c50	002051b2
c86e2511	002051e2
c87230fb	00205216
c8725137	00205248
c874243e	0020526c
c87484b1	002052b0
c8759129	00125b84
c879c5de	002052e8
c87acddd	00205330
c87b9664	0020535a
c87daa07	0020537c
c8818abd	002053a4
c881c370	002053ea
c8838ac2	00205424
c884d750	00205450
c88670ca	00205470
c886ee9c	002054ac
c887bb07	002054e6
c88a54c1	0020551e
c890bbcc	00205558
c891c3cd	0020558e
c891d9d4	002055d0
c89469b4	002055f4
c89703d2	0020560a
c898bd6c	00205636
c898e6e4	0020568e
c89c1eb8	002056b2
c89d29a0	002056e8
c89f01fd	0020570e
c8a14716	0020573c
c8a227a6	00205798
c8a32cb2	002057c2
c8a35f81	002057ea
c8a3d810	00205816
c8a4f5d9	00205832
c8a5da8b	00205882
c8a65e9f	002058a0
c8a660d5	002058ca
c8a67288	002058fa
c8a7a4dd	0020591e
c8a8dadd	00205978
c8a92e5a	002059b4
c8a94143	002059d4
c8ab3ccb	00205a00
c8b20a97	00205a40
c8b25ce6	00205a68
c8b54a41	00205aa0
c8b7333c	00205af6
c8b9d093	00205b12
c8ba32ca	00205b4a
c8bd3c67	00205b68
c8c10fb4	00205bba
c8c23ec8	00205bda
c8c24885	00205c00
c8c30a56	00205c1a
c8c38ca3	00205c60
c8c63195	00205c86
c8c7559c	00205cd2
c8c79d67	00205d0a
c8c81292	001f2c3c
c8c88959	00205d44
c8c949be	00205d6e
c8cec7d6	00205daa
c8d1fc60	00205dde
c8d36076	00205e28
c8d5168b	00205e4a
c8d6c7bf	00205e72
c8d84806	00205eb4
c8da4b4f	00205ed4
c8dac210	00205f16
c8db826e	00205f5c
c8dc40bf	00205f94
c8dd6e97	00205fc8
c8de949e	00205ff4
c8e4c621	00206032
c8ea71da	00206056
c8eab98e	0020608a
c8ec8852	002060dc
c8ecdbd0	002060fe
c8ef8410	00206128
c8f08683	00206162
c8f34987	0020617c
c8f42b14	002061a0
c8f4b29e	002061ec
c8f59c4a	00206224
c8f635bb	00206248
c8f71de1	00206264
c8f73669	002062b4
c8f9b3d3	002062d2
c8fc4488	002062ee
c8fd4e44	00206340
c9007321	0020639c
c9017991	002063e8
c9067f7d	00206422
c908ba3a	00206460
c90c418c	00206492
c90d02df	002064aa
c91017c8	002064ee
c9102363	0020650e
c910a16c	00206546
c9113b73	0020656a
c9119ad4	002065bc
c9123145	002065f4
c9160635	00206636
c916f218	00206662
c91795b9	0020668e
c91934cb	002066e0
c91dfb11	002066fe
c91fb09c	00206746
c91ff0d6	0020676a
c92104f1	00206784
c92122f2	00206784
c9212619	00206784
c9212d0d	00206784
c921481e	00206784
c92149e6	002067ba
c9231258	002067fe
c925732d	000f2aea
c9267487	00206828
c9278c93	00206874
c9283543	002068d2
c9283721	002068d2
c928ca1e	00206928
c92eed6b	001b755e
c92fa1c8	0020696e
c930e314	002069a2
c9313a8c	002069e0
c93341da	00206a0a
c93481d6	00206a4a
c936ff0e	00206a7a
c937294f	00206aae
c93749a1	00206aae
c93eab8d	00206afa
c942f620	00206b3e
c943ab8c	00206bc0
c943e525	00206bde
c9472bc2	00206bf4
c94b1f46	00206c1a
c94ea94c	00206c42
c95027d2	00206c74
c952b646	00206ca0
c9546d55	00206cc8
c955ddb3	00206ce8
c956979c	00206d0e
c9581dc7	00206d36
c958b36f	00206d6a
c95bc4cc	00206d86
c9609585	00206dce
c9626a49	00206df8
c96345b7	00206e32
c963e92a	00206e68
c964ca36	00206e9c
c965422e	00206ec4
c9664780	00206eea
c96809e1	00206f0c
c969cfb0	00206f4a
c96b29b5	00206f76
c96dd357	00206fd8
c96e4b2e	00207034
c96f805b	00207050
c9719e27	00207094
c9724aff	002070ac
c974d172	002070d8
c975a33f	00171d46
c975e384	002070f4
c975fc3d	00207126
c978db57	0020713a
c981e50c	0020717a
c985361b	002071c8
c985e73c	002071fa
c9860bdb	0008c3e8
c9865866	0020722c
c9898db6	00207254
c989d762	00207278
c98aa259	002072c8
c98c4eda	00207320
c98c90ab	00207342
c9906122	0020736e
c992ba14	00207384
c993da13	002073cc
c993e3c3	00207418
c994f781	00207438
c9952518	00207462
c9959a84	002074b6
c995ffe7	002074f4
c99b0bfa	00207512
c99bce56	0020754e
c99d74f0	002075ae
c99e5f81	002075ea
c99f5e8d	00207610
c99fb53c	00207622
c9a11cd2	00207664
c9a4e462	00207686
c9a81807	002076b6
c9a84100	00207706
c9a94a7a	00207728
c9aa0b90	00207768
c9aae2c6	00207784
c9ad0636	002077a8
c9af7450	002077d4
c9afe899	0020781c
c9b21e10	0020784a
c9b240f5	00207884
c9b59fb1	002078b0
c9b8a709	002078dc
c9ba2e7f	0020790a
c9baa72c	00207962
c9baa732	00207988
c9bf22c7	002079ca
c9bf7cee	002079ca
c9c05751	002079e0
c9c10f87	00207a0a
c9c2c6af	00207a42
c9c32fe9	00207a90
c9c74675	00207aac
c9c77152	00207ad4
c9c80249	00207b04
c9c87024	00207b42
c9c97f9b	00207b7e
c9ca2895	00207c0c
c9ca3cfe	00207c2e
c9ce51f2	00207c64
c9cef242	00207ca8
c9dbd713	00207cfe
c9dc9890	00207d40
c9dd9ee7	00207d6a
c9e1c04e	00207d9e
c9e3a188	00207de0
c9e3dc24	00207e1a
c9e53600	00207e46
c9e7f2e3	00207e6e
c9ea3a61	00207e88
c9eae766	00207ef2
c9ecafc0	00207f1a
c9ecf8e4	00207f4c
c9ee38a5	00207f82
c9f13af6	00207fa0
c9f4a61d	00207fd0
c9f59d56	00208016
c9fa7ae6	00208040
c9fc0021	00208076
c9fcd387	00208098
c9fda25a	002080b2
c9fdd223	002080ea
ca0172e5	00208120
ca0316fc	0020813e
ca04a8cd	0020815a
ca07656f	0020817a
ca07bc38	002081d8
ca081c7b	00208212
ca098705	00208266
ca0a6df0	002082b0
ca0d378b	002082d4
ca104afc	00208316
ca111965	0020832e
ca132622	0020834c
ca148d1c	00208382
ca159354	002083c0
ca162391	00208406
ca18b449	00208434
ca1bf87c	00208460
ca1c5ae5	00208492
ca1e34f9	002084de
ca1eed32	00208538
ca1fc51a	00208570
ca224857	002085c4
ca2552a4	0020860a
ca26a37d	00208648
ca29fc61	0020865a
ca2b0359	0020867c
ca2b038e	0020869a
ca32543e	002086d6
ca34294b	0020870a
ca34aa22	00208750
ca37e139	00208796
ca3d188e	002087ba
ca406cad	002087de
ca421e1e	00208814
ca442c5b	00208830
ca473793	0020885e
ca4a151a	00208898
ca4b6546	002088d6
ca51b034	00208908
ca526694	00208938
ca5281e4	0020895a
ca54145c	00208996
ca58c39b	002089f0
ca5acc1f	00208a38
ca5ad429	00208a64
ca5d0e9e	00208a88
ca5d7a9d	00208ab0
ca5e4cba	00208ad2
ca5fd093	00208b02
ca624785	00208b54
ca62a853	00208b8c
ca643e15	00208bce
ca6810db	00208be6
ca6c3929	00208c18
ca6c77fe	00208c4e
ca6d9f66	00208c7a
ca6ef0c3	00208c90
ca70afad	00208cb0
ca7364ae	00208cc6
ca73b9d9	00208d1a
ca77e699	00208d30
ca7866b0	00208d74
ca7b8627	00208da0
ca7e2e80	00208dc6
ca7e95c4	00208e28
ca7f3974	00208e4a
ca819dc5	00208e98
ca831eed	00208ec6
ca86231f	00208f0c
ca86319f	00208f3e
ca87b660	00208f4e
ca8eef48	00208f6e
ca8f934f	00208fce
ca959596	00208fe8
ca95b688	0020902c
ca962b25	00209074
ca963667	002090b0
ca9753ed	002090fc
ca9b7c1e	0020912a
ca9c76b7	0020915a
ca9eaacc	00209186
ca9f04b8	002091c4
caa0bb54	00209200
caa1f130	00209240
caa6a14d	00209262
caa75549	00209286
caa794cd	002092f4
caa7bbeb	00209348
caac85b5	0020936a
caadd76b	002093b4
cab17846	002093d2
cab2edb8	00209404
cab66fa5	00209418
cab693dc	0020946e
caba0c78	0020949e
cabb64a1	002094b8
cabd6ab2	002094d2
cabe251c	0020951e
cabffb90	0020955a
cac5b5d6	00209594
cac69d25	002095b6
cac6f266	00209600
cac6f5c9	0020962c
cac99b9c	00209664
cacb02ff	0020969e
cad2996d	002096de
cadd7307	00209704
cae13d39	00209720
cae1dbc6	00209752
cae59bd9	00209772
caeac7ee	0020978e
caeace5b	002097b8
caecad33	002097e0
caed96c8	00209808
caee2903	00209836
caeffb3f	00209858
caf0982d	00209876
caf27d08	002098c4
caf29c0e	002098e0
caf2b06a	0020990a
caf4eb93	00209964
caf647c9	00209984
caf651c1	002099a0
caf65dac	00209984
caf6f527	00209984
cafa1284	002099fa
cafa5554	00209a82
cafbf956	00209aae
cafcf5bd	00209ad4
cafe0279	00209b0e
cb00b337	00209b30
cb03484c	00209b76
cb055e00	00209b8e
cb0b91a4	00209bca
cb0d12e7	000a4fa8
cb0d8721	00209be8
cb0ec434	00209c2e
cb0f7088	00209c54
cb104e3c	00209c7c
cb119096	00209cb6
cb1426cf	00209cf2
cb145c8a	00209d2e
cb14b087	00209d54
cb172080	00209d98
cb17321c	00209dd8
cb17831b	00209e10
cb19d983	00209e2e
cb1cc9c9	00209e7e
cb1f7822	00209ea4
cb200b49	00209ef2
cb23b485	00209f0c
cb24964f	00209f56
cb25bb3f	00209f76
cb26e707	00209faa
cb29f7f7	00209fdc
cb2a0602	0020a010
cb2a9cf0	0020a070
cb2d53d1	0020a0ae
cb2e639d	0020a0e6
cb30191d	0020a10c
cb311d79	0020a126
cb319bc7	0020a14c
cb3228ec	0020a174
cb3301c2	00081f26
cb3306a6	00081f26
cb330acd	00081f26
cb33148b	00081f26
cb3316ad	0020a1c0
cb331b23	00081f26
cb332415	00081f26
cb3335c8	00081f26
cb333ae4	00081f26
cb334c57	00081f26
cb334d3c	00081f26
cb335a0f	00081f26
cb335c96	00081f26
cb336802	00081f26
cb336bc1	00081f26
cb3370ba	00081f26
cb3371ab	00081f26
cb337a20	00081f26
cb33b7bd	00081f26
cb33e91a	00081f26
cb33f011	00081f26
cb3593da	0020a1ee
cb363142	0020a21a
cb380995	0020a242
cb3a0b8a	0020a280
cb3a24b4	0020a2a2
cb3a2ace	0020a2ce
cb3b3316	0020a30e
cb3b454b	0020a380
cb3c27cf	0020a3a6
cb3d12eb	0020a3c8
cb3f0a1e	0020a3f8
cb414b8f	0020a422
cb41bb0a	0020a444
cb42f783	0020a48c
cb4345c7	0020a4ba
cb46bf7d	0020a4d2
cb485b01	0020a52e
cb4dbdd8	0020a572
cb4e95ff	0020a5a6
cb539ba0	0020a5d4
cb563cd0	0020a63a
cb58f264	0020a65c
cb5971b6	0020a688
cb5a63f6	0020a6a2
cb5be6d4	0020a6c0
cb5eb633	0020a6dc
cb5fbe59	0020a72a
cb61782e	0020a764
cb6482fe	0020a7a4
cb66d554	0020a7bc
cb69ae7f	0020a7f0
cb6d4753	0020a81c
cb6e5cd3	0020a846
cb711479	0020a860
cb717376	0020a88a
cb720e12	0020a8ac
cb736477	0020a8fe
cb7858c8	0020a91a
cb79ff68	0020a954
cb7a636b	0020a97c
cb7aba41	0020a9e4
cb7b937c	0020aa3c
cb7e11bd	0020aa4c
cb800a71	0020aa96
cb80635b	0020aaea
cb809d76	0020ab32
cb85484c	0020ab52
cb8559b2	0020ab6c
cb89a1de	0020ab80
cb8b7dc7	0020abcc
cb8b861b	0020ac0e
cb8c668b	0020ac24
cb8d0b2a	0020ac6a
cb8f5cf1	0020acba
cb90374f	0020acd4
cb904eef	0020acf4
cb90e508	0020ad2c
cb91a914	0020ad5c
cb93731d	0020ad8e
cb9460f3	0020ada6
cb948c94	0020ade6
cb94966f	0020ade6
cb9821c8	0020adfc
cb982561	0020ae5e
cb98ba90	0020ae78
cb99784c	0020ae9e
cb9b83d4	0020af02
cb9ca5d8	0020af26
cb9e34ed	0020af48
cba29641	0020af80
cba2f05a	0020afd4
cba30a90	0020b024
cba38dd5	0020b076
cba60540	001d6b84
cba609ad	0020b0c0
cba62dc2	001d6b84
cba66812	001d6b84
cba67568	001d6b84
cba743cd	0020b0d8
cba96d12	0020b112
cba9e50e	0020b144
cba9fcb7	0020b1a6
cbab498d	0020b1ce
cbadd17b	0020b1ec
cbb0656a	0020b214
cbb07951	0020b214
cbb08a0b	0020b214
cbb1b182	0020b22e
cbb3453a	0020b246
cbb39291	0020b264
cbb43fcd	0020b29c
cbb5b87f	0020b2da
cbb6dd52	0020b304
cbb71c7c	0020b34c
cbb7a2c2	0020b3a6
cbb7a636	0020b3c8
cbba753b	0020b422
cbbb67ea	0020b446
cbbb8884	0020b462
cbbbdc4f	0020b462
cbbcb5fc	0020b484
cbbd11ea	0020b4ae
cbbe6f3f	0020b4cc
cbc0e7b4	0020b4fa
cbc1bcec	0020b544
cbc33adc	0020b568
cbc43509	0020b5a2
cbc447d7	0020b5c8
cbc662bd	0020b61e
cbc86f16	0020b640
cbc8848d	0020b676
cbcc88e7	0020b694
cbcceff7	0020b6c0
cbce2f99	0020b6e8
cbce8e61	0020b716
cbd4843b	0020b736
cbd4b75e	0020b75a
cbd4e53f	0020b786
cbd57209	0020b7ba
cbd76093	0020b7f0
cbd7f836	0020b816
cbd8b27f	0020b83e
cbdb3c0c	0020b874
cbdc7d04	0020b88e
cbdc8fde	0020b8e2
cbdd560c	0020b91c
cbde3ce2	0020b93a
cbde8915	0020b95e
cbe1afa5	0020b97c
cbe52d4e	0020b9c4
cbe71e30	0020ba16
cbe90516	0020ba6c
cbeb70b4	0020ba92
cbec8818	0020bad8
cbf08a13	0020bb04
cbf62b28	0020bb4c
cbf6d750	0020bb7c
cbf74a7b	0020bba2
cbf7c8b8	0020bbe6
cbf82fcc	0020bc1c
cbf863dd	0020bc56
cbf8d166	0020bca0
cbf9e6a6	0020bcb6
cbfbca25	0020bcdc
cbfbe2c0	0020bcdc
cbfc372d	0020bcf0
cbfc9124	0020bd0c
cc03f752	0020bd38
cc0e3566	0020bd68
cc0f5c84	0020bd92
cc1142c2	0020bdbc
cc11a444	0020bdee
cc11f9ed	0020be36
cc148567	0020be88
cc164f42	0020bebe
cc165444	0020bf08
cc1a32cb	0020bf42
cc1af77a	0020bf72
cc1d18a9	0020bfa0
cc1e1105	0020bff4
cc1ed309	0020c028
cc21faa2	0020c07e
cc243190	0020c0a6
cc255d42	0020c0fe
cc25652c	0020c13a
cc25a8a4	0020c162
cc26245b	0020c184
cc27062c	0020c1a8
cc27e48c	0020c1ce
cc283ac9	0020c1e6
cc2dacdd	0020c230
cc2dbb97	0020c24a
cc2e6bb4	0020c29c
cc2fb23e	0020c2da
cc2fd959	0020c320
cc312bf3	0020c366
cc31483e	0020c398
cc320b04	0020c3c8
cc325399	0020c3e2
cc348862	0020c406
cc363bb5	0020c44a
cc38a8a9	0020c488
cc38f640	0020c4bc
cc39ac92	0020c4f0
cc3a4e0e	0020c524
cc3c05a0	0020c53c
cc3c092c	0020c572
cc4343b0	0020c59e
cc449d46	0008cfd4
cc507c25	0020c5d6
cc526658	0020c624
cc55dd98	0020c63e
cc58b5e2	0020c65e
cc595f48	0020c698
cc59b88e	0020c6b6
cc5a3b3d	0020c6ee
cc5a79c9	0020c740
cc5cc721	0020c76c
cc5dbff8	0020c790
cc5fd64a	0020c7cc
cc5fec03	0020c7cc
cc60bf87	0020c7e8
cc613aa1	0020c7fe
cc663bf2	0020c838
cc66a191	0020c866
cc66d093	0020c890
cc6a07f5	0020c8ba
cc6a3a9b	0020c8d6
cc6a8170	0020c8f6
cc6be3aa	0020c940
cc6c1bc6	0020c968
cc6e70ab	0020c98a
cc6e7ab9	0020c9b4
cc6f0ff5	0020c9e6
cc701541	0020ca18
cc7061cd	0020ca5e
cc70d280	0020ca9a
cc70f7cd	0020cae6
cc71e6a8	0020cb28
cc7349ec	0020cb6c
cc73afe3	0020cbce
cc73d422	0020cbe6
cc74fe3b	0020cbf8
cc7561cf	0020cc2c
cc7662b6	0020cc4a
cc7666d5	0020cca6
cc78a0de	0020cce4
cc7a8331	0020cd0c
cc7b15c2	0020cd3c
cc7b3b88	0020cd5e
cc7cb03d	0020cda0
cc7e7948	0020cdca
cc82f66a	0020ce3a
cc830760	0020ce60
cc8314d9	0020ce96
cc83fa06	0020ceb4
cc87a169	0020cecc
cc8a30f9	0020cf14
cc8aa332	0020cf48
cc8c323a	0020cf8c
cc8db222	0020cfbc
cc8dcffe	0020cfd0
cc8e3fd4	0020d018
cc8f79a4	0020d03e
cc927ee0	0020d08a
cc9305bf	0020d0bc
cc979cfb	0020d0e0
cc9d15c4	0020d122
cc9d66de	0020d152
cc9de853	0020d1a2
cc9e419c	0020d1d2
cc9e8d36	0020d204
cc9ec9e1	0020d24e
cc9ecdc0	0020d28c
cc9f440b	0020d2c0
cca1bb5b	0020d2d6
cca2f7c6	0020d310
cca5700b	0020d34a
cca57530	0020d376
cca87807	0020d398
ccaedb50	0020d3d8
ccb01aa9	0020d43c
ccb05b3b	0020d450
ccb05ea5	0020d482
ccb084d0	0020d4a2
ccb09696	0020d4a2
ccb098c0	0020d4a2
ccb0f5b4	0020d4a2
ccb0f5bf	0020d4b8
ccb25091	0020d4f0
ccb25eb0	0020d50c
ccb2e3fb	0020d53a
ccb4b1a4	0020d558
ccb5ffe9	0020d58a
ccb7c620	0020d5ae
ccba8cf5	0020d5e6
ccbe52c0	0020d604
ccbe65f2	0020d634
ccc14686	0020d654
ccc15826	0020d6a8
ccc24030	0020d6d4
ccc5179d	0020d70c
ccc615b5	0020d736
ccc67835	0020d766
ccc70a2f	0020d798
ccc97164	0020d7c8
cccaec4f	0020d7ea
cccbe0bd	0020d816
cccdd204	0020d848
ccce41eb	0020d88c
cccf1be3	0020d8e2
ccd11490	0020d90a
ccd28a49	0020d948
ccd32b70	0020d972
ccd45426	0020d99a
ccd6800c	0020d9f2
ccd8a230	0020da20
ccdb34cd	0020da8c
ccdb9e2e	0020dad4
ccddb709	0020db0e
ccdf15f0	0020db34
cce271b2	0020dba2
cce40e76	0020dbca
cce5253b	0020dbee
cce54197	0020dc20
cce7c735	0020dc50
cce7d697	0020dcc6
cce9895f	0020dce0
cceb3963	0020dd38
cced4f9a	0020dd9e
ccef492c	0020ddce
ccef614d	0020ddf2
ccf00f12	0020de0a
ccf0c826	0020de36
ccf32b2e	0020de72
ccf3cd76	0020df00
ccf4223e	0020df20
ccf509e8	0020df62
ccf51f46	0020dfaa
ccf7dee2	0020dfce
ccf92013	0020dfe8
ccfd16c4	0020e02c
ccfd5f46	0020e06c
ccfe5bef	0020e082
cd00a925	0020e0be
cd0141a8	0020e0d6
cd019c09	0020e0f0
cd046e99	0020e110
cd06a294	0020e140
cd06c1de	0020e16e
cd08744a	0020e1be
cd08c2cc	0020e1e4
cd09cd94	0020e202
cd0c37a6	0020e22c
cd0c3e4d	0020e264
cd0e95bd	0020e296
cd1274a0	0020e2ce
cd13084d	0020e306
cd157969	0020e326
cd15f2ba	0020e380
cd15fedb	0020e380
cd1a26ea	0020e3a0
cd1a8b97	0020e3da
cd1b0392	0020e412
cd1ee748	0020e452
cd1fdbf2	0020e472
cd222ba4	0020e4d4
cd25bf3c	0020e4f6
cd285280	0020e532
cd298990	0020e552
cd2a181f	0020e56a
cd2cc96b	0020e598
cd2d6591	0020e5ba
cd2e9e23	0020e626
cd2fe096	0020e648
cd311170	0020e680
cd321c8b	0020e6a0
cd346272	0020e6d8
cd352da9	0020e74a
cd376444	0020e778
cd398855	0020e7b2
cd3a55f3	0020e7f4
cd3d4f6a	0020e81c
cd3dac89	0020e838
cd3dc586	0020e88a
cd409121	0020e8ae
cd419dd5	0020e8e2
cd42b153	0020e93a
cd448457	0020e958
cd46dc8a	0020e998
cd47a3d4	0020e9b8
cd49ca05	0020e9d8
cd4a43a1	0020ea04
cd4ab9a3	0020ea3c
cd4b38d0	0020eab2
cd4c7de4	0020eb02
cd4fff5c	0020eb22
cd50e7b0	0020eb4a
cd50ff05	0020eb78
cd521cfb	0008e6be
cd523a0b	0008e6be
cd54e9f0	0020eba0
cd562f53	0020ebc6
cd5753c0	0020ec18
cd580503	0020ec40
cd588b6c	0020eca2
cd59c11d	0020ed0e
cd5a52f5	0020ed4a
cd5c50b2	0020ed84
cd5e186e	0020eda6
cd5ee15e	0020edcc
cd5fd2a8	0020edfc
cd611117	0020ee42
cd61a220	0020ee5c
cd61a674	0020ee8a
cd621401	0020eeae
cd62fe91	0020eeee
cd648745	0020ef20
cd64eb35	0020ef44
cd678a85	0020ef86
cd696e08	0020efc8
cd6a4e66	0020eff4
cd6a6f96	0020f01e
cd6b77d3	0020f038
cd6c9a54	0020f0a0
cd6d6824	0020f0d6
cd711365	0020f13c
cd722e49	0020f16c
cd75b1d9	0020f184
cd75bf53	0020f1cc
cd76c808	0020f1f4
cd7a3272	0020f216
cd7b1077	0020f238
cd7bc829	0020f27a
cd8040aa	0020f2b0
cd854563	0020f30e
cd85ddf3	0020f336
cd86f4fe	0020f362
cd86fa9d	0020f398
cd8838d2	0020f3a4
cd88ba7d	0020f3ee
cd893043	0020f432
cd8ae400	0020f46c
cd8c3cde	0020f486
cd8dc38b	0020f4ac
cd8e6e88	0020f4fe
cd93ff66	0020f53a
cd95ece6	0020f5bc
cd96445f	0020f5e8
cd97ffd3	0020f64a
cd985c1d	0020f688
cd98f424	0020f6a8
cd99b916	0020f6f2
cd9b3578	0020f712
cd9d5043	0020f73e
cd9e5e5d	0020f776
cd9eebd5	0020f7b8
cda229b9	0020f7f4
cda26b46	0020f812
cda4009e	0020f844
cda6009f	0020f868
cda62b49	0020f88a
cda690a4	0020f8ba
cda8470f	0020f8e2
cda84dd5	0020f91e
cdabed19	0020f946
cdaece6b	0020f95e
cdaf59b8	0020f9b4
cdb01c79	0020f9e6
cdb0c322	0020f9fe
cdb37a7e	0020fa3a
cdb6c6c6	0020fa5a
cdba94e2	0020fac2
cdbbd404	0020faf4
cdbbd549	0020faf4
cdbdc1bc	0020fb4a
cdbefd51	0020fb86
cdc273af	0020fbc2
cdc2908c	0020fbf6
cdc33032	0020fc1e
cdc33d3e	0020fc5e
cdc3aec3	0020fc1e
cdc4d17a	0020fc92
cdc67a61	0020fcc0
cdc87768	0020fd18
cdcd1b65	0020fd52
cdcdfcc5	0020fd92
cdcfc422	0020fdc4
cdd159db	0020fdee
cdd402b2	0020fe14
cdd82d97	0020fe3e
cddbe756	0020fe58
cddc2e94	0020fe7a
cde6b89d	0020fe94
cde9167c	0020febc
cde9a516	0020fef8
cde9cb41	0020ff6c
cdeaf336	0020ff88
cdebab14	0020fff0
cded49a7	0021001c
cdee0b8e	0021006c
cdef2b76	0021008c
cdf09881	002100e2
cdf09d0e	0021010e
cdf0b07f	00210136
cdf0d977	00210170
cdf24a53	002101c8
cdf7e029	002101f8
cdfa1f6a	0021027a
cdfaf9c7	0021029e
cdfd36dc	002102d4
ce010c36	00210328
ce01795b	0021035a
ce022446	00210388
ce04a2f5	001de0dc
ce06ab14	002103a8
ce07bb8e	002103f2
ce09d6cc	00210446
ce0a1c3b	00210498
ce0a7e2b	002104c4
ce100bea	002104de
ce11f717	00210508
ce125b80	00210558
ce127352	00210570
ce138a23	0021059e
ce139482	002105d8
ce15fd0c	0021060c
ce1968bc	000c3464
ce19db54	00210648
ce1b3b74	0021066c
ce1baabc	00210690
ce1c8f72	002106d2
ce1cacd6	002106f6
ce1cea28	0021072a
ce1db254	0021075e
ce1f5607	002107bc
ce205670	00210806
ce215016	00210820
ce240a82	00210852
ce262c4c	0021087c
ce279346	0021089e
ce29cdee	000dab56
ce29e26f	002108c8
ce29e7cf	002108de
ce2b660d	0021091c
ce2c1d1e	00210936
ce2c796a	00210952
ce2ce7c6	0021097e
ce30a678	002109c6
ce3563db	00210a02
ce36efcd	00210a56
ce3804b9	00210a90
ce39b3bd	00210ac4
ce3b6332	00210b0a
ce3b6a07	00210b0a
ce3bf046	00210b20
ce3d266f	00210b56
ce3db4b8	00210bba
ce3e059a	00210c30
ce3f9379	00210c84
ce3fce99	00210ca2
ce3ff86a	00210cc8
ce402a90	00210cf2
ce40d7fc	00210d28
ce4683e3	00210d4a
ce4a5e4d	00210d88
ce4af293	00210de2
ce4c645b	00210dfc
ce4caf4e	00210e32
ce52b381	00210e64
ce52bac6	00210e8c
ce542a1d	00210ec0
ce542aa6	00210ef2
ce54a699	00210f38
ce562649	00210f8a
ce57bfda	00211000
ce5dda7d	0021102e
ce5fd60b	00211086
ce5fd919	002110ca
ce60a54c	00211132
ce60c024	00211154
ce631c82	00211180
ce64c376	00211194
ce65f40c	002111d2
ce66999a	002111f0
ce687e56	0021122a
ce6959e1	00211290
ce6a7a8c	002112ec
ce6bd595	00211338
ce6ced40	00211362
ce6e8b99	0021138a
ce6ff2a2	002113ac
ce724674	002113fc
ce72b284	00211436
ce730547	00211454
ce73e72b	00211482
ce777a45	002114b2
ce77c9f3	002114da
ce77f363	00211512
ce781694	0021152e
ce7ab5c0	00211582
ce7bef47	002115ac
ce7d7cd1	002115fc
ce7e10a9	0021163c
ce82d53d	0021166a
ce838849	00211696
ce8533bf	002116c2
ce85756d	002116f6
ce859911	00211736
ce8a2164	00211760
ce8a78ce	0021177a
ce8ab8e9	002117ac
ce8c7d2e	002117c6
ce8e6369	002117e6
ce8f0b86	00211828
ce8fa126	00211842
ce90fe25	00211868
ce913356	00211896
ce926b7a	002118c8
ce950a64	002118fc
ce98589c	0021191e
ce9aa61e	00211962
cea0dcc2	0021198a
cea4015d	002119ba
cea7538d	002119de
cea80f24	00211a02
ceaa4902	00211a3a
ceb16724	00211a68
ceb1aaaf	00211aac
ceb61b29	00211adc
ceb931cd	00211b0e
ceb94732	00211b48
ceb947e3	00211b8a
cebc9b5a	00211ba8
cebd1dcb	00211c08
cebda936	00211c44
cebe57f4	00211c72
cebe775d	00211c9a
cebf3ba9	00211cf6
cec0e9cd	00211d1e
cec3c8d4	00211d42
cec3ffd1	00211d7a
cec6a01a	00211da8
cec83d2b	00211ddc
cec8da23	00211e42
cec934c8	00211e9a
cec9f645	00211eb4
ceca0149	00211ed2
cecc64eb	00211f0c
ced17841	00211f32
ced1a6d1	00211f46
ced1ccac	00211f32
ced37cf0	00211f68
ced67e1d	00211fa6
cedacff3	00211fc6
cedad56f	00211fea
cedb003c	000e7110
cedb1baa	00212016
cedcbcbc	00212028
cee168fd	0021205a
cee27474	0021207e
cee53a42	0021209a
cee8af45	002120ba
cee8c9d5	002120f2
ceead783	00212126
ceec374f	00212140
ceee05ab	00212162
ceef39b9	00212190
cef0d398	002121ae
cef16b68	002121d2
cef1c25f	002121f2
cef40e33	00212218
cef61780	00212238
ceffc75c	00212268
cf014a9b	0021228c
cf01772f	002122a2
cf025e41	002122e4
cf043734	00212354
cf0483f5	00212384
cf04db29	002123b6
cf08cbc5	002123d2
cf09e402	00212402
cf0be137	0021242a
cf0c1305	0021244e
cf0ccb26	00212490
cf0ce7df	002124ca
cf0d3e17	002124e2
cf143726	00212518
cf15d389	00212536
cf15d824	00212552
cf173975	002125b0
cf178e9e	002125f8
cf19185f	00212626
cf1a4eba	00212664
cf1b8eee	00212698
cf1cf89d	002126dc
cf1ff1f3	00212724
cf221b68	00212750
cf22bc37	0021276c
cf268170	0021279e
cf268241	0021279e
cf26a168	002127b8
cf26a8e8	0021279e
cf26c0ab	0021279e
cf26d6e4	0021281a
cf26f287	0021279e
cf2976a5	00212880
cf2d4edd	002128ae
cf2f4cb7	00212918
cf2ff184	00212944
cf319fb2	00212996
cf33555c	002129b8
cf337305	002129e2
cf35c254	002129fe
cf3712c0	00212a48
cf376044	00212a5c
cf378583	00212ab6
cf37a579	00212ad6
cf388d32	00212b00
cf3a1ca4	00212b3c
cf3aca94	00212b58
cf3b6206	00212b9a
cf3da34f	00212bbe
cf3e52a1	00212bec
cf42cff1	00212c0c
cf465fdb	00212c34
cf468a40	00212c58
cf499491	00212ca0
cf49e07f	00212cbe
cf4a113c	001fb250
cf4a541c	001fb250
cf4a7c93	001fb250
cf4ca865	00212cfa
cf4d4892	00212d2a
cf4db221	00212d36
cf4f3f08	00212d6e
cf4fd5c9	00212daa
cf5238d5	00212dce
cf528ca0	00212e16
cf5482a2	00212e40
cf5537f7	00212e6a
cf574adc	00212eaa
cf58ba84	00212ec0
cf5921df	00212ee6
cf599a6b	00212f1c
cf5ad9a9	00212f7a
cf5bd3b9	00212f98
cf5c12d9	00212fcc
cf5c692e	00212fcc
cf5c811f	00212fde
cf6029c5	0021300c
cf63e62e	0021306a
cf6631d9	002130a2
cf6691e7	002130e6
cf67951c	00213142
cf681dad	002131ae
cf6896fd	002131ce
cf68a27f	0021320a
cf69fc40	0021323c
cf6a0685	0021326a
cf6a12a8	0021328a
cf6aa024	002132aa
cf6c12d3	002132d8
cf6e05c0	002132f6
cf6f3c14	00213324
cf6fce71	00213350
cf715e44	00213394
cf71f2f4	002133e8
cf720d4e	00213422
cf731d49	00213450
cf772774	0021346c
cf77c6a8	002134ac
cf78d069	002134e4
cf7a127f	0021350c
cf7a4fa0	0021354e
cf7b6e73	0021357c
cf7dbcce	00213598
cf7f990b	002135b4
cf7fbe56	002135dc
cf8448b6	00213626
cf849c3b	00213648
cf854306	0021365c
cf85f26a	00213686
cf871381	002136f2
cf88be5f	0021373e
cf8a35e8	0021377c
cf8aea14	002137a4
cf8b1779	002137d4
cf8b5fbf	00213800
cf8c1407	00213830
cf8fadb3	00213864
cf9043cf	00213890
cf93bed4	002138be
cf94dd11	002138ea
cf964ff1	0021392a
cf9751f8	0021395e
cf994dff	00213980
cf9b65cf	002139d6
cf9eaed7	00213a1e
cf9fef8b	00213a42
cfa03bce	00213a6e
cfa26538	00213af4
cfa29c38	00213b2c
cfa3484a	00213b70
cfa47286	00213b82
cfa4871c	00213ba6
cfa5a5c6	00213bd0
cfa6f4cb	00213c0e
cfa94c1f	00213c2e
cfaa4bee	00213c52
cfac3266	00213c70
cfac70c7	00213c70
cfaccc21	00213c70
cfacdf74	00213c84
cfaceb9a	00213c70
cfaceed9	00213c70
cfb10852	00213cac
cfb31b17	00213cc8
cfb3ba54	0019b5ca
cfb3f4f2	0019b5ca
cfb46e3e	00213ce4
cfb4f082	00213d02
cfb64391	00213d46
cfb6cea4	00213d72
cfba39ee	00213db4
cfbbcf4d	00213dd4
cfc06723	00213dfe
cfc07920	0011c2a4
cfc18e6d	00213e14
cfc504a5	00213e38
cfca230f	000e7110
cfca5879	000e7110
cfca5ee9	000e7110
cfcc3d24	00213e8a
cfccdcc4	00213ee4
cfd1a106	00213f36
cfd1bee0	00213f36
cfd1c4d9	00213f50
cfd714f7	00213f82
cfd949ef	00213fc6
cfd9b8ab	00213fea
cfdb67fb	00214066
cfdd2cc6	0021408a
cfe0f5aa	002140ac
cfe358fe	002140d4
cfe3c2d2	002140ee
cfe5ebc1	00214142
cfe636e8	00214176
cfebb1bb	00214196
cfee5687	002141ce
cfee6da4	00214200
cfef8d2a	00214220
cff0af78	0021423a
cff1e42f	0021429a
cff1eb8d	002142bc
cff1fe13	002142dc
cff2b8b5	00214336
cff2f8d0	0021435c
cff39d88	00214396
cff46b59	002143b6
cff50ba9	0021442a
cff53854	00214456
cff5794c	0021447a
cff5a602	002144a8
cff69af7	002144e0
cff82f30	00214530
cffa3869	0021455c
cffaca39	00214586
cffd1c4e	002145aa
cffea10f	002145e6
d0015055	002145fe
d003fb04	00214646
d0059d94	0021465e
d005f87e	00214698
d0086983	002146bc
d0087a69	0021473c
d00903c6	0021479a
d0093de0	002147fa
d00aa4a2	0021480e
d00d24d7	0021483c
d00df062	0021485e
d00e66bf	0021489a
d00f5159	002148b8
d01029e6	002148ec
d010b6e6	00214938
d0110e41	0021496c
d01573b9	00214996
d0183c9b	002149cc
d01a3643	002149f6
d01dd522	00214a40
d0208c66	00214a76
d023bc28	00214a9a
d024f845	00214ace
d02609a7	00214aec
d02652a0	00214b08
d02a8152	00214b4c
d02aa449	00214b92
d02b03d1	00214bba
d0301940	00214bde
d030f807	00214c2a
d031acf6	00214c44
d0327198	00214c76
d0359acc	00214c90
d03631e3	00214cbe
d03966aa	00214ce6
d039ce0d	00214d1a
d03b3e94	00214d62
d03bb2c1	00214d84
d03d7717	00214da2
d03e55df	00214df4
d03e8926	00214e1e
d03fb04f	00214e82
d0400555	00214eac
d041cd5b	00214ec8
d041d482	00214f0e
d042793f	00214f4a
d043c308	00214f7c
d0471d7d	00214faa
d0476243	00214faa
d04875cd	00214fc0
d0490a1c	00215046
d04facec	00215074
d05100c9	0021508a
d051e381	002150be
d051ebb7	002150d6
d053af51	00215142
d05518e8	00215176
d05751f8	0021519c
d05875fa	002151d4
d059e70f	0021522c
d059f5a1	0021525a
d05b20e4	00215294
d05e0fac	002152e2
d05e23c6	0021530a
d062839c	0021536e
d0673a04	0021538a
d068d6f7	002153a6
d06a193f	002153dc
d06ac11a	00215424
d06b2fb2	00215440
d06bdea1	00215484
d06c28d6	002154b8
d06d5efe	002154ca
d06e594c	0021551a
d070db01	00215540
d07460b1	0021558a
d074ea63	002155ae
d075110f	002155d2
d075d8c4	002155f4
d075fe3b	00215642
d07680fc	00215662
d078101c	00215692
d079565f	002156cc
d07ac6fc	0021572a
d07af041	00215750
d07c2f64	0021578c
d07e3241	0006c574
d07ea11d	002157c4
d080be64	002157e2
d08159a4	00215800
d0862cf2	00215856
d086d2d4	00215876
d089e886	0021588e
d08a2b8a	002158c8
d08a3e2b	00215912
d08d0ab4	0021594e
d08ef450	0021597e
d08fa859	002159a4
d091ddca	002159d2
d091ece2	00215a0c
d092d325	00215a8a
d09355de	00215aa8
d096825c	00215ae0
d096cb49	00215af6
d097a679	00215b1a
d09a37a4	00215b4c
d09b07b5	00215b92
d09c4efd	00215baa
d09e9dc9	00215be2
d0a0a79a	00215c62
d0a15a0a	00215c82
d0a23798	00215ca8
d0a7e889	00215ce2
d0aa416c	00215d12
d0acf541	00215d40
d0acfbdd	00215d72
d0b14b19	00215da6
d0b1b01a	00215dd0
d0b1e4d9	00215df4
d0b1e6d3	00215e60
d0b224e3	00215ea4
d0b3a96d	00215ec2
d0b3b044	00215eec
d0b518e0	0009db42
d0b52d95	0009b0d4
d0b56ab4	0009b0d4
d0b5da4a	0009b0ea
d0b69964	00215f28
d0b7671a	00215f3e
d0b8edd4	00215f6c
d0ba8a60	00215faa
d0bac6fc	00215fce
d0bbce9d	00215fe6
d0bedfb7	00216024
d0c49cf7	0021604a
d0c4c189	0021607a
d0c4c73c	002160ae
d0c6049a	002160ec
d0c66d52	0021610e
d0c74cf1	00216146
d0c7574e	0021616c
d0c8500d	002161b4
d0c8a21d	002161e2
d0c9e33f	0021620c
d0ca5e6e	00216232
d0cedeb0	00216280
d0d1c6e3	002162ba
d0d2ff18	002162e8
d0d307ea	0021630a
d0d32617	00216340
d0d60bae	002163aa
d0d6b5fb	002163f0
d0d8d047	00216434
d0d91d86	00216460
d0d94fc5	00216488
d0d983e3	002164ae
d0da0754	002164d2
d0db40c8	00216516
d0db5d49	00216536
d0dc7769	00216566
d0df2665	002165a2
d0e0a5c6	002165c2
d0e0de80	002165e6
d0e2eb2c	00216624
d0e2ebb4	00216624
d0e30654	00216640
d0e47c02	00216668
d0e4e317	00216688
d0e4eae6	002166c6
d0eaa18d	002166de
d0eadd89	002166de
d0eb7f7c	00216704
d0ecb116	00216736
d0f26611	00216770
d0f2d6f1	002167a8
d0f3a857	002167da
d0f3c303	0021681a
d0f48e92	0021684c
d0f5b98e	00216878
d0f8405e	002168ae
d0f86bcf	002168ca
d0fbceec	00216918
d0fc55dc	00216942
d1050e89	0021695e
d1054f82	0021697a
d107480e	002169be
d10b1acb	00216a10
d10ba686	00216a2e
d10c1f5f	00216a6e
d10c4858	00187b86
d10dc801	00216a82
d111d89e	00216a9a
d1121879	00216ade
d1126895	00216b2a
d115a5d9	00216b5e
d11687c4	00216b7a
d1169c30	00216ba0
d1190480	00216bea
d11928b7	00216c2a
d11d7644	00216c66
d11f88d0	00216ca8
d12403a4	00216cec
d1242b26	00216d48
d1256941	00216da8
d128a041	00216dbc
d128f685	00216dee
d12b5a9b	00216e2e
d12be5b3	00216e8e
d135de93	00216ed2
d13add5b	00216f06
d13d13ca	00216f3c
d13ef567	00216f6a
d13f95a6	00216f94
d13ffcef	00216fc4
d1423b90	00217020
d1429741	00217074
d143a586	002170a8
d145c735	002170de
d146c48c	00217104
d148e9b3	0021712a
d1491bb2	00217142
d149bfe7	00217178
d14a8b42	002171c8
d150cb3a	00217214
d150e13c	0021724e
d15221c4	00217278
d153674b	002172a2
d15417ae	002172ee
d1549b31	0021733c
d154c1f0	00217356
d158a5ca	00217382
d158d2eb	002173bc
d1594d0c	002173da
d15a9aab	0021742c
d15b9e69	0021746a
d15c3a66	00217490
d15cf99f	002174b8
d161db96	002174e6
d163e290	00217500
d1647e24	0021752c
d164a72c	002175bc
d1666461	002175ee
d1677aad	00217630
d16844b7	00217676
d168d75c	002176a4
d16aa6ef	002176dc
d16ac096	00217718
d1701325	00217752
d170782b	00217778
d17096a2	002177b2
d1715593	002177fc
d17191ca	0021785c
d171fb55	00217886
d1730cf1	002178aa
d1758eeb	002178c2
d175b6d0	002178d6
d1776a17	00217904
d17780cf	0021793a
d1790548	00217976
d1793806	002179b8
d17a3c87	002179ee
d17b60bc	00217a2e
d17b7bdc	00217a66
d17baa22	00217a9c
d17cef79	00217ad0
d17cf0da	00217afa
d17e027b	00217b26
d17fec11	00217b5e
d17ff8cc	00217b5e
d180498c	00217b7e
d182016e	00217bda
d182f650	00217c4e
d18326f4	00217c92
d184e2ea	0016db8a
d186bd3f	00217cb2
d186dccd	00217ce4
d1872f98	00217d18
d187ea6a	00217d32
d188d246	00217d5a
d18b421f	00217d82
d18b4fa2	00217d82
d18bc179	00217dd2
d18c150e	00217e42
d18cd532	00217e74
d18dfb2b	00217e9e
d18e6d9f	00217ebe
d18f77d1	00217f02
d18fdffa	00217f26
d190cb34	00217f82
d190e8a3	00217f9c
d190ec63	00217fa6
d19776d6	00217fba
d197a6b7	00218000
d1991c84	00218036
d19947d1	00218072
d19b82ed	0021809a
d19cf1dd	002180cc
d19d3d9e	002180e4
d19ec25b	002180fa
d19f0c8b	0021812c
d1a3519c	00218172
d1a4cb48	002181aa
d1a6014d	002181d2
d1ab48b2	00218228
d1ad8a44	00218258
d1addaa4	00218288
d1ae8b48	002182d0
d1ae9688	002182fe
d1aff658	00218328
d1b00afa	0021838c
d1b1165c	002183ba
d1b2e5ec	002183e8
d1b3325e	00218422
d1b4f932	0021843c
d1b6695a	00218478
d1b71d02	002184d6
d1b9fc73	00218500
d1bb5f72	0021853a
d1bb9b45	00218560
d1c013b5	0021857e
d1c07749	002185c0
d1c1701a	002185f2
d1c4587b	0021861a
d1c46e4a	00218648
d1c4c962	00218696
d1c53970	002186c0
d1c54d14	002186e6
d1c74266	0020bca0
d1caf172	00218714
d1ccd552	00218742
d1cd2486	00218788
d1cd3c72	002187c8
d1ce3334	00218812
d1ce98f3	0021882a
d1cf6b22	00218840
d1d0d15e	00218896
d1d1a24f	002188ec
d1d21485	00218912
d1d533f1	00218944
d1d5375a	002189a4
d1d53e3d	002189c2
d1dbe7aa	002189ec
d1de77d8	00218a14
d1de8887	00218a62
d1e29183	00218ad0
d1e38ef6	00218b1e
d1e68861	00218b4c
d1e6e1b9	00218b62
d1ec7eed	00218b9c
d1ee1215	00218bd2
d1f1d24d	00218c48
d1f3064a	00218c66
d1f61bf9	00218c96
d1f68a7e	00218cfa
d1f84d66	00218d0c
d1faa9e4	00218d2a
d1fb5749	00218d66
d1fb665f	00218de0
d1fbe267	00218e1a
d1fc219a	00218e34
d1fcec6c	00218e5c
d1feeca4	00218ea8
d1ffd123	00218ec6
d2007361	00218ef0
d2035856	00218f26
d2046d40	001277de
d204a628	00218f52
d205b444	00218f94
d20713df	00218fac
d208ae74	00219000
d208ddb5	00219042
d20957f3	0021907e
d209a91b	002190ba
d20aeab5	00219112
d20bedb8	0021914e
d20db128	00219174
d210063c	0021918e
d2125279	00219214
d2126363	0021923c
d2131316	00219274
d21348c1	002192b8
d213e428	002192ee
d217110b	00219336
d21ab2b1	00219368
d21afb6f	00219396
d21c6d78	002193e2
d21d1766	0021940e
d21d5241	00219444
d21d5483	00219464
d2210552	0021948c
d223b55f	002194b6
d225657c	002194f8
d225bd0d	00219536
d225fdf6	00219536
d229a450	0021954a
d22a8a70	0021956e
d22b0af4	002195b4
d22caed0	002195ee
d22dd9ee	0021962a
d22e344a	00219670
d22e9c54	0021969c
d231d265	002196e8
d231d64e	0021972c
d232eea4	00219748
d234e5fb	0021977a
d234f01b	002197aa
d2374a95	002197cc
d238e2ab	002197fe
d23a3739	00219834
d23d3f24	00219866
d23e2b72	00219886
d2401cad	002198b6
d2423f9e	00219926
d2430599	00219948
d2442ad8	002199d0
d24438ba	002199f0
d24661c6	00219a0c
d2468a13	00219a3a
d246983c	00219a9a
d246addf	00219ac0
d24a2fd7	00219aec
d25113d6	00219b44
d2519834	00219b68
d2519a53	00219bb4
d2521568	00219bd2
d25271a6	00219c04
d252da73	00219c42
d253031a	00219c60
d2540fb4	00219c92
d2541987	00219cac
d2552cb6	00219cd4
d2567bd5	00219d3a
d259f678	00219d64
d25cd2fb	00219d98
d25f4f03	00219dca
d26002ab	00219de6
d260b304	00219e2e
d263cc4c	00219e94
d2664097	00219ebe
d2681947	00219f04
d26cab4c	00219f34
d2707bbc	00219f64
d2736bcf	00219f98
d27484d6	00219fbe
d276c252	00219fec
d277a99f	0021a042
d27850f7	0021a06c
d278751c	0021a0ba
d27906a9	0021a0ea
d27bcb33	0021a118
d27e3d0a	00084ff2
d27f164a	0021a12e
d27f5df3	0021a172
d2815e3b	0021a1bc
d2826534	0021a1d2
d282b10e	0021a20c
d2831904	0021a228
d283409f	0021a24e
d2838cc7	0021a274
d284d1c7	0021a294
d286b74d	0021a2bc
d28819fe	0021a2fa
d289a212	0021a318
d28aef02	0021a342
d28f12ee	0021a36e
d28f8075	0021a3b0
d29083fe	0021a3f8
d2923290	0021a414
d2942aaf	0021a456
d2951e10	0021a49e
d2952a48	0021a4b6
d29574eb	0021a49e
d295d9ee	0021a4e0
d2995de5	0021a514
d29aa25a	000cb010
d29af74e	000cb010
d29b1411	0021a53a
d29cd9d7	0021a558
d29cfc38	0021a57a
d29faee1	0021a59a
d2a08ebb	0021a5dc
d2a29051	0021a60c
d2a2ba57	0021a62e
d2a2f144	0021a66a
d2a58372	0021a6a0
d2a5f009	0021a6b8
d2a6fdbd	0021a6d0
d2a775cf	0021a706
d2a9d301	0021a73a
d2a9db17	0021a77e
d2ac1d1c	0021a7b8
d2af5b80	0021a7e0
d2b0ecdd	0021a83c
d2b49e6c	0021a858
d2b5349b	0021a86e
d2b61bcc	0021a8ac
d2b6266f	0021a8e6
d2b9b204	0021a90a
d2bab9bd	0021a92c
d2bb12d1	0021a986
d2bb3cda	0021a9ae
d2bbae0c	0021aa12
d2bbd111	0021aa36
d2bcea29	0021aa7e
d2bf37f8	0021aaca
d2bf3c9a	0021ab02
d2c5ee1e	0021ab32
d2c5fe1a	0021ab66
d2c63ccf	0021aba0
d2c96d41	0021abe6
d2c9ae7e	0021ac04
d2cafa22	0021ac24
d2cb9dd6	0021ac5c
d2cc686d	0021ac82
d2cd240a	0021acc2
d2cd8bec	0021ad06
d2ce3475	0021ad2e
d2d149cc	0021ad6c
d2d1f969	0021ad8c
d2d46877	0021addc
d2d4832e	0021ae18
d2d4853a	0021ae32
d2d48da7	0021ae5a
d2d4ef11	0021ae76
d2d4feba	0021ae18
d2d76974	0021aeb6
d2d83458	0021aed6
d2d85ab7	0021af42
d2db4396	0021af86
d2e42cf3	0021afa6
d2e85db7	0021afce
d2e872ec	0021b02c
d2e8a8a5	0021b054
d2e9206d	0021b07e
d2eb27b0	0021b0b8
d2eb3875	0021b0f0
d2ecdd6b	0021b118
d2ed40bc	0021b14c
d2ed9cbc	0021b176
d2ed9d4d	0021b176
d2edc0f8	0006ff24
d2eef67a	0021b190
d2ef966f	0021b1a6
d2f1ebde	0021b1f2
d2f26d01	0021b230
d2f277a6	0021b252
d2f4d84c	0021b2a2
d2f4d9cb	0021b2dc
d2f653b1	0021b320
d2f7ad28	0021b34c
d2f93e75	0021b37c
d2f9a34f	0021b3b2
d2f9fc4b	0021b3f6
d2fb9e90	0021b404
d2fdc26f	0021b456
d3006d2b	0021b4b6
d3006f93	0021b4b6
d300751a	0021b4dc
d301ff33	0021b508
d303e15d	0021b54e
d305e278	0021b574
d30a8657	0021b5a6
d30b073d	0021b5ca
d30ea238	0021b5f4
d310212a	0021b624
d3107e33	0021b65e
d315ab78	0021b6c0
d315d706	0021b6f2
d3178123	0021b72e
d31a7f13	0021b74e
d31c841f	0021b788
d31ca990	0021b7c8
d31cdfdf	0021b7de
d31ed1dc	0021b822
d3230fc3	0021b850
d323ad7c	0021b87c
d327186f	0021b8a8
d32ac6b3	0021b8ea
d330fb0a	0021b910
d331d3de	0021b942
d3325e04	0021b978
d3359274	0021b990
d33b2f96	000fcce4
d33b325a	0007d232
d33b797a	000fcce4
d33c1102	0021b9da
d33c24fa	0021ba0e
d33c5015	0021ba3e
d33cea4d	0021ba62
d33ec310	0021bab6
d3405c52	0021bb38
d340cad9	0021bb60
d34897b1	0021bb86
d34ae01f	0021bbb8
d3504449	0021bbfc
d351c125	0021bc1a
d35278c3	0021bc76
d353641b	0021bc94
d35555e1	0021bcc4
d355f782	0021bcf0
d358278c	0021bd20
d35fb8fb	0021bd52
d3610062	0021bd90
d36165b2	0021bdc8
d362c970	0021bdfe
d3667251	0005beb8
d366cfdd	0006ceaa
d367015b	0021be38
d36760ba	0021be38
d3683de9	0021be4e
d36b2128	0021bec2
d36cadfa	0021bee2
d36e539b	0021bf24
d36ecf24	0021bf80
d36ee8db	0021bfba
d370b03c	0021bfd2
d3711918	0021bffc
d3713368	0021c020
d371513f	0021c072
d371ee2a	0021c0a8
d373853d	0021c0e8
d3743442	0021c12a
d376a688	0021c15c
d376b620	0021c176
d376c73d	0021c1a8
d378a102	0021c1da
d37a5655	0021c20c
d37b68e2	0021c23a
d37c1daa	0021c268
d37e8ba2	0021c298
d38257d7	0021c2ae
d382eb19	0021c2ce
d383d000	0021c334
d384353f	0021c394
d3853bd3	0021c3c0
d385ff40	0021c3fa
d389fd44	0021c414
d38a8363	0021c468
d39194c2	0021c47e
d392650a	0021c4b6
d3926d31	0021c504
d39476ea	0021c51c
d39505a2	0021c584
d3985dc6	0021c59a
d398d1d3	0021c5e0
d39c53d3	0021c612
d39ee24a	0021c63e
d3a0d491	0021c65a
d3a50670	0021c69e
d3a56852	0021c70a
d3a5e3a5	0021c732
d3ab8648	0021c768
d3ac6155	0021c784
d3afbb5f	0021c7f2
d3b08c83	0021c810
d3b1b6cd	0021c848
d3b2c99c	0021c89e
d3b50c46	0021c8c8
d3b51e89	0021c8f0
d3b59978	0021c938
d3b5c22a	0021c962
d3ba06f4	0021c980
d3bbd58e	0021c9a6
d3bda9c2	0021c9fc
d3c14077	0021ca1c
d3c245aa	0021ca4e
d3c28393	0021ca6a
d3c3bc34	00115186
d3c5447a	0021ca8e
d3c5ebd5	0021cade
d3c8dda4	0021cb30
d3c90883	0021cb54
d3cad7c4	0021cb7e
d3cb4088	0021cbbe
d3cdcae3	0021cbe8
d3ce2afe	0021cc1e
d3ce3908	0021cc76
d3cff3ef	0021ccae
d3d1ced1	0021ccd8
d3d3c06e	0021cd06
d3d6f091	0021cd34
d3d7d0f2	0021cd6e
d3dba157	0021cd84
d3def0fe	0021cdbc
d3e228c4	0021cdf6
d3e2c521	0021ce38
d3e3300e	0021ce64
d3e53a35	0021ceaa
d3e5c5c7	0021cec8
d3e65aa0	0021cede
d3e8b8f8	0021cf28
d3e94442	0021cf50
d3eaab67	0021cf88
d3edd2a3	0021cfa0
d3ede0fb	0021cfce
d3efbef8	0021cfe4
d3f109f3	0021d016
d3f1655d	0021d036
d3f1e004	0021d062
d3f3ef34	0021d086
d3f4699d	0021d0ac
d3f645ba	0021d0dc
d3f8679f	0021d102
d3fab10a	0021d124
d3fba5b3	0021d154
d3fbdf8c	0021d198
d3fe1708	0021d1c4
d3fec195	0021d218
d400aa6b	00193bf0
d404f61e	0021d25e
d40b9719	0021d2f0
d40c3bf3	0021d322
d40dcffb	0021d372
d40dfb77	0021d398
d40ec05a	0021d3e6
d40f13d2	0021d41a
d410c3de	0021d43a
d411ad03	0021d476
d411c190	0021d4f6
d41203b7	0021d50e
d4132617	0021d53e
d4136c5a	0021d55a
d41451cc	0021d5a8
d4150eff	0021d5e4
d41740b1	0021d612
d4191eed	0021d64e
d4191fe4	0021d64e
d41c2af0	0021d670
d41e3867	0021d6bc
d41e54ba	0021d6d6
d41fb347	0021d702
d4207cbc	0021d732
d4253e18	0021d74c
d426c23a	0021d79a
d42ab84d	0021d7c4
d42e44cf	0021d7e8
d42e5096	0021d820
d42f7c72	0021d846
d42fb30f	0021d86a
d430e2b5	0021d8d0
d4313e16	0021d8ea
d431c1e0	0021d942
d4329159	0021d97c
d436b08f	0021d9d2
d43cece6	0021d9f0
d43e8a7c	0021da02
d43fa456	0021da24
d4412423	0021da4e
d4430723	0021da96
d44500e6	0021dade
d4453b05	0021db02
d44564ee	0021db56
d445684f	0021db86
d4465b5c	0021dbc6
d448fc03	0021dbdc
d44a32ac	0021dc38
d44bc01e	0021dc70
d44bc8da	0021dcec
d44f0d41	0021dd14
d44fc436	0021dd34
d44fe31f	0021dd50
d450378b	0021dd90
d4506d88	0021ddbe
d450aa4a	0021dde2
d4541aca	0021de0a
d455431e	00112786
d455e665	0021de36
d4578370	0021de66
d458dc60	0021deb6
d45a3be1	001d0e04
d45a66fb	001d0e04
d45b8695	0021deee
d45ce954	0021df12
d45e428e	0021df3e
d45eab41	0021df64
d462f8e6	0021df7e
d46501b9	0021dfa8
d4691521	000f6772
d46a5086	0021dfe6
d46ac7a7	0021e00e
d46cc85e	0021e044
d46cdd5c	0021e072
d4701e2d	0021e08e
d4739d78	0021e0f0
d4745e86	0021e136
d474a76c	0021e158
d4754022	0021e180
d47cd94d	0021e1bc
d47d0caa	0021e1e8
d47ea4d6	0021e22e
d4808e49	0021e25c
d480ae60	0021e292
d480c651	0021e308
d480f1e1	0021e334
d48248d9	0021e36c
d4835a6c	0021e3a2
d4839a54	0021e3c6
d4859b74	0021e3e4
d48737f6	0021e414
d48840f7	0021e438
d4895bab	0021e46a
d48b6d60	0021e498
d48ba4b7	0021e4e8
d48bb37d	0021e4fe
d48be1c6	0021e530
d48d78a9	0021e542
d48d7e23	0021e578
d48db18d	0021e5a6
d48dcb32	0021e5da
d48e5127	0021e60e
d490cdd9	0021e636
d495d664	0021e67a
d49788e2	0021e69e
d498edec	0021e6be
d4998187	0021e6f0
d49a9c6b	0021e734
d49b60f1	0021e788
d49c8a40	0021e7ae
d49e4be4	0021e814
d4a22e1f	0021e83a
d4a3f51b	0021e858
d4a4f1b0	0021e89a
d4a54bc1	0021e8c2
d4a5528f	0021e8e4
d4a592e2	0021e8fe
d4a72d55	0021e91c
d4a7eb72	0021e94e
d4a815f2	0021e984
d4aa35c9	0021e99e
d4ae90b1	0021e9fe
d4b2aef1	0021ea38
d4b2f2d4	0021ea64
d4b421a3	0021ea98
d4b46a83	0021eaf2
d4b48715	0021eb20
d4b53299	0021eb4c
d4b55988	0021eb64
d4b61f9f	0021eb90
d4b7fafd	0021ebce
d4b95754	0021ec06
d4bca153	0021ec5e
d4c14c3a	0021ecd2
d4c212c9	0021ed04
d4c3407d	0021ed28
d4c47632	0021ed54
d4c488ed	0021ed76
d4c64300	0021edba
d4c8a8ad	0021edd8
d4c8d1c3	0021ee20
d4c923eb	0021ee54
d4cad753	0021ee80
d4cbb255	0021eee2
d4ccb673	0021ef0a
d4d0e158	0021ef3c
d4d11acf	0021ef8c
d4d1a096	0021efe0
d4d24890	0021f038
d4d6c4d7	0021f072
d4d73213	0021f0ba
d4d7bfd9	0021f0d4
d4d84598	0021f112
d4dbc33a	0021f164
d4dc4fb5	0021f18e
d4e048b9	0021f1ca
d4e266a2	0006c1b6
d4e540b5	0021f1fc
d4e681a7	0021f224
d4ebaf5a	0021f276
d4ec7036	0021f292
d4eccce7	0021f2d8
d4ed2a5b	0021f302
d4f2359a	0021f336
d4f44f9c	0021f354
d4f4a730	0021f388
d4f6261b	0021f3a8
d4f80aa5	0021f3d6
d4f9d27c	0021f410
d4fa6a04	0021f426
d4fc50b8	0021f458
d4fcfcf9	0021f47c
d5008699	0021f49a
d500af9f	0021f4b0
d500d9ca	0021f4cc
d5029cfc	0021f4ec
d50781c7	0021f502
d5087882	0021f530
d5088d95	0021f56a
d50a53b7	0021f586
d50d11c8	0021f59a
d50d2023	0021f5de
d50d7acd	0021f600
d50ed13e	0021f630
d50f5f07	0021f664
d513fd92	0021f6a4
d514853b	00104ce2
d5148791	0021f6be
d514986d	00104ce2
d51507c8	00104ce2
d5155751	00104ce2
d51583ad	00104ce2
d5158f7c	00104ce2
d5159aaa	00104ce2
d515a191	00104ce2
d515abbb	00104ce2
d515beea	00104ce2
d515cc30	00104ce2
d51b4257	0021f6e4
d51baf0a	0021f70e
d51c739a	0021f72e
d51e3c1c	0021f780
d52263f3	00077d3c
d5227355	0021f79e
d522f8f3	0021f7f8
d5240227	0021f810
d5296d71	0021f850
d52a0f9b	0021f86c
d52b8fca	0021f88c
d52ba6bf	0021f8c2
d52ef221	0021f8ec
d5315237	0021f90a
d533ccd8	0021f96c
d53447f9	0021f996
d53468de	0021f9ba
d5349fd2	0021f9f8
d538db4c	0021fa2c
d53e6b31	0021fa4e
d540e50d	0021fa9a
d542bea5	0021faca
d5431e2d	0021fb04
d543c1cf	0021fb2a
d543f189	0021fb2a
d5467c33	0021fb66
d546c32f	0021fb8c
d548c0ee	0021fbc8
d54961c5	0021fbf4
d54a23f1	0021fc54
d54ab66c	0021fc7c
d54be53b	0021fcae
d54bfad0	0021fce8
d54ea7c4	0021fd06
d552578c	0021fd26
d5527d48	0021fd56
d5570879	0021fd62
d557caf8	0021fda6
d559aca2	0021fdda
d559dd5c	0021fe02
d55c2630	0021fe28
d55c5c33	0021fe3a
d55c8345	0021fea0
d55d31d0	0021fec0
d55e8078	0021fef8
d55fa2fb	0021ff52
d5601f9f	0021ff94
d5608342	0021ffd6
d562fd13	0021fff4
d56342c5	0022002a
d5637914	00220076
d563a6c6	002200d6
d563dd05	002200f6
d5646232	00220112
d5680c8c	0022013e
d5686e8b	0022013e
d56a9194	00220156
d56b9370	002201ac
d56bdc53	002201ca
d56c76e3	002201f2
d56cfed3	00220210
d56e83aa	00220264
d56f35ce	002202f4
d57102b5	0022033c
d5725327	00220396
d572d77f	002203f6
d572f2bb	0022043a
d5797e67	00220456
d57a1d46	002204a0
d57a4d0f	002204ba
d57b8f50	0022050e
d57bf343	00220528
d586167b	00220544
d5868976	0022055a
d588d383	002205b6
d58c964f	002205d8
d58ceb7e	0022060a
d58d1823	00220652
d58e85f8	00220688
d59028a0	002206a6
d59482f3	002206bc
d59a3e4a	002206f6
d59e0710	00220712
d59e40ec	00220754
d59f8a32	00220794
d5a1b456	002207b8
d5a39cbc	002207e0
d5a3c4b4	002207fe
d5a84a4d	002208a2
d5ab2375	002208d6
d5b3b835	00220918
d5b4c538	0022095e
d5b67d59	00220986
d5b6f159	002209da
d5b77a22	002209fa
d5b7d3a0	00220a26
d5ba9d38	00220a52
d5baeaf8	00220a9a
d5bdd896	00220af2
d5be9f9e	00220b42
d5c08314	00220ba0
d5c2884c	00220be2
d5c34436	00220c08
d5c3dde5	00220c26
d5c3eb28	00220c66
d5c49f66	00220c9e
d5c4c8ec	00220cbc
d5c53da3	00220ce4
d5c6a9b0	00220d0c
d5c882b8	00220d38
d5c9dfde	00220d6a
d5cbe5fc	00220d98
d5ce648d	00220dba
d5cf4fd1	00220e0a
d5d1e8a1	00220e88
d5d2bfb4	00220eea
d5d610c8	00220f54
d5d732f5	00220f92
d5d973b3	00220fb8
d5dacd07	00220fe6
d5dbe5bb	0022104e
d5dd6a24	0022106a
d5dfc432	0022109c
d5e13b19	002210ee
d5e16f2e	00221126
d5e19d51	00221150
d5e4f770	0022118e
d5e56722	002211ae
d5e75fcf	002211e0
d5ed60ad	00221236
d5f19723	00221252
d5f4b8aa	00221290
d5f5c967	002212de
d5f8350a	00221310
d5fdf23b	0022134a
d5feac40	00221362
d5ff6aff	0006b810
d5ff8bbf	0022138e
d602c65b	002213ba
d605a736	002213dc
d6084266	00221422
d6093c55	00221494
d6096910	002214e4
d60ccaa6	00221528
d60cfb47	00221558
d60d12d1	0022157e
d60eba13	002215b8
d60f1b3b	002215ea
d60f8de4	0022162a
d60fa43e	00221646
d6107172	00221662
d610a3b4	00221682
d613a9d2	002216b6
d6147e47	002216ee
d6154b55	0009bd66
d615e256	00221734
d6162dbc	0022179e
d6197359	002217cc
d61c6356	00221818
d61c7f5e	00221848
d61dbb7f	0022186e
d61f2e68	002218ce
d620a0c6	002218f6
d6275584	00221916
d629adc9	00221976
d62f3335	0022198c
d62f988f	002219c4
d63030c3	002219fa
d63077ef	001a122c
d630a586	001d2fe6
d634fceb	00221a54
d63513ae	00221a8c
d635237a	00221aaa
d63915d2	00221ace
d63a8b73	00221af4
d63b531e	00221b1c
d63c7cdb	00221b5e
d63e8327	00221b9c
d63ffb00	00221bb2
d646c148	00221bfa
d6497333	00221c12
d64c2d88	00221c28
d64e2474	00221c46
d65123a3	00221c74
d65210f8	00221cb2
d6521334	00221cb2
d6521c57	00221cb2
d654c2e0	00221cc4
d6561be2	00221cf8
d65675c6	00221d14
d656e125	00221d46
d65932d5	00221d7c
d6593d7e	00221dc6
d65a13b2	00221dfa
d65e26e3	00221e38
d662e3ae	00221e7a
d66729f2	00221ede
d6686083	00221efc
d66948c8	00221f26
d66c45fc	00221f4c
d66e7c81	00221f74
d66eda66	00221fa4
d671e9b4	0022200a
d673f611	00222022
d6775215	0022203a
d678a4ed	00222070
d6790578	002220a6
d6791777	002220de
d679f25a	00222122
d67a130a	0022214e
d67bd17f	002221a4
d67d440d	002221ec
d67d7d3d	002221ec
d67da5ea	00222216
d6806eb6	0022226a
d68236ef	000ba7b8
d6829bd6	000ba7b8
d682ba80	0022229c
d682ca39	000ba7b8
d6833178	002222e2
d686b94b	00222316
d68c8604	00222332
d68d584b	00222370
d68e1348	0022239c
d68e5653	002223bc
d68e7fcf	00222400
d68f41c9	00222466
d6906051	00222484
d690783b	002224d8
d690b657	0022250c
d691e979	00222534
d69239d2	00222582
d692ea3d	002225ec
d6957d6a	00222616
d6958ba6	0022263a
d697ebe0	0022268c
d698a00f	002226aa
d699f442	002226de
d69cf027	00222706
d69eafe9	0022271c
d6a1149a	0022272c
d6a19aa9	0022275e
d6a33a74	002227a6
d6a34907	002227c6
d6a36c26	00222808
d6a41782	00222822
d6a6a020	00222852
d6a70aea	0022288e
d6a92170	002228da
d6a92cd1	00222906
d6a940d8	00222968
d6ab4d8d	002229c0
d6aca3b9	002229e2
d6ad8bfd	00222a04
d6af7c22	00222a24
d6b0e0dc	00222a4a
d6b177e3	00222a7e
d6b1f675	00222aa0
d6b3a055	00222adc
d6b44a67	00222b40
d6b4f11e	00222b8a
d6b517ee	00222bb8
d6b5ba6a	00222bd2
d6b73c95	00222bf8
d6b89c03	00222c4e
d6b8ea0c	00222c8c
d6bc550d	00222cb2
d6bf93eb	00222cde
d6c0ca53	00222d02
d6c0cc4a	00222d3e
d6c2586a	00222d5e
d6c2a0ec	00222dc2
d6c4f554	00222de2
d6c63443	00222e28
d6c865ab	00222e46
d6c91b50	00222e7a
d6c9638d	00222ea0
d6cb317c	00222ed4
d6ce1ab4	00222f1a
d6ce915b	00222f42
d6ce961b	00222f58
d6cf6af3	00222fa0
d6d4c71e	00222fd4
d6d4f139	00222fd4
d6d51473	00222fe8
d6d76c6c	00223012
d6d9c219	00223032
d6dbfca6	00223068
d6de7294	0022309e
d6df3519	002230ba
d6e2e307	002230fc
d6e3e910	00223148
d6e49ebb	00223162
d6e4f2f8	00223184
d6e4fca6	00223204
d6e5a20b	0022325e
d6e64ead	002232aa
d6e80217	002232f2
d6e9db8b	0022331e
d6eb02ba	00223362
d6ecfc18	0022338c
d6ee0756	002233a6
d6f0a9cd	002233d6
d6f179d7	00223404
d6f5afc5	00223444
d6f73476	00223468
d6f860b6	0022347c
d6fb8946	002234b0
d6fd3c47	0022350e
d6fdcda4	0022353a
d700a574	00223566
d70181f4	0022358a
d703aaea	002235ca
d7040ee2	002235f6
d7043873	00223616
d7073bd2	0022363e
d707ac70	0022367e
d70824df	002236c0
d708e4f2	002236ee
d70abf43	00223730
d70e8581	0022374e
d70f225d	0022377a
d7102c94	0022379a
d712ab4c	002237c4
d712f503	002237fc
d7141dcb	0022384e
d7150ef3	00223886
d71671a1	002238ac
d71730d0	002238e8
d7196c2d	00223926
d71bf884	0022397a
d71bff1f	0022397a
d7202f45	002239f4
d7206335	00223a18
d720c103	00223a26
d7237a39	00223a4a
d7254f60	00223a6c
d7285360	00223ab2
d728d7ec	00223ad2
d72d230a	00223afa
d72e0011	00223b1c
d731d3ba	00223b50
d731ee40	00223b6c
d732568a	00223bb2
d732b7b5	00223bd8
d7338c43	00223bf6
d733acbf	00223c30
d738b86d	00223c5c
d738bfdd	00223c80
d73d6fa8	00223caa
d740842f	00223d0a
d74226c6	00223d32
d742a7f5	00223d90
d7438655	00223dc8
d743d37d	00223e14
d7458c4a	00223e40
d7460026	00223e78
d7462afe	00223ea0
d746a9bf	00223eda
d749b01b	00223f04
d74d82ec	00223f26
d74dfa3c	00223f74
d74eeba0	00223fa6
d74eef39	00223fcc
d74f44b2	0022400c
d7508f2b	00224046
d7536504	002240aa
d7551dd6	002240c8
d75613ca	002240f6
d7568560	00224144
d75765ba	002241a4
d75aa549	002241d2
d75de436	002241ec
d75deacf	0022422e
d7622110	00224276
d7673634	002242dc
d7694245	0022431c
d76cf133	00224358
d76e8301	002243aa
d76ebd46	002243d2
d772a617	002243ec
d773d78b	00224416
d774c731	00224452
d77842c2	0022447a
d7795f60	002244ac
d779f3dd	002244e4
d77b5c29	00224524
d77bbc72	00224562
d77be098	002245a0
d77c42a2	002245d4
d77d3d39	002245ea
d77ec4f4	0022460a
d77f6629	00224656
d7828a5c	00224672
d7837fdd	00224692
d78420dc	002246f6
d7842d98	00224714
d786808e	00224730
d7887501	0022475a
d78e7e9a	00224788
d78eee2c	002247a6
d78fa80a	002247ca
d791b95b	00224814
d791ba81	00224814
d791ead1	0022482e
d79230ab	0022483c
d794fd43	0022486c
d7966da4	002248ac
d796c6a4	002248ee
d797f986	0022490c
d798dbd8	00224936
d79abfc4	0022496e
d79cd50f	0022498a
d79daf2c	002249a6
d79db482	002249a6
d79e3abf	002249ee
d79e9802	00224a0a
d79fe60d	00224a30
d7a1ac8c	00224a50
d7a27a3c	00224a74
d7a421aa	00224a9c
d7a792da	00224ae0
d7a95a72	00224b16
d7a99c86	00224b58
d7aa0906	00224b7a
d7aa67a3	00224bf4
d7aae7ed	00224c4e
d7b2be7c	00224cc4
d7b33b90	00224d20
d7b35659	00224d42
d7b45a25	00224d68
d7b65ba0	00224d9e
d7b84d57	00224dd0
d7b91105	00224e04
d7ba9316	00224e48
d7bc4a74	00224e7a
d7be524e	00224eb2
d7c158fd	00224ec8
d7c2fe5b	00224eec
d7c36c42	00224f1e
d7c3b890	001091c8
d7c808eb	00224f5a
d7c85635	00224f8c
d7c8b3be	00224fd8
d7cace0a	00224ffe
d7cb307d	00225032
d7cb51dd	00225058
d7cbcd79	00225082
d7cdb093	002250a4
d7cdd41e	002250e4
d7d1d67f	00225106
d7d1e9f7	0022512a
d7d6106a	00225152
d7d7b036	00225172
d7dad0b3	002251be
d7db8583	002251d8
d7dd772e	0022520a
d7e153bd	00225236
d7e19459	00225254
d7e48643	00225298
d7e5e75d	002252e2
d7e7d9a1	00225304
d7e83022	001b755e
d7ea19fe	0022533c
d7ec10d0	0022537c
d7ed0304	002253a4
d7edcb66	002253d6
d7ef0f31	00225406
d7f093d3	00225442
d7f1f1a2	0022546e
d7f2762e	002254d6
d7f77839	00225520
d7fb158d	0022559e
d7fd9624	002255f4
d7fe2dd2	0022561c
d7feb0f8	00225630
d7ff64b6	00225660
d7fff690	002256b2
d8014660	002256e4
d8084286	00225700
d8099b27	00225762
d80b7df1	002257a0
d80b8fc5	002257bc
d80c996d	00225804
d80d3a72	0022584c
d80f9060	00225874
d810f52e	0022589a
d81126e8	002258ae
d8136703	002258d6
d81495bc	00225924
d816b2e2	0022594a
d816cb02	00225960
d8198cc6	0022599a
d81aa991	002259c8
d81b445c	00225a04
d81bc5f5	00225a2e
d81d1751	00225a4a
d81eb7bf	00225a64
d82187e4	00225ac8
d8218cd0	00225b1e
d8219a05	00225b64
d823cef0	00225b9c
d8270397	00225bce
d82a8c9b	00225c10
d82aacb8	00225c30
d82b0148	00225c4e
d82d61a5	00225c78
d82e24f1	00225c9a
d82e35cd	00225c9a
d82f17a2	00225cae
d8331858	00225d2c
d8357e02	00225d78
d8363791	00225da4
d8364bbc	00225dd4
d8365722	00225df0
d8392c29	00225e32
d8395089	00225e42
d839943c	0006bda8
d83ae4d1	00225e54
d83d1d97	00225e78
d83d9c43	00225e9c
d83f2530	00225ec0
d84046be	00225ee4
d8409fca	00225f5a
d8415be6	00225f7e
d84170b8	00225fce
d8420ec0	0022600a
d843aed8	00226044
d846377f	00226060
d846c88f	0022608a
d846dfd5	002260b4
d84c1e6e	0022610c
d84e3863	0022613a
d852450e	00226164
d852a0d4	002261aa
d8550127	002261da
d8566dde	00226236
d8576a51	0022625c
d8579481	00226296
d858a1fd	002262ca
d85983dd	002262f8
d859d8dc	00226318
d85d97db	00226346
d8609f07	00072b40
d86592a8	00226390
d865d5c6	002263b4
d868a61b	002263f4
d86a5761	0022641c
d86b970d	00226450
d86d3ec0	00226480
d86d6f33	002264b0
d86e0572	002264e4
d86ee44e	00226502
d86f97dc	00226540
d870ce8e	00226586
d871befb	002265a6
d873f059	002265ce
d876d3a6	00226610
d876d437	0022663c
d877353b	00226662
d8777d1e	00226696
d878d3b0	002266b0
d8794b6d	002266fc
d87b0d7c	00226740
d87b63fb	0022676a
d87b6b19	0022676a
d87b793f	00226782
d87e560d	0022679c
d87f99ff	002267de
d880a77f	00226806
d8828910	00226840
d8834caf	00226866
d883df1a	0022687c
d88714d4	002268a4
d888696a	002268bc
d888ea6f	000f0c9c
d888eb9b	00226904
d8898644	00226944
d889e089	0022698e
d88df3fc	002269c4
d88e890e	002269e0
d89520cc	00226a1a
d8955172	00226a3c
d898a13d	00226a7a
d898c0ee	00226ad2
d8996ce8	00226b18
d89a175d	00226b5c
d89a83f6	00226b98
d89a9b7c	00226bb2
d89aa969	00226bd4
d89c0fec	00226c5c
d89c2c3f	00226caa
d89c6267	00226cc8
d89d5c9c	00226cf0
d89f494a	00226d40
d8a1e9a0	00226d94
d8a286a0	00226dac
d8a3fdc4	00226dcc
d8a599bb	00226df0
d8a790d9	00226e1e
d8a7c4ba	001978a0
d8a879bf	00226e3c
d8ab2071	00226e68
d8ab730e	00226ea8
d8ad43f2	00226ed0
d8ae8e76	00226f0a
d8aed1e9	00226f72
d8aed2e2	00226f72
d8b20523	00226fa0
d8b22ce0	00226ff4
d8b33b21	00227018
d8b4ae3d	0022705e
d8b5263a	002270a4
d8b59584	002270c4
d8b65f28	002270e0
d8b68975	0022713a
d8b722c0	00227194
d8ba0635	002271f2
d8bbfb41	0022721a
d8bd9796	00227246
d8c1eb81	0022726e
d8c1efaf	002272a8
d8c2bf7f	002272c8
d8c2ceba	0022730a
d8c36f63	0022735e
d8c4e5ce	00227396
d8c80fc9	002273ce
d8c996d3	002273f6
d8ca4364	00227448
d8cc47a6	00227474
d8d0afbd	002274b0
d8d199a1	002274cc
d8d1dc42	002274ea
d8d30d40	00227538
d8d32849	0022757e
d8d442bd	002275a8
d8d4debf	002275c8
d8d4f176	002275e2
d8d72067	002275fe
d8d8716b	00227620
d8d906eb	00227648
d8dc8304	00227666
d8dd4a50	000c94b0
d8de7421	002276ae
d8dfe2a4	002276ee
d8e0c5f6	0022770e
d8e183e1	00227794
d8e2444c	002277aa
d8e27a29	002277ea
d8e3d3b5	00227838
d8e50704	00227866
d8e5a4c8	00227894
d8e66ef1	002278bc
d8e7863d	0022790e
d8e8caaa	00227934
d8e93cb4	0022795a
d8ea09f9	00227970
d8ea9849	00227998
d8eae612	002279de
d8eb569f	000e3f44
d8eb9af2	000e3f44
d8eb9c6a	000e3f44
d8ebc68c	000e3f44
d8ebdf7b	000e3f44
d8ee07c3	00227a0c
d8ee103d	00227a32
d8efa129	00227aa8
d8f05258	00227ac8
d8f0538d	00227b0e
d8f25edd	00227b5a
d8f821d8	00227b98
d8f911d0	00227bc4
d8fa9d8b	00227bee
d8fd70b2	00227c1e
d902bc44	00227c42
d9043e13	00227caa
d90bf097	00227d0a
d90df447	00227d28
d9118940	00227d6a
d912223c	00227d8c
d91682b8	00227dc6
d9183965	00227df0
d91859ee	00227e2c
d91b60ad	00227ea0
d91d4b32	00227ecc
d91e0cff	00227f04
d920ca2e	00227f30
d92242f0	00227f80
d9239fb4	00227f9a
d9275bfa	00227fc4
d928186e	00227fee
d9290bde	00228010
d92f3016	00067904
d932aa08	0022803a
d936715f	0022806a
d937c64f	002280a2
d937c78f	002280d2
d9383151	00228100
d938799e	00228136
d938e68c	0022816c
d93b40ab	00228194
d93b6b42	002281c6
d93b897b	00228222
d93dc401	0022824e
d93de2a8	00228270
d93e7daa	002282ba
d93edeb1	002282ee
d941251e	00228324
d9412581	00228342
d942ce16	00228362
d943684b	002283a2
d944152b	002283c8
d9451611	0022842a
d9466a58	00228448
d9475830	00228470
d947b3f4	0022849c
d948297c	002284c8
d94865a9	002284e4
d948a645	00228526
d94bbdde	00228542
d94bd915	002285b8
d94e1ea1	002285dc
d94e2c48	00228602
d9531221	0022863c
d95368ea	00228660
d9536c16	002286cc
d9577d2c	0022872a
d95d107d	0022875a
d95e473e	002287b4
d963b8a2	002287d2
d96415dc	0022880e
d96506b1	0022884a
d965e95b	00228870
d9665b39	002288a8
d9695902	002288fe
d96c13a2	00228924
d96da48e	002289b8
d96dac96	00228a02
d970e64f	00228a36
d973597f	00228a5e
d973822f	00228a8c
d9748840	00228ab4
d9761c72	00228ae8
d976db76	00228b0a
d977b65a	00228b58
d9785c5b	00228ba2
d979251e	00228bc8
d97971f4	00228bec
d9816464	00228c20
d9857492	00228c82
d986c942	00228cd0
d9887097	00228ce8
d9896429	00228d06
d98b7252	00228d24
d98cb859	00228d6c
d98e5094	00228d8e
d99286e6	00228dca
d992d6be	00228e16
d99887b5	00228e32
d999ed8f	00228e56
d99b5239	00228e96
d99e1c7b	00228eb4
d99e7e6b	00228ee6
d99eaf96	00228f2c
d9a06e20	00228f72
d9a30688	00228f9e
d9a53e12	00228fc0
d9a5cced	00228ffa
d9a69680	0022902e
d9a6ca61	0022905a
d9a7c933	00229084
d9a88d4e	002290a6
d9a88ec3	00229100
d9a96724	00229148
d9aa1806	00229168
d9ac68d8	002291a6
d9ad2a65	002291cc
d9b0b0db	00229202
d9b102bf	0022921e
d9b4b55c	00229248
d9b5e003	0022925e
d9b68397	0022927e
d9b77f59	00229294
d9b8ba3c	002292ce
d9b9b901	00229310
d9bb1b2a	00229332
d9bb6310	00229356
d9bc0bac	00229378
d9bc935e	002293a6
d9c354ef	002293e0
d9c87ebd	0022943c
d9c8c470	00229468
d9cc9ebb	0022948a
d9ce0d2c	002294da
d9ce5eaa	002294f2
d9d08331	0022955e
d9d532a5	00229574
d9d6b006	002295ce
d9d6b827	002295f6
d9d7cdd9	00229628
d9d7f20f	00229652
d9d81596	00229688
d9d98e0b	002296c6
d9dc2c7d	002296e8
d9df4db1	00229710
d9e348b3	0022973a
d9e3a6f0	0022977a
d9e50c48	002297b2
d9e7bf68	002297ca
d9e884de	002297e4
d9e8cfdb	0022980a
d9e93a79	00229822
d9e9fdc2	0022985a
d9ea42ab	00229874
d9ed7775	0022988e
d9f1ebc2	002298c6
d9f2f2a0	002298ee
d9f3a59c	00229946
d9f539a5	00229992
d9f906e2	002299aa
d9fa0504	00229a04
d9fddb6e	00229a2c
da01e08e	00229a68
da04bf60	00229aac
da05c2b6	00229ad8
da072a51	00229af8
da0796cc	00229b26
da07f07e	00229b4e
da08311b	00229b7e
da090e4d	00229ba6
da0b79f3	00229bca
da0ee957	00229be6
da11ade1	00229bfa
da11ddca	00229c1e
da13bf3d	00229c74
da15319b	00229c9c
da154e4b	00229cd2
da18861e	00229cfc
da1888f9	00229d14
da18d6ef	00229d2a
da18dfb0	0009b0d4
da1a67e4	00229d42
da1b21cc	00229d64
da1ced1a	00229d92
da1f0b7a	00229dcc
da1f6c3d	00229dea
da1fa195	00229e0e
da26a0cd	00229e30
da271b22	00229e5e
da28a53b	00229e82
da299f0c	00229ec0
da29af6d	00229eee
da2a8884	00229f0c
da2b9957	00229f4c
da2dabdb	00229f82
da30fba6	00229fa2
da3169cd	00229fca
da318adc	00229ff0
da329c34	0022a032
da35dca4	0022a048
da363e41	0022a088
da378830	0022a0aa
da3842dc	0022a0ca
da393d1f	0022a0f8
da3f5678	0022a12a
da3ff7e3	0022a174
da46f96a	0022a1b2
da47f7eb	00147f3c
da4a1827	0022a1e0
da4c1d36	0022a22c
da4da70d	0022a264
da4e2669	0022a29c
da4fa136	0022a2dc
da510297	0022a316
da51ea3f	0022a336
da5416d9	0022a360
da54304a	0022a37a
da5463e6	0022a360
da565ec6	0022a3c4
da57878b	0022a3e4
da5a04e2	0022a416
da5d1790	0022a43e
da5f9da8	0022a490
da617eff	0022a4ae
da61c658	0022a4c6
da62c1b7	0022a4f0
da644a85	0022a52c
da657401	0022a544
da66e086	0022a572
da66eeea	0022a598
da67c4e7	0022a5c8
da67d82a	0022a5da
da68a0aa	0022a5ec
da694e08	0022a610
da6bd482	0016234a
da6c564b	0022a63e
da6c676e	0022a688
da6dbcad	0022a6cc
da6e83a4	0022a720
da6eb1e0	0022a720
da6eb436	000974a6
da6ecaa1	000974a6
da6fd15d	0022a732
da722a15	0022a788
da7909e7	0022a7bc
da7bacce	0022a7e2
da7c8410	0022a822
da806028	0022a860
da81e8ab	0022a886
da823d16	0022a8de
da83196c	0022a92c
da847348	0022a946
da86da54	0022a966
da8880f7	0022a9ae
da8b70df	0022a9f2
da8d74d1	0022aa12
da91aed1	0022aa38
da92790c	0022aa9a
da9303ff	0022aaf8
da9369f6	0022aaf8
da9553e1	0022ab0e
da96199a	0022ab36
da9936e6	0022ab58
da99c00e	0022ab82
da9a0e49	0022ab9e
da9a2e85	0022abcc
da9aedd8	0022abf2
da9b7b25	0022ac16
da9b9ca6	0022ac44
da9c4a9d	0022ac68
da9c6dc1	00222706
da9cc251	0022ac8e
daa07207	0022acc6
daa12785	0022acec
daa3573c	0022ad1c
daa792e2	0022ad42
daa9c43d	0022ad7a
daa9fd77	0022adb2
daafc516	0022ade0
dab071ec	0022ae0a
dab5d61b	0022ae30
daba527d	0022ae56
dabae075	0022ae8c
dabd35ec	0022aebe
dac14224	0022af0a
dac3f532	0022af2c
dac4739a	0022af6a
dac56706	0022af84
dac81526	0022afa6
dacab179	0022afca
dacbbed0	0022b00c
dad49124	0022b034
dad91edc	0022b07e
dada681a	0022b096
dada97d7	0022b0c2
dadb347e	0022b0de
dadc3b1e	0022b124
dadd6d9b	0022b14e
dadefbee	0022b180
dadf1c2c	0022b1ba
dadf875f	0022b1e0
dadfbca9	0022b234
dae012ab	0022b27e
dae3f0ee	0022b2ae
dae6a0ab	0022b2e8
dae7546a	0022b310
dae76564	0022b340
dae7d385	0022b362
dae90ba7	0022b390
daeae4e6	0022b3bc
daeaef5d	0022b3ee
daeb0be4	0022b426
daed4305	0022b454
daed7fd0	0022b46e
daf18945	0022b4a4
daf1d2ed	0022b51a
daf265ab	0022b538
daf276c2	0022b538
daf2c099	0022b538
daf2c991	0022b54e
daf3221c	0022b58e
daf3a42b	0022b5ca
daf3da2e	0022b616
daf43c31	0022b642
daf561fe	0022b67c
daf5f41d	0022b6c2
dafe4a03	0022b70e
db006a97	0022b73a
db028f43	0022b794
db043515	0022b7bc
db04c1ed	0022b7dc
db059130	0022b800
db075a1b	0022b848
db0b1377	0022b868
db0c67a0	0022b898
db0cb101	0022b8be
db10662c	0022b8f0
db11a73d	0022b91c
db12117f	0022b980
db1442d2	0022b9a8
db17136b	0022ba0e
db18cb75	0022ba64
db1aed54	0022ba98
db1c2879	0022bab8
db1e9e0b	0022bb00
db244bfd	0022bb3e
db28f3c2	0022bb52
db2a0044	0022bb68
db2b3a64	0022bb98
db2c1155	0022bbb2
db2cb79a	0022bbd4
db2e4ad4	0022bc00
db2f7dba	0022bc32
db306be2	0022bc56
db309adf	0022bc74
db329d96	0022bca8
db3504f6	0022bcf6
db36609a	0022bd32
db3adf96	0022bd6c
db3fa4a8	0022bd92
db41a415	0022bdcc
db4258bb	0022be02
db440dbb	0022be0e
db490855	0022be38
db4a3a0f	0022be5e
db4a8d8d	0022be84
db51a3df	0022beba
db53a065	0022bee6
db555d01	0022bf44
db55a8d3	0022bf68
db569ecb	0022bfae
db5e4210	0022bfd6
db5e4212	0022bfd6
db5e4261	0022bfd6
db614730	0022bfe6
db646991	0022c0a4
db647a3a	0022c0d0
db65a867	0022c0f6
db65d8b8	0022c0f6
db6bb93e	0022c10a
db6bf5ce	0022c130
db6c99f7	0022c170
db6ea425	0022c1aa
db702b21	0022c1e0
db703d83	0022c1f4
db705420	0022c1e0
db70f466	0022c1e0
db710016	0022c21a
db723546	0022c23e
db724bce	0022c25c
db727c2c	0022c272
db72b16d	0022c2be
db73cb3e	0022c2fa
db7755dd	0022c316
db77cfd8	0022c378
db78d471	0022c3aa
db798adb	0022c3d0
db7decbd	0022c3ec
db7f38db	0022c412
db7fc0fe	0022c45c
db806e57	0022c47a
db81f34f	0022c4ae
db83dab1	0022c4e8
db845efc	0022c508
db84acd7	0022c528
db8775b2	0022c590
db8775b8	0022c5ba
db89161f	000c3464
db892f39	000c3464
db892fd1	000c3464
db8931a0	000c3464
db8932f7	000c3464
db893bb7	000c3464
db897022	000c3464
db898019	000c3464
db8980d7	000c3464
db898166	000c3464
db898368	000c3464
db898400	000c3464
db898450	000c3464
db89865f	000c3464
db898a90	000c3464
db898a97	000c3464
db898c61	000c3464
db8991e8	000c3464
db8995ed	000c3464
db899644	000c3464
db899a80	000c3464
db899e55	000c3464
db89a072	000c3464
db89a29a	000c3464
db89a90c	000c3464
db89a99c	000c3464
db89af16	000c3464
db89af2b	000c3464
db89af85	000c3464
db89af8c	000c3464
db89b20f	000c3464
db89ba14	000c3464
db89bb54	001b1d02
db89bba5	000c3464
db89bbcd	000c3464
db89be19	000c3464
db89be9d	000c3464
db89bf20	000c3464
db89d174	000c3464
db89e930	000c3464
db89e95e	000c3464
db89eea3	000c3464
db89f941	000c3464
db89f949	000c3464
db89f9c8	000c3464
db89f9ea	000c3464
db89fc56	000c3464
db89ffcf	000c3464
db8b97f6	0022c602
db8bb5ab	0022c602
db8c3e86	0022c618
db8e3b90	0022c66a
db92dc2f	0022c68a
db93adc1	0022c6e4
db945a0e	0022c712
db9647c2	0022c728
db96c563	0022c74e
db96eb61	0022c766
db99d2ae	0022c79a
db9a54dd	0022c7ee
db9a8924	0022c82c
db9b6128	0022c84a
db9ca4a8	0022c87a
db9f5d87	0022c8ba
db9fdec4	0022c8ba
dba081be	0022c8ce
dba240c3	0022c908
dba26019	0022c938
dba3a3dc	0022c956
dba47f71	0022c9e6
dba4c90c	0022ca22
dba8e540	0022ca54
dba987ba	0022ca84
dbaa39e1	0022cab8
dbabf962	0022cb04
dbae73cd	0022cb26
dbaef0b2	0022cb4e
dbaf30be	0022cb9e
dbb08340	0022cbc2
dbb091c8	0022cc02
dbb3a39f	0022cc40
dbb77dca	0022cc7e
dbb7fa37	0022ccba
dbb9c22b	0022ccd6
dbb9d93e	0022cd34
dbbac205	0022cd6c
dbbb4ef9	0022cdaa
dbbbdbda	0022cdca
dbbf3a40	0022cdf2
dbc1143e	0022ce36
dbc2a612	0022ce7c
dbc3752b	0022ceb2
dbc7237e	0022cee2
dbc83872	0022cf08
dbcb2bb0	0022cf5e
dbcba85a	0022cfc6
dbcdf22a	0022cffc
dbcea030	0022d052
dbd07cbe	0022d070
dbd13cdb	0022d08a
dbd3252e	0022d0b2
dbd503d4	0022d0f4
dbd84d70	0022d138
dbd8c039	0010ae90
dbd8fab7	0006d616
dbd9179c	0022d16a
dbd9cdb2	0022d1b8
dbdb4c20	0022d1e0
dbddbe00	0022d206
dbe1f1a5	0022d222
dbe20e12	0022d262
dbe27089	0022d28e
dbe4597c	0022d2ae
dbe4ff8c	0022d2e4
dbea5446	0022d302
dbeaaa82	0022d32a
dbeb567f	0022d360
dbeb6593	0022d3be
dbebf0e7	0022d3de
dbec35d4	0022d402
dbed488f	0022d440
dbf0b223	0022d488
dbf3a554	0022d49c
dbf3a62d	0022d4d0
dbfa3c98	0022d4ee
dbfa5d6d	0022d51c
dbfa87a5	0022d55c
dbfb68f7	0022d57e
dbfc0761	0022d5a6
dbfd447e	0022d5cc
dbfea46a	0022d62e
dbfee3db	0022d666
dbfee608	0022d68e
dbff30e1	0022d6ca
dc0128d5	0022d70a
dc028071	0022d74c
dc046aeb	0022d792
dc052d95	0022d7c4
dc05e4bf	0022d7e2
dc06f710	0022d80e
dc080021	0022d884
dc08fb84	0022d8a6
dc09582e	0022d8e2
dc0c45be	0022d902
dc0d860b	0022d922
dc0e3ffc	0022d94e
dc10464a	0022d96a
dc10963a	0022d988
dc11ea0e	0022d9a0
dc140648	0022d9ca
dc15dc8f	0022da0a
dc172e2e	0022da46
dc17b7bf	0022daa2
dc1dea45	0022daca
dc200473	0022daf0
dc2049e3	0022daf0
dc20ffda	0022daf0
dc21a0ae	0022db36
dc2345d7	0022db72
dc24b3cf	0022db92
dc2a92c9	0022dbbe
dc2b2d77	0022dbee
dc2b9d17	0022dc04
dc2c97cb	0022dc4a
dc35dad5	0022dc84
dc35f08a	0022dca6
dc37aeba	0022dcda
dc37dac7	0022dd1a
dc38b0d3	000843f6
dc38b9c0	0022dd48
dc3a0dd1	0022dd62
dc3a86d5	0022dd76
dc3a8d8c	0022ddaa
dc3be288	0022de00
dc3ede25	0022de38
dc4429d1	0022de5c
dc44dc7b	0022de80
dc47ef65	0022dec6
dc481dce	0022df02
dc4b4f8d	0022df2e
dc4b842d	0022df56
dc4bf634	0022df2e
dc4d44cd	0022df80
dc5442e9	0022dfdc
dc59e865	0022dffa
dc5bfad8	0022e020
dc5c6bff	0022e02e
dc5d2567	0022e050
dc5e014b	0022e076
dc5f1e91	0022e09e
dc5f386f	0022e0ce
dc5f3922	0022e0fc
dc5fcc4b	001f2ef6
dc616508	0022e120
dc61aefb	0022e14a
dc61af69	001cef02
dc61fa71	0022e15a
dc61fea5	0022e14a
dc63e157	0022e17a
dc655c72	0022e1a4
dc6b009a	0022e204
dc6e21d8	0022e22e
dc6eff33	0022e25c
dc70512a	0022e28c
dc734e66	0022e2cc
dc74f63e	0022e2f6
dc76c476	0022e342
dc77a24e	0022e390
dc7896ee	0022e3bc
dc794955	0022e3fc
dc79d265	0022e430
dc7a33b0	0022e462
dc7c1f56	0022e48c
dc7da051	0022e4b4
dc7e0b87	0022e4da
dc80c03b	0022e52a
dc81360f	0022e586
dc825f0f	0022e5d2
dc83e02f	0022e5f0
dc871a19	0022e60e
dc872d07	0022e62e
dc889d65	0022e658
dc8bd0b3	0022e694
dc8fee4c	0022e708
dc901759	0022e746
dc90d24a	0022e768
dc91ebf5	0022e7b0
dc9260ac	0022e7de
dc966197	0008cfea
dc977aef	0022e802
dc97bb3a	0022e838
dc97f8e8	0022e8ac
dc983615	0022e914
dc9a4476	0022e92c
dc9c04b8	0022e954
dc9c6efb	0022e99c
dc9d32e7	0022e9c6
dc9d833e	0022e9f8
dca16272	0022ea2e
dca24bf0	0022ea50
dca428a8	0022ea7a
dcac104d	0022ea9c
dcad4b6f	0022eabe
dcaff201	0022eb0e
dcb0d9f6	0022eb4c
dcb1fbac	0022eb8a
dcb4d71d	0022eba4
dcb54d27	0022ebd2
dcb6e31b	0022ec0e
dcb8c3c1	0011da70
dcb94b3b	0022ec32
dcba7dc2	0022ec76
dcbc8b4b	0022ec9a
dcc1e34d	0022ecd2
dcc21754	0022ed1e
dcc5092b	0022ed54
dcc715b0	0022eda8
dcc7ac26	0022ee00
dccaeb31	0022ee3e
dccb9747	0022ee68
dcccaaea	0022eeac
dcccc6da	0022eeca
dcd117b3	0022eeec
dcd148f9	0022eeec
dcd15e8d	0022eeec
dcd24737	0022eefe
dcd26178	0022ef24
dcd2786e	0022ef56
dcd32b96	0022ef7e
dcd49d19	0022effc
dcd6bae1	0022f03e
dcd80d75	0022f066
dcdbf4ce	0022f09e
dcdc6da9	0022f0cc
dcdc86ac	0022f11a
dcdd0bc1	0022f156
dce0366f	0022f182
dce1f38d	0022f19e
dce3c8f4	0022f1e8
dce44105	001aaf9a
dce58fda	0022f21e
dce74ad2	0022f254
dce7daed	0018d1ec
dce7deff	0022f266
dce8e0ab	0022f288
dce9df39	0022f2bc
dceb799c	0022f2e0
dcebaa52	0022f2f8
dced2e07	0022f31e
dcedb840	0022f34a
dcf08036	0022f37c
dcf168ee	0022f3a8
dcf34f01	0022f3d4
dcf67552	0022f3ee
dcf79b37	0022f422
dcf9ac5d	0022f438
dcfaba7a	0022f486
dcff823c	0022f4d4
dd008346	0022f536
dd037d7d	0022f558
dd0422d7	0022f580
dd04abb4	0022f59a
dd093261	0022f5d8
dd0a6962	0022f5fe
dd10330d	0022f64e
dd117577	0022f690
dd144e80	0022f6ac
dd1548d8	0022f72c
dd16e6b8	0022f74a
dd1a2b67	0022f77a
dd1c8c49	0022f7ca
dd1cd9fc	0022f7f0
dd20c79f	0022f82c
dd2153d9	0022f84c
dd224219	0022f86e
dd249ddf	0022f890
dd256371	0022e14a
dd274c43	0022f902
dd27e098	0022f92e
dd29a258	0022f962
dd3159f7	0022f994
dd316a91	0022f9b0
dd32cb27	0022f9d2
dd33245a	0022fa04
dd33da78	0022fa36
dd3421fc	0022faaa
dd347707	0022face
dd361e83	0022fafa
dd37c623	0022fb1c
dd3d0a4c	0022fb58
dd3d635b	0022fb9a
dd3ef844	0022fbb4
dd408e3d	0022fbde
dd40c244	0022fc3e
dd40cc8b	0022fc6a
dd41bab3	0022fc82
dd42c8f3	0022fcc0
dd43bd3a	0022fce0
dd43ea7e	0022fd10
dd45dc73	0022fd66
dd47cb2f	0022fd88
dd48de37	0022fdc6
dd4a6d7f	0022fde8
dd4a8a2d	0022fe22
dd4b8bae	0022fe4e
dd4bee13	0022fe78
dd4e45c3	0022fe96
dd4f1fc6	0022ff22
dd4f3965	0022ff5a
dd5519d0	0022ffea
dd55413c	00230012
dd5aa50b	00230062
dd5b41a8	0023008a
dd5f0a89	002300b0
dd5f6ec3	002300b0
dd5fe4f9	002300c6
dd639cb5	002300ea
dd667c05	0023011c
dd6873fc	00230138
dd6a7864	00230158
dd6bace7	00230172
dd6c160d	0023019e
dd6c8efe	002301ca
dd6cfb47	002301f6
dd6e2d63	0023021e
dd707870	00230246
dd7078dd	00230246
dd7102ed	0023025c
dd74b0f8	002302b6
dd75e208	002302cc
dd780a29	0023031c
dd7892f6	00230340
dd78e66d	00230368
dd798d4f	0023038c
dd7a2930	002303b0
dd7cba32	002303d8
dd7fe603	00230402
dd81e561	00230436
dd83e651	0023045e
dd8573a2	002304ae
dd86b591	002304ce
dd8730ce	002304e6
dd8796c1	00230516
dd87e54b	0023053c
dd88a53f	00230552
dd8ae953	00230592
dd8c72fc	002305c8
dd91a89f	002305e2
dd923157	00230610
dd9247fe	0023063e
dd92efbe	0023066c
dd939247	002306c4
dd93f98a	002306c4
dd946abe	002306dc
dd94bf78	002306fe
dd95fe30	00230720
dd962f76	0023074e
dd9cbb40	00230794
dd9d4c7a	002307b8
dd9f58e9	002307dc
dd9f8299	00230820
dd9fba35	00230842
dda0098d	00230870
dda6d74f	002308ce
dda76868	002308f0
ddab2ca8	00230936
ddacc717	001089cc
ddad23e7	0023094e
ddae9866	000a3dac
ddb0bf54	00230994
ddb0fa3f	002309ea
ddb51bd7	00230a1e
ddb5d260	00230a72
ddb69f19	00230aae
ddb79a85	00230b1a
ddba524d	00230b50
ddbaade2	00230b74
ddbc500a	00230b84
ddbda79e	00230bb2
ddbdea67	00230c14
ddbe39e6	00230c38
ddbe73aa	00230c64
ddc2413c	00230c92
ddc27ed2	00230d06
ddc3fd3c	00230d3c
ddc40295	00230d58
ddc59782	00230d6c
ddc772cc	00230d88
ddc842fb	00230dcc
ddc926f1	00230dfe
ddc9f1bb	000ffa6e
ddcb69b5	00230e3e
ddcf92c0	00230e5e
ddd18848	00230e8c
ddd2c8fa	00230eb4
ddd344a1	00230edc
ddd600a5	00230f0c
ddd6a384	00230f34
ddd6fbc0	00230f8a
ddda0b28	00230ff4
ddddcda9	00231022
dddeb893	00231046
dddedaa8	002310a4
dddeedb4	002310be
dde19e9b	002310fc
dde3983a	0023111a
dde97057	00231156
dde98236	0023118c
dde9d055	002311b0
dde9f720	002311fe
ddea806c	00231236
ddeaa9c8	00231276
ddec393e	002312fa
ddee0e8a	0023131a
ddee8600	0023132e
ddef0585	0023135e
ddf0d6f3	002313aa
ddf1a57b	002313cc
ddf41231	00231414
ddf846da	00231440
ddf89b1e	0023148c
ddfa8a14	002314cc
ddfb8188	00231522
ddfb93bf	00231552
ddfc3bbd	00231596
ddffe47e	002315b4
de00c1da	002315ce
de00dd92	002315f8
de040ca4	00231618
de05b6b7	0023163a
de05c765	00231676
de074a5c	002316a2
de0bd5ad	002316b6
de0c571d	002316e8
de0ce39a	00231714
de1915da	00231734
de1985e5	00231752
de1b18a0	00231774
de1c0aa8	002317b6
de1c8bf5	002317fe
de1dcb8e	0023181e
de1f9a13	0023183c
de1fe90c	0023185a
de20020e	00231888
de21ba6f	002318aa
de22fc1b	002318f2
de2329ac	00231908
de2354ff	00231964
de251289	002319b4
de290d7e	000cfe76
de29ee58	00231a04
de2a1019	00231a2c
de2a25f0	00231a82
de2b7ccb	0020bca0
de2c1b1d	00231a9c
de2f95fe	00231ad2
de3087ae	00231b14
de30a8ff	00231b38
de30dafb	00231b60
de31e967	00231b7c
de321e63	00231bb2
de331a19	00231bd4
de35a36d	0009bd7a
de38d146	00231c02
de3aa1ca	001593de
de3c1796	00231c48
de3d721b	00231c78
de3d8304	00231ce4
de3ed46b	00231d10
de40922f	00231d46
de466e95	00231d76
de46ea62	00231d96
de4ce372	00231dc0
de4db197	00231dde
de4ef6c7	00231df4
de4f25d9	00231e4a
de506572	00231e8e
de53552b	00231ec0
de542cd1	00231ee2
de54a19e	00231f2c
de55d377	00231f52
de56379d	00231f7c
de57a18f	00231fd0
de590db6	00231ff6
de59e37e	00232016
de5b4d08	00232048
de5c72d7	00232078
de5cbfd6	00232086
de5d313d	002320b4
de61499c	002320ce
de621f7f	00232110
de63ed54	00232122
de64e476	0023214a
de6519c9	0023216c
de654619	002321ac
de659b63	002321e6
de667489	0023221e
de6861cc	00232230
de69d2d1	00232260
de6a1fdc	001ab5d6
de6a34aa	001ab5d6
de6a39c3	001ab5d6
de6a668f	001ab5d6
de6a688e	001ab5d6
de6a7093	001ab5d6
de6ab062	001ab5d6
de6af290	001ab5d6
de6b0645	002322aa
de6dd2e3	00232320
de70b32a	00232348
de718cc9	00232372
de71d331	002323c0
de71f000	002323e2
de779fcf	002323fc
de79ad2f	0023242e
de79adf8	0023242e
de7d4b57	00232456
de7f6a6e	0023246a
de83a231	0023249c
de85b80e	002324c8
de85e21b	002324e8
de8a2417	0023251c
de8bb0aa	0023254a
de8c6e26	0023258a
de8de2ab	002325a6
de8faf97	002325ea
de90be74	00232618
de90f9ce	0023265e
de910839	0023268a
de9176f9	002326c8
de92c1a6	0020bcdc
de92d2a9	0020bcdc
de938c44	00232728
de93b010	00232758
de955b7a	002327b0
de956749	002327b0
de9696b5	002327c8
de977107	002327f0
de97e437	00232806
de9901d6	00232824
de9a0980	00232858
de9c395f	00232882
de9eb4a0	002328ae
dea20a60	002328e2
dea22227	00232922
dea23056	0023294c
dea236e3	00232970
dea760a0	002329a6
dea9f9b5	002329f0
deadb9e0	00232a28
deaf1632	00232a5c
deb4cb76	00232a76
deb6a4a7	00232ab6
deb80ee8	00232b08
debadf3a	00232b2a
debb018b	00232b6a
debd8352	00232b94
debe4f97	00232bd4
dec0e08a	00232bf4
dec116d3	00232c0e
dec8f179	00232c78
dec93209	00232ca4
dec99a19	00232cce
decb1c5f	00232cfe
decba538	00232d58
decbb237	00232d9e
decccf95	00232dba
decd97e2	00232df4
decdfe58	00232e12
decf9884	00232e3e
ded310de	00232e6a
ded34e00	00232e9e
ded4fc26	00232ec2
ded65d99	00232ef4
ded6980d	00232f16
ded8b6bf	00232f5a
ded8c10b	00232f9c
ded9ad08	00232fce
dedbc260	0023301a
deddea9c	0023303e
dee130f7	00233062
dee256b9	0023308e
dee3918e	002330c8
dee700ed	002330e0
dee7b38c	002330e0
dee834a0	00233118
dee84d0c	00233164
dee8613a	00233192
deea24dc	002331c2
deeba8b7	002331fa
deec439e	00233228
deef3b75	00233274
def050b4	002332a2
def0d5a0	002332cc
def298a0	002332ec
def2e94e	00233318
def4775f	0023333c
def47c89	00233388
def53aa3	002333b2
def6fc98	00233424
def911bf	00233472
def9c1f6	002334a4
defb5f9e	00233528
defc072c	00233554
defcea1a	00233576
defd472a	002335e2
defd6ccf	00233610
defe6b1f	00233664
deffcf04	00233678
df03824f	002336ae
df08c408	002336ee
df095371	00233712
df0aeebd	0023374a
df0b0aaf	0023377e
df0ea993	002337be
df122312	002337fc
df12e7e3	0023385e
df14e1d6	0023388e
df17cb8b	002338bc
df18b4d3	0023392c
df18d9c3	00233948
df18fb84	00233976
df19d47e	002339b4
df1b0225	002339ea
df1cf63c	00233a14
df1df324	00233a62
df1e20b7	00233aa0
df1e3c05	00233af6
df1ea68c	00233b2c
df1f2d22	00233b62
df1f92aa	00233be2
df2068fa	00233c3c
df2883b7	00233c7a
df2b5bcc	00233c8e
df30a61d	00233cea
df31b305	00233d16
df330a88	00233d52
df349fb4	00233d74
df34aeab	00233da8
df373014	00233dde
df376e49	00233e16
df37cb0a	00233e2a
df3811aa	00233e4c
df3952c1	00233e7c
df3a2689	00233e98
df3a7b34	00233eba
df3c0818	00233efc
df3e0f88	00233f26
df3edaba	00233f50
df401a9f	00233f9e
df41cf1b	00233fb4
df42d466	00233fec
df445a50	0023405a
df44d2d8	0023409e
df46c15c	002340ca
df46cacd	002340ee
df4776b6	00234156
df48a98c	002341c6
df4bde83	002341d8
df4c3eb7	002341f6
df4ffda1	00234216
df50f385	00234268
df5147cf	00234288
df532faf	002342e6
df54c6f2	00234312
df577aa8	00234344
df57a67b	002343b0
df59c859	002343d8
df5f5865	00234442
df612efd	0023446e
df61c462	0023448a
df625098	002344ae
df649d45	00134a40
df6629fb	002344de
df665f1a	002344de
df667199	00234520
df66a69f	00234572
df66eca0	00234572
df67d5d4	0023458a
df6c2dd9	002345ac
df6d744c	00234628
df738cf7	00234658
df761263	00234670
df76b517	002346a2
df79831a	00234704
df7a035b	0023472c
df7a6723	00234750
df7b04b1	00234772
df834071	00234794
df8756c9	002347e6
df879076	0023481c
df894cdd	0023482a
df89df1d	0023487c
df8b9cb0	002348b0
df8d3ae1	002348ee
df92f6d5	00234926
df95ab95	0023498a
df96f653	002349a8
df975457	002349c4
df9838ae	00234a14
df988fec	00234a32
df9a0827	00234a86
df9b2494	00234aa4
df9d220a	00234ad0
df9d5ea9	00234b0c
df9ebea8	00234b30
df9febfa	00234b66
dfa2163f	00234bbe
dfa44c7b	00234bec
dfa4b863	00234c58
dfa5440d	00234c8e
dfa63ade	00234cb2
dfa9a0ef	00234cdc
dfaa669f	00234d2c
dfab41d9	00234da8
dfac6dfa	00234dee
dfac7bc4	00234e26
dface467	00234e46
dfaea407	00234e6e
dfb371ce	00234ee2
dfb70f49	00234f3e
dfb98329	00234f86
dfba87e3	00234fae
dfbb3518	00234fee
dfbb5f3d	0023500e
dfbbe9ce	00235040
dfbc2532	00235066
dfbd4607	002350a4
dfbeb4d0	002350fc
dfc06964	00235120
dfc0aefc	00235144
dfc12d4b	00235166
dfc136e8	00235196
dfc14ad5	002351be
dfc18eae	00235200
dfc1924c	00235240
dfc45567	0023526e
dfc5a601	00235288
dfc5ac8f	002352b8
dfc73b69	002352d4
dfca00d5	0023530e
dfcd2353	0023531a
dfcd52de	00235330
dfce2f2f	00235380
dfd04ced	002353ac
dfd256ec	002353d0
dfd31c8a	00235414
dfd3660f	00235438
dfd4899c	00235462
dfd72121	002354ac
dfd743cf	002354ec
dfdb92e1	0023550e
dfdbcc4a	00235538
dfdd191f	0023558c
dfe444a5	002355a8
dfe46e13	002355c4
dfe7974a	00235600
dfe7ad3e	0023561c
dfe90517	00235662
dfeaecea	0023567c
dfece53e	002356b4
dfeded6f	002356f2
dfef5f50	0023571c
dfef6ae9	00235742
dfef8d01	00235764
dff399cc	002357a2
dff4c24c	002357de
dff77d00	00235824
dff7af93	00235856
dff8b238	002358c2
dff9b48b	0023590e
dffb862a	0023592e
dffcda50	00235950
dfff83ef	00235978
e000bd91	002359b2
e0012e6c	002359d4
e0013fe4	002359ec
e001427f	00235a0c
e004fd7c	00235a3e
e006478d	00235a5e
e007d45f	00235a7e
e009eaac	00235abc
e00c038f	00235ae2
e00c2607	00235b08
e00d265b	00235b52
e00d2ab8	00235b98
e00d7801	00235bcc
e01021d4	00235bf0
e0110891	00235c24
e0120c25	00235c6c
e0128d75	00235c94
e012fdc3	00235cba
e014a313	00235cd2
e0185877	00235cfc
e0195581	00235d1a
e01ab334	00235d8a
e01fac95	00235e0c
e022f5dd	00235e48
e02497f1	00235e74
e0274a06	00235ea4
e031bba5	00235f36
e0359974	00235f72
e0373645	00235f8c
e0376ada	00235fd4
e03a3da9	00236008
e03fd33d	0023605a
e041ff36	0023606c
e044cd92	00236090
e044f315	0023609e
e0466b51	002360c4
e04b8c3f	002360ec
e04f42a6	00236118
e050f5c0	00236144
e05167b0	00236164
e0524780	0023617e
e05258f9	0023617e
e0528a74	0023617e
e052aa61	0023617e
e052d4d6	0023617e
e052daa1	0023617e
e052db83	0023617e
e052dbce	0023617e
e052df0e	00236190
e052edfc	0023617e
e0541134	002361a2
e05574de	002361f6
e0557e3d	00236220
e055c847	00236286
e0590e4a	002362a4
e05997e4	002362c8
e05a7015	00236300
e05ad2c7	0023637a
e05b09cb	00236396
e05b794a	002363c8
e05d8d5f	002363f6
e05ee1c6	00236440
e05f5b9e	00236470
e05fe407	002364cc
e0601074	00236530
e061560c	00236554
e06284cc	00236568
e0664cd1	00236594
e066cd45	002365c4
e066ce4e	002365ea
e06792c6	00236606
e06dad3d	00236634
e06ef56b	00236678
e0726fd4	0023669e
e07a53de	002366c2
e07aae23	002366ee
e07b709e	00236722
e07d2c3a	00236758
e07f890e	00236786
e082eadd	0023679e
e0832a92	002367da
e083a7cc	002367ee
e08a289e	00236812
e08afe8a	0023684a
e0903269	00236872
e0989cd6	002368a0
e099af96	002368da
e09bc4cb	00236914
e09beecd	00236938
e09c2934	00236998
e09c7b5f	002369c0
e09f72f3	002369f4
e09f7550	00236a2a
e0a0008c	00236a7c
e0a07e21	00236aae
e0a18381	00236ace
e0a18f89	00236ace
e0a2591a	00236b2c
e0a2ddb9	00236b46
e0a3236b	00236b60
e0a408eb	00236b8a
e0a4b665	00236be0
e0aa050b	00236c22
e0ad1544	00236c56
e0ad7ade	00236c7e
e0b1012e	00236cbc
e0b2b5bf	00236ce2
e0b2dded	00236d2a
e0b35ecc	00236d5a
e0b4bb4e	00236daa
e0b75e62	00236ddc
e0ba182a	00236e06
e0bb02a2	00236e24
e0be0be8	00236e66
e0be42d9	00236e8c
e0be5bf4	00236ec4
e0bedc2a	00236ef6
e0bf4969	00236f26
e0c0286a	00236f56
e0c1b622	00236f80
e0c1cc16	00236fb2
e0c339f0	00236fdc
e0c4452e	00237022
e0c56b58	00237050
e0c66f0b	002370c2
e0c696e7	00237102
e0c7e14d	00237152
e0c7ec57	002371b2
e0c94639	002371c6
e0c95f41	002371f4
e0caeb0d	0023722e
e0cb6684	00237252
e0cbbb4d	002372ac
e0cc2049	002372ca
e0ccdaee	00237300
e0cf4bb0	00237324
e0d054ab	0023734c
e0d09369	00237384
e0d14618	002373c4
e0d15451	002373f2
e0d2372f	0023741e
e0d2ce17	00237454
e0d34669	00237490
e0d37e00	002374be
e0d47175	002374e6
e0d51bc6	00237554
e0d6e67d	00237580
e0d8afc6	002375b6
e0d8c64c	002375f0
e0dc0db3	00237622
e0df0ec9	00237640
e0df6cf5	00237674
e0dfc072	002376aa
e0e2041c	002376de
e0e21bea	00237724
e0e34e10	00237748
e0e44efe	002377b4
e0e53723	002377da
e0e5a56c	002377f8
e0e614d5	0023781c
e0e67577	0023786a
e0ebaa05	00237894
e0ebaefd	002378be
e0ec3247	00237914
e0ed2215	00237946
e0ed30df	00237968
e0ee5f36	00237992
e0ee9605	002379cc
e0eea0a9	002379f0
e0f47afb	00237a18
e0f609e5	00237a4c
e0f7ca1c	00237ac2
e0fb9111	00237ade
e0fe9353	00237b28
e0ff1368	00237b78
e0fff15e	00237b94
e1002468	00237bc2
e101af0e	00237bf4
e103e4a6	00237c72
e104c34a	00237caa
e105c7c7	00237cdc
e106dd80	00237d12
e1074aa3	00237d74
e10860a7	00237d92
e10961cb	00237dbe
e10aa520	00237e00
e10babfb	00237e4c
e10be736	00237e94
e10c97f4	00237eb2
e10f1525	00237ee0
e11069c9	00237f06
e112a82d	00237f2c
e1153f58	00237f6c
e117ae4f	00237f8a
e1182534	00237fb4
e11afc46	00237fd8
e11fe3b0	00238010
e1218f7d	00238048
e121e955	002380ac
e1238cdc	002380da
e125e263	002380fc
e1264a53	00238162
e12865de	00238198
e12be48d	002381be
e12f0bfd	002381f2
e12f94ba	00238224
e12faea4	00238242
e12fe6e4	00238260
e12ff05b	0023827e
e1308909	002382d4
e130f4b6	00238314
e1314cb8	00238348
e13175e4	00238360
e132047d	00238392
e13292ae	002383ca
e1334acc	002383e4
e1335bae	00238418
e13377f4	00238434
e13403be	00238484
e134acc2	002384b2
e1359387	002384ee
e136040c	00238524
e136c719	0023856e
e1372cec	002385ac
e137ecfd	002385f2
e138e59e	00238620
e139714d	0023866e
e13a092d	0023869c
e13aa333	002386c4
e13ba031	0023872c
e13c28e8	00238750
e13f6e3f	00238790
e13fce05	000bb386
e1422734	002387a4
e142de21	002387ca
e1439e22	002387fc
e144296d	00238814
e1448986	0023883a
e144d0f6	00238882
e14719d5	002388ca
e148344a	0023891e
e14c5f8f	00238960
e14c9f80	00238998
e151aaa2	002389d2
e15225fd	00238a04
e156f1da	00238a26
e1574417	00238a52
e157f3de	00238a82
e15b94be	00238ac6
e15cc04c	00238b30
e15fe68c	00238b60
e1605c90	00238b8c
e1619e37	00238bb2
e161ec08	00238bea
e164c6a4	00238c0a
e167044e	00238c2e
e16852fc	00238c68
e16a1d0d	00238c84
e16a1ed3	00238ca0
e16c0eea	00238cfe
e16ca9a4	00238d3a
e172c692	00238d68
e1731d43	00238dbc
e1750c9f	00238de4
e1751c7a	00238e34
e175b121	00238e58
e176102a	00238e80
e1777d63	00238ec0
e17d5415	00238eea
e17dff22	00238f0e
e18068ce	00238f44
e181e97b	00238f94
e182079f	00238fd4
e1832c7a	0023900c
e1837167	00239030
e184238e	00239052
e1856013	0023907e
e185602e	002390aa
e189f357	0014ac1e
e18aa148	002390fe
e18c330c	0023911a
e18dadfe	00239156
e18e3731	0023917e
e18eca0e	002391b0
e1903961	00239202
e1910c72	00239220
e191127e	00239232
e191230d	00239258
e19287b7	00239280
e193486a	002392ba
e1943102	002392f2
e19722f0	00239316
e1974625	00239334
e1995b11	0023934e
e19b84d4	00239380
e19c5dfe	002393b8
e19c8763	002393ea
e19d40e7	00239444
e19f36e8	0023949e
e19f51dd	002394c8
e1a0a11f	002394e0
e1a3b3e9	00239514
e1a3c19c	001908b4
e1a3e0d7	00239528
e1a49398	0023953c
e1a525aa	00239574
e1a97e83	002395aa
e1aad24a	002395ea
e1ac3e75	0023960e
e1ad6a40	0023962e
e1aed16e	0023965c
e1af4475	002396c4
e1b14c43	002396de
e1b3200f	00239740
e1b3d4b0	0023975c
e1b409e2	0023978a
e1b6155c	002397de
e1b6d9b5	0023982e
e1b73f14	00239854
e1b835d5	0023987a
e1bbd2a5	002398d6
e1bee134	00239912
e1bf516a	00239940
e1c33887	002399a8
e1c37f82	002399dc
e1c554fa	00239a1e
e1c92a97	00239a8e
e1cfdfa0	00239ac0
e1d17bb7	00239af8
e1d2a3ae	00239b3a
e1d74296	00239b66
e1d94b08	00239b86
e1dbbf2d	00239bb0
e1e00b35	00239be4
e1e0debb	00239bfe
e1e13cec	00239c1a
e1e243c2	00239c3e
e1e506e0	00239c66
e1e6822f	00239c94
e1e7794d	00239cd0
e1e896b8	00239cf8
e1ea0818	00239d16
e1eb6b18	00239d74
e1ecc6c7	00239d9c
e1eceb5a	00239dcc
e1f0c072	00239dfe
e1f0f050	00239e20
e1f16523	00239e4c
e1f67148	00239e88
e1f9469e	00239eb6
e1f98b83	00239eee
e1fb3cf6	00239f18
e1fc6f0e	00239f4e
e1feb9b5	00239f72
e1fef28a	00239fb2
e20288ed	0023a01a
e205c0db	0023a054
e206fd46	0023a074
e20908be	0023a0ce
e20ba9f4	0023a10c
e20da3f1	0023a154
e20ee19f	0023a1aa
e20f0cba	0023a1d8
e211c7cc	0023a20e
e213545f	0023a23a
e21a16f3	0023a2b8
e21aa6da	0023a2d2
e21b2a49	0023a322
e21b4cf0	0023a350
e21df5d9	0023a374
e21f9016	0023a394
e220a672	0023a3ae
e2235950	0023a412
e227dd8b	0023a44c
e229e1ff	0023a47c
e22a17b7	0023a4bc
e22a1b0d	0023a512
e22b6a49	0023a54c
e22cb902	0023a598
e22ce42e	0023a5ba
e22d9001	0023a61a
e22fb30c	0023a654
e23422db	0023a6aa
e237d92a	0023a700
e239e56d	0023a72e
e23be4a7	0023a756
e23c3e28	0023a798
e23c58ee	0023a7c0
e23fbd42	0023a808
e2423310	0023a826
e2433fe3	0023a87e
e2458dc9	0023a8c2
e246e71b	0023a8f0
e2486208	0009b0ea
e248c519	0023a92a
e2491328	0023a96c
e2496b02	0023a990
e24bc7e6	0023a9ac
e24bdbbb	0023a9da
e24c150e	0023aa04
e24c99ba	0023aa26
e250a42a	0023aa78
e2518916	0023aae2
e251c625	0023ab06
e251db14	0023ab3e
e252260e	0023ab66
e252a94c	0023ab94
e2549463	0023abb2
e255b011	0023abd2
e256b3b6	0023ac08
e25904ad	0023ac5c
e25a5f88	0023ac7c
e25b88cc	0023ac9a
e25bfbc2	0023ad08
e25d6e87	0023ad2c
e25dc38d	0023ad88
e2608e68	000d9dda
e260cc5b	0023add4
e260d174	000d9dda
e261a122	0023ae00
e265a65b	0023ae36
e2697c46	0023ae52
e26f3bb2	0023ae98
e270a248	0023aed4
e2713235	0023aeee
e27169bc	0023af20
e2725f42	0023af74
e274c1ce	0023afbc
e274df47	0023b026
e27524fa	0023b082
e2767c35	0023b0b0
e277f14b	0023b0c8
e27adeee	0023b0ee
e27bc138	0023b136
e27cc47a	0023b15a
e2868b7f	0023b17c
e287db50	0023b1a4
e287f869	0023b1d8
e28bb452	0023b1f2
e28c5c84	0023b228
e28c735b	0023b266
e28cbb5d	0023b2a6
e28d4d63	0023b310
e2904011	0023b334
e29273e1	0023b35e
e29340a7	0023b390
e295b2e1	0023b3aa
e2964a02	0023b3d0
e2968b24	0023b45a
e298875c	0023b478
e29887c9	0023b4c8
e29cbdcd	0023b4f2
e29ee809	0023b51c
e29f25a7	0023b53e
e29fd703	0023b572
e2a19e02	0023b598
e2a25046	0023b5be
e2a2b0f5	0023b5dc
e2a388dc	0023b62c
e2a671c6	0023b65c
e2a81326	0023b696
e2aad022	0023b6b6
e2ac1cbe	0023b6d4
e2ac3360	0023b70c
e2ad8084	0023b776
e2af1dee	0023b7ac
e2b12dc3	0023b7e0
e2b157b7	0023b81e
e2b2cc39	0023b852
e2b3191b	0023b88c
e2b5bbae	0023b8a8
e2b6355a	0023b90a
e2b65d24	0023b964
e2b9509a	0023b988
e2be1d9c	0023b9f4
e2bfb2b6	0023ba1c
e2c299ef	0023ba3e
e2c47176	0023ba98
e2c5f64e	0023baca
e2c666d4	0023baf8
e2c7ecbf	0023bb2e
e2c941f6	0023bb54
e2c96a5d	0023bb90
e2cc6712	0023bbc0
e2cdb424	0023bbf0
e2d0dd41	0023bc16
e2d0e107	0023bc3c
e2d1bb07	0023bc64
e2d239d4	0023bc88
e2d290aa	0023bcaa
e2d37061	0023bcc8
e2d62ffe	0023bcf0
e2d6ec0e	0023bd1a
e2d7a12a	0023bd3c
e2d8359c	0023bd54
e2d9117f	0023bd70
e2db000d	0023bdce
e2db40ae	0023bdee
e2de1453	0023be12
e2df1909	0023be30
e2dfaf8a	0023be92
e2e30c76	0023beb2
e2e4d495	0023bedc
e2e51319	0023bf0e
e2e51617	0023bf56
e2e5f7db	0023bf8a
e2e6321e	0023bfac
e2e910cf	0023bff0
e2e9c6c6	0023c018
e2ea9687	0023c036
e2ec345d	0023c07a
e2ed611b	0023c0b0
e2ede655	0023c0ce
e2f19f55	0023c0ea
e2f20fb0	0023c108
e2f320f5	0023c126
e2f5c590	0023c14c
e2f9f229	0023c172
e2fda77a	0023c1a8
e2fe46ff	0023c1ca
e2fe72f5	0023c1ec
e2ffad72	0023c218
e2ffae27	0023c24a
e3005a12	0023c276
e3010634	0023c2aa
e303d275	0023c2d0
e3040569	0023c304
e304ea25	0023c31c
e30553dd	0023c344
e3092974	0023c3ca
e30a0753	0023c432
e31275b0	0023c45c
e3140e8e	0023c480
e317adb8	0023c49a
e318702b	0023c4de
e31b389f	0023c504
e31cea85	0023c522
e31d936e	0023c53c
e3218e66	0023c564
e3246d53	0023c5c6
e3256045	0023c600
e3264088	0023c61a
e327e8d7	0023c65a
e328ae7c	0023c6ba
e32a9bab	0023c6e2
e32b5257	0023c734
e32baf39	0023c76c
e32c279b	0023c7be
e32cf8a9	0023c7ec
e32ef59c	0023c80a
e330be4a	0023c82e
e332c02f	0023c866
e333adfe	0023c8b0
e33418f4	0023c8ca
e334896e	0023c8ea
e3378267	0023c922
e339a5ce	0023c952
e339e963	0023c984
e33bfdc6	0023c9ba
e33c8229	0023c9e4
e33dc190	0023c9f4
e33dfc48	0023ca4c
e3416b2e	0023ca76
e3445b77	0023ca94
e3453a82	0023cac0
e3458984	0023cadc
e345a0ad	0023cb2a
e345f07e	0023cb52
e349612b	0023cba8
e34a3e2e	0023cbd8
e34aa4be	0023cc12
e34aed72	0023cc28
e34b87f2	0023cc54
e34ba280	0023cc70
e34f879c	000b57ea
e34fe03b	0023cc8c
e3518945	0023ccc4
e3518aae	0023ccc4
e3519616	0023ccc4
e351e83f	0023cd10
e351f709	0023ccc4
e35218c9	0023cd50
e352af87	0023cd70
e352f748	0023cd82
e355fc56	0023cd9a
e3565f8a	0023cde2
e356e605	0023ce16
e35831fa	0023ce54
e358454c	0023ce54
e3584d8c	0023ce54
e35a4d92	0023ce9a
e361b53e	0023cedc
e3639812	0023cf06
e363d66b	0023cf24
e363e483	0023cf4a
e36493cb	0023cf64
e3664bf0	0023cf90
e3681104	0023cfc0
e36c8c85	0023cfde
e36dfee3	0023d012
e36f3cfc	0023d04a
e370cd38	0023d09a
e372af08	0023d0b6
e373a6b7	0023d0fc
e37a7e66	0023d146
e37ba0f3	0023d166
e37c2e45	0023d18c
e3807541	0023d1ee
e384c89e	0023d224
e3859188	0023d252
e388b5a4	0023d282
e38b480d	0023d2b0
e38cbb96	0023d2e2
e38ccc0b	0023d302
e38d3f3e	0023d34a
e38dc1ba	0023d37c
e3928c5c	0023d3a0
e39504cf	0023d3d8
e3989284	0023d3fa
e39af5c9	0023d428
e39c1c6b	0023d43e
e39c1ecc	0023d43e
e39cfa2d	0023d4ae
e39d21fe	0023d4f4
e3a129c7	0023d554
e3a318e2	0023d570
e3a65c79	0023d59e
e3a77e66	0023d5c8
e3a79a62	0023d608
e3a81a08	0023d65a
e3a99f09	0023d694
e3aa588f	0015d1da
e3aab09e	0023d6ca
e3aeb295	0023d6fc
e3af5371	0023d744
e3b23408	0023d776
e3b2b2a7	0023d7c4
e3b5a7e7	0023d808
e3b5e4f3	0023d808
e3b6b174	0023d81c
e3b713b9	0023d844
e3b82e87	0023d878
e3b9421e	0023d8a8
e3ba27a6	0023d8f6
e3babbd4	0023d91a
e3bbe9fe	0023d946
e3bc25d1	0005c1f0
e3be7617	0023d98c
e3bf4c6b	0023d9c2
e3bf6267	0023d9e4
e3bfeaec	0023d9fc
e3c28669	0023da30
e3c5c47b	0023da5c
e3c62473	0023daa4
e3c75328	0023db02
e3c830b1	0023db1e
e3c85c70	0023db4a
e3c8d23b	0023db80
e3cb57ce	0023dbaa
e3ce18ac	0023dbf2
e3ce6666	0023dc1c
e3cf30d1	0023dc44
e3cfb4ea	0023dc7e
e3d0161f	0023dca2
e3d01c6b	0023dcd8
e3d03a7c	0023dd0e
e3d062c9	0023dd46
e3d1d5a2	0023dd5e
e3d1f1ee	0019b5ca
e3d4690a	0023dd82
e3d4d591	0023dda4
e3d55675	0023ddfe
e3dbe967	0023de22
e3dda627	0023de3e
e3defc4f	0023de84
e3e20116	0023deb6
e3e26434	0023deea
e3e623b4	0023df22
e3e66e5b	0023df4e
e3e87875	0023df96
e3e9cda0	0023dfd6
e3eba18c	0023dff2
e3ec9284	0023e014
e3ee4c10	0023e030
e3ef5834	0023e078
e3f0492e	0023e0a4
e3f2f63b	0023e0bc
e3f87b19	0023e0d4
e3fa5e3b	0023e116
e3fb3986	0023e154
e3feeb9a	0023e172
e402b697	0023e19e
e404a11a	0023e1da
e404d1ce	0023e234
e404f83f	0023e26e
e406651a	0023e290
e40702d4	0023e2d6
e409a6b7	0023e316
e40b0596	0023e36a
e40f8662	0023e3ae
e4106432	0023e3cc
e4141c50	0023e40a
e417f625	0023e434
e41a4933	0011519a
e41a5508	000e7110
e41a67a8	0011519a
e41ab1d5	0023e482
e41ab35a	0023e49a
e41d0045	0023e4c2
e41def0c	0023e4ea
e420b653	0023e506
e4214d9e	0023e544
e4228875	0023e578
e424a38a	0023e5f2
e424fee4	0023e61a
e425b824	0023e65e
e425db39	0023e680
e42740ad	0023e6c8
e4277890	0023e6f8
e4280c5e	0023e73e
e429280a	0023e78a
e42972b7	0023e7b4
e42b4d73	0023e7d0
e42ed009	0023e80e
e430448a	0023e856
e431f3c6	0023e88a
e4338efd	0023e8b4
e4344c2e	0023e8ee
e434902d	0023e954
e4350515	0023e9a0
e4355725	0023e9c0
e437f558	0023ea04
e4382938	0023ea46
e439697d	0023ea64
e439ac67	0023eaa8
e439b29c	0023eade
e43c1e29	0023eb10
e43cb02f	0023eb42
e43dad97	0023eb70
e440a194	0023eb92
e4413840	0023ebb6
e4418cb2	0023ebce
e4464137	0023ec2e
e44729ae	0023ec54
e447464b	0023eca4
e447825f	0023ecd0
e4489080	0023ecf0
e448ef2f	0023ed36
e44a9104	0023ed62
e44c032a	0023ed96
e44ca56a	0023edb6
e44e1f63	0023edde
e44f8d8f	0023edf6
e4551412	0023ee3a
e4556bb9	0023ee56
e456fa87	0023ee70
e4580cf0	0023ee9a
e4585b74	0023eebe
e459372d	0023eee2
e45bff2f	0023ef1c
e45d598e	0023ef34
e45edd5a	0023ef66
e45f5520	0023ef8a
e46314b0	0023efd2
e465533f	0023f01e
e4662fca	0023f04e
e4688ab1	0023f070
e468d4d5	0023f0a8
e46a7021	0023f0c8
e46c51fa	0023f0e8
e46d4518	0023f10a
e46e24d5	0023f12e
e46e49be	0023f18a
e46fef30	0023f1b0
e470b7e3	0023f1dc
e4729c38	0023f1fa
e47586b0	0023f21e
e476a51a	0023f246
e477d4d6	0023f28e
e4783188	0023f2ba
e47935df	0006d616
e47956aa	0023f2e4
e479cd14	0023f310
e47bbbe2	0023f334
e47c9f7c	0023f382
e47cb4d1	0023f3c4
e47dcf71	0023f400
e47df62f	0023f42c
e48179be	0023f46e
e485a796	0023f4bc
e4880a40	0023f4e0
e48935ee	0023f510
e48b9ab6	0023f548
e4904e70	0023f56e
e490cdc7	0023f58e
e4926347	0023f5b2
e492838c	0023f5e6
e496f9d6	0023f600
e4982861	0023f64a
e4985b8d	0023f68c
e49ece93	0023f6da
e49f4cd4	0007d248
e49fd602	0023f728
e4a04d3f	0023f74c
e4a077e0	0023f768
e4a7d0e1	0023f794
e4aaea1b	0023f7ba
e4ab32ab	0023f7e2
e4ab3b2f	0023f804
e4acceb9	0023f834
e4ad06ad	0023f85c
e4ad2f6b	0023f8b0
e4b2cef1	0023f8fa
e4b34e0b	0023f914
e4b39abe	0023f94e
e4b4a48c	0023f976
e4b509cf	0023f9a6
e4b6e6e4	0023f9de
e4ba6f2f	0023fa0a
e4bd9565	0023fa2c
e4bdab62	0023fa88
e4c1b1da	0023fac6
e4c4f847	0023fb04
e4c6c856	0023fb44
e4c88303	0023fb66
e4c8e729	0023fb8e
e4c8fe97	0023fbf8
e4ca08a0	0023fc2e
e4cc89f9	0023fc5a
e4cccf71	0023fc86
e4cce9a4	0023fcba
e4d28e8e	0023fcd8
e4d377ac	0023fd12
e4d39023	0023fd34
e4d59e17	0023fd60
e4d7ebfb	0023fd96
e4d81813	0023fdda
e4dbe528	0023fdee
e4ddd13b	0023fe06
e4dfd59e	0023fe5a
e4e1cfe2	0023fe86
e4e4dba3	0023fe92
e4e7b0c3	0023fec2
e4e920a2	0023fef0
e4e9d19e	0023ff14
e4ea7393	0023ff32
e4eb6c05	0023ff88
e4eb93cf	0023ffae
e4ece417	0023ffe4
e4ed5104	00240018
e4ef43c4	00240046
e4f43c0f	00240064
e4f6c2e0	002400c4
e4f897d9	002400de
e4f9078f	0024011e
e4fa1bfd	00240142
e4fa2be0	002401a6
e4fb6d27	002401d4
e4fd114f	002401fe
e4fd88f8	00240264
e4ff3746	002402c0
e50012f7	00240304
e500a5be	00240336
e50162d8	0024037a
e5017ea8	00240398
e50245b7	002403c4
e505910f	002403fe
e5066b55	00240422
e507efe7	00240452
e50b1d58	002404ae
e50c456d	002404f2
e50cc935	00240534
e50d5068	00240578
e5117e3d	002405a2
e5187790	002405c6
e519888a	00240608
e51ca8ea	00240622
e51d8a9f	00240636
e51e10b8	00240660
e51e3f10	00240694
e51e8449	002406d6
e51eaeff	0024070e
e51f1c49	00240754
e524d5e5	002407a8
e528f0c8	002407d8
e52965a3	0024081e
e52b6b69	0024089a
e52ecb35	002408cc
e52ed52a	002408ee
e53458c7	00240914
e5356c1d	0024093e
e535d98a	00240980
e5389f78	0024099a
e53aa306	002409c4
e53acc84	00240a10
e53c6b0f	00240a48
e53e2de1	00240a6e
e53fc573	00240ab6
e53fd5e5	00240aec
e5464ff7	00240b26
e54686f0	00240b40
e5482bdf	00240b62
e54a5005	00240b9e
e54ad577	00240bf4
e54bb71c	00240c12
e54c24c5	00240c26
e54c80cc	00240c44
e54d45d0	00087430
e54d77b6	00087430
e54da654	00240ca6
e54e2d0b	00240cd4
e54e3742	00240cfc
e54e7331	00240d50
e550f62b	00240d80
e55135fb	00240da8
e553e0a8	00240de8
e556389c	00240e00
e55640c9	00240e28
e557e86d	00240e86
e5594ae9	00240f00
e5599fd1	00240f20
e559cc06	00240f38
e55b596d	00240f66
e55c40a3	00240f94
e55c81d1	00214c2a
e55cfa73	000d60a0
e55de242	00240fd0
e55f7b2b	00241000
e56196d0	00241024
e561b372	00241052
e561bd68	0024107e
e562d8f4	002410ae
e562fa50	002410ca
e563b138	00241100
e565ad94	00241124
e5686c5a	00241176
e569a8bf	002411c0
e56a1893	002411e0
e56a252d	0024120a
e56cba73	0012a91c
e56e3db6	00241242
e570ebdf	0024127a
e5746389	002412c0
e576d489	0024132c
e577f76b	0024136a
e5786da2	002413ba
e57a2ac6	002413e6
e57a4112	0024140e
e57acccc	00241436
e57b6563	0024144c
e57cea7b	0024147a
e5813ef3	002414b4
e583ecf3	002414d2
e58411e7	0021c298
e584767e	0024150c
e5873c8d	00241530
e5884ffa	0024157e
e58a5aad	002415ae
e58b3f5e	002415ea
e58bde85	0024160c
e58c74c0	00241646
e58cc891	0024168c
e58fd050	002416ce
e590c47a	00241732
e590c698	002417a6
e594167f	00196570
e5951da5	0024181a
e595dcdd	00241838
e595dd48	00241838
e595e4a7	00241872
e5975db1	002418b0
e598a8b2	002418d4
e598b636	002418d4
e59987dd	00241912
e599a522	0024192c
e59a3876	0024195a
e59c4c6d	0024198e
e59cdbc8	002419c8
e59e4003	00241a08
e5a07033	00241a30
e5a0ead7	00241a64
e5a15368	00241a9e
e5a26d94	00241ae0
e5a2d11e	00241af8
e5a32c2c	00241b30
e5a3a178	00241b52
e5a3e9dd	00241b94
e5a64793	00241bcc
e5a6ffc1	00241bf6
e5a844bf	00241c0e
e5aa108a	00241c32
e5abd88f	00241c52
e5acf6d3	00241c82
e5ad4863	00241ca4
e5aed6df	00241cc2
e5b0ca25	00241cf2
e5b0e474	00241d42
e5b1996a	00241d86
e5b23b25	00241db0
e5b39ac0	00241de0
e5b586a5	00241e1c
e5b5bd50	00241e4e
e5bb11aa	00241e7a
e5bb929d	00241ede
e5bbf396	00241f0c
e5bc2fb3	00241f5e
e5bc48ad	00241f78
e5bdd29c	00241f8e
e5be558f	00241fb2
e5c062eb	00241fdc
e5c0d214	00242002
e5c110a9	00242038
e5c54a96	00242052
e5c59a2c	0024207c
e5c5cac4	002420e2
e5c7546e	00242112
e5c90a77	0024213e
e5cce7e0	00242160
e5cf4832	002421ba
e5cfed49	0008f3f6
e5d0a227	002421dc
e5d0a741	00242200
e5d32be7	0024221c
e5d3a17b	0024223c
e5d536a0	0024226a
e5d78286	00242284
e5d7e97c	002422da
e5da4c92	0024233c
e5db9987	0024235a
e5dc795d	0024239c
e5dc803c	002423ec
e5df42a5	00242416
e5e10aa2	00242440
e5e16f55	00242470
e5e1f08b	002424a4
e5e2ff18	00242526
e5e38141	0024254e
e5e3ab22	00242576
e5e49879	00242588
e5e5e8ec	002425be
e5e679be	002425d2
e5e72189	0024262c
e5ea6888	00242656
e5eb6fc7	002426a2
e5ec68ef	002426ce
e5ec710c	002426f6
e5ecd7bd	0024272a
e5eecff6	00115186
e5f00d09	00242754
e5f14ed8	00242780
e5f30f12	002427a6
e5f3ae14	002427dc
e5f53954	002427fe
e5f792db	00242836
e5f8702c	0024287a
e5fa24af	002428ce
e5fac9b3	002428f2
e5fb7b75	0024291c
e5fc0778	00242952
e5ff6ec8	00242966
e60075c5	0024298e
e601e1c7	002429d4
e6023462	002429f4
e602fe16	00242a20
e607d119	00242a48
e607d348	00242a62
e607f55a	00242a82
e609e048	00242abc
e60a5bee	00242ae4
e60d2779	00242b10
e60d3c9e	00242b10
e60d505d	00242b28
e60d620e	00242b3e
e6109089	00242b56
e6117809	00242b9a
e611e22b	00242bc8
e61326c4	00242c18
e61367ad	00242c6e
e6137909	00242c9c
e614fbd0	00242cca
e6164cc3	00242cfc
e6170c53	00242d58
e617cb19	00242d78
e618b770	00242d9e
e61a42b5	00242dc0
e61d468c	00242dea
e61e430f	00150660
e61e83a2	00150660
e61f87f3	00242e1a
e623ac6f	00242e3c
e62940ee	00242e86
e62b4651	00242eac
e62b7a2a	00242ece
e62b90d0	00242ef4
e62f2cad	00242f4a
e62f73f4	00242f70
e63213a5	00242fca
e6327e07	00242ff8
e636688e	00243020
e6376c79	00243048
e639fc51	00243068
e63a9207	0024309c
e63d0d9f	002430c8
e641bbee	002430e0
e6429c63	000f5f80
e6483113	00243114
e64903b2	0024312e
e64d547a	00243170
e64dec70	0024318e
e651d2ca	002431d8
e65277a4	002431ea
e6597fc9	0024322a
e65aa055	00243248
e65b9052	0024326c
e65bb153	002432bc
e65bd6be	002432d6
e65d8bd7	002432f4
e65ffd74	0024332c
e6601fb9	00243372
e6613eb7	002433c8
e662276c	00243416
e662ddd2	0024345e
e66361b4	002434a8
e6649636	002434ce
e6663254	002434fe
e6663dbb	0024351a
e667a213	00243558
e667a381	00243598
e66a93e1	002435c0
e66b3f57	00243616
e66c518b	0024364c
e66f0a60	00243660
e6712c4d	00243684
e6714b98	0024369c
e671bd47	002436be
e671f094	002436f0
e673a404	0024372c
e676dfbd	00243786
e677a636	002437b4
e677d059	00243804
e679395b	00243820
e67c1803	0024386c
e680d218	00243894
e682988b	00243912
e68311a7	00077d3c
e6833514	00077d3c
e684d8ce	0024393a
e688b06b	00243984
e689aa4c	002439c6
e689ac86	002439fa
e689e7b2	00243a72
e68a5be8	00243a88
e68c0279	00243aae
e68cdbc3	00243b02
e68d38f5	00243b30
e691f32c	00243b52
e6954317	00243b7e
e6955c79	00243ba4
e6983519	00243bd4
e698b8ef	00243c10
e69eddc8	00243c4c
e6a22002	00243c68
e6a27c59	00243caa
e6a454b8	00243cca
e6a63467	00243ce8
e6a64de2	00243d24
e6a6b0f1	00243d6e
e6a872d8	00243da2
e6a9399b	001a122c
e6aa77d4	00243e08
e6ab5ad5	00243e34
e6ac7ee4	00243e7a
e6aedeb8	00243e96
e6b00246	00243ec0
e6b9e3f3	00243f0e
e6b9f8c5	00243f84
e6ba0f46	0024400c
e6ba809b	00244024
e6bc7f7f	00244076
e6c0a4e7	002440b4
e6c34a57	002440dc
e6c37240	00244102
e6c4aa76	00244114
e6c6c295	00244148
e6c70562	002441aa
e6cb21a1	002441da
e6cbaf73	0024420a
e6cd73a7	00244234
e6cdbe98	00244270
e6d0689e	002442a4
e6d24015	002442dc
e6d36d78	002442f4
e6d5f7bd	00244330
e6d64393	00244358
e6d659f4	00244380
e6d686e6	002443a2
e6d72990	002443ca
e6d8a86b	00244406
e6d8eac7	00244424
e6daa43e	00244460
e6dbf0b3	00244486
e6dc8454	002444a0
e6de553c	002444ec
e6e02545	0024453c
e6e3da5e	00244576
e6e58136	002445a4
e6e9100e	002445ce
e6ea47f8	002445fe
e6eaa145	0024461a
e6ee474b	00244642
e6ee5900	00244670
e6f08fe8	002446aa
e6f2afc7	002446f6
e6f6cd06	00244742
e6f7b554	0024477c
e6fa4a99	002447ac
e6fc8396	002447e2
e6fec287	00244826
e6fecab8	0024484e
e703d6ce	0024486c
e703ff1a	0024488c
e70844c4	002448cc
e7097dcf	002448fa
e70a33a4	0024491a
e70b28a8	00244944
e70bda30	0024497a
e70dfa7a	0024499e
e70faa5a	002449c6
e7100a77	00244a04
e71182be	00244a36
e7134e75	00244a6a
e713d09f	00244a96
e7154b93	00244ac4
e7163f54	00244ad8
e7199ae2	00244af6
e71a0990	00244b3a
e71f6f58	00244b62
e7223a81	00244ba8
e722db33	00244bce
e7234c87	00244bea
e723d4a0	00244c26
e7254524	00244c44
e725f88c	00244c68
e7272d0f	00244c8c
e727da2f	00244ce0
e7286134	00244d1e
e72dbf9c	00244d5c
e72e6a66	00244d94
e7310c09	00244da6
e731c216	00244dce
e733df52	00244dec
e7356bac	00244e02
e735c1ac	00244e4c
e73a3c0a	00244e82
e73c1c01	00244ec4
e73eb109	00244ee2
e73f79fe	00244f0e
e7407177	00244f22
e740c3cc	00244f88
e741539e	00244ff0
e741a55f	00245024
e742a16a	0024506e
e7430650	002450bc
e74647d1	002450e2
e7465903	002450e2
e7469c42	0024510a
e749eda0	00245136
e74bc7f2	00245150
e74c51bc	00245172
e74c63c9	001a0a46
e74c6ba8	002451a0
e7500d37	002451f2
e751bdd5	00245226
e7534709	000a30a0
e7535a3b	00245246
e75c60b5	0024528c
e75d0a18	002452b6
e7608cc0	002452e4
e7633826	00245302
e76351c9	0024538c
e764500f	002453fe
e764b8c4	00245420
e766051d	00245440
e76669a7	0024545c
e7670b2d	00245484
e768ade6	0024549c
e768f4fb	002454d8
e769dc2a	00245508
e76d7d16	0024552a
e76eb306	00245552
e771a75c	00245582
e7725200	002455aa
e772e24b	002455d2
e77341c3	002455f2
e7741471	00245624
e7759d96	00245656
e778ec42	0024568a
e778fc39	002456be
e77a8d15	002456ea
e77af4e7	00245720
e77c4b98	00245752
e77ca7b5	00245768
e77cc402	0024577e
e77e56f4	002457b4
e7800524	002457e0
e78157c1	00245828
e7830b35	00245866
e78546fa	00245888
e78572ee	002458a0
e788b0ed	002458e6
e7899255	00245940
e78a275e	0024595e
e78a4fb1	0024595e
e78b1ee7	00245980
e78d0306	002459c4
e78e7b72	00245a08
e78e8918	00245a62
e7914002	00245a88
e7928450	00245ab8
e794ef81	00245ada
e794fe9e	00245b1c
e795db51	00245b4a
e799f7c3	00245b74
e79a9569	00245bb8
e79b60e5	00245bfe
e79b87a2	00245c2a
e79beb2a	00245c4a
e79f3238	00245c66
e79f64b4	00245c8a
e7a33215	00245cc0
e7a3c9f8	00245cdc
e7a4a677	00245d24
e7a5d977	00245d5e
e7a654ea	00245db2
e7a662b5	00245dd6
e7a66cc3	00245dfc
e7a710ec	00245e2e
e7a800de	00245ea2
e7accbd9	00245ed2
e7acffe8	00245f00
e7ad9cfe	00245f3c
e7ae3105	00245f6a
e7aea25d	00245f8a
e7b07548	00245fb2
e7b11a88	00245fea
e7b19149	00246024
e7b2727c	0024605a
e7b2db59	0024609c
e7b60400	002460c6
e7c0c51c	00246102
e7c2a20f	00246120
e7c683d9	00246148
e7c9163a	00246192
e7c945a8	002461bc
e7ca7398	002461d6
e7cedb56	002461fc
e7d21e8a	0024621e
e7d33694	00246270
e7d3c348	00246298
e7d84bd6	002462d6
e7d88bf8	002462f8
e7d988b8	00246312
e7dba7ac	00246334
e7dc05ae	00246350
e7dc8d61	0024638a
e7dcc325	002463ac
e7e328f8	002463de
e7e6bfbc	00246408
e7e76232	0024644c
e7e8a14d	00246462
e7e93ac0	00246480
e7e9d6dd	002464c4
e7ec32de	002464f6
e7edce2c	00246510
e7ee0f1f	00246544
e7ee4ece	002465d2
e7f061a3	0024660c
e7f13830	00246646
e7f302a3	00246668
e7f5b6ed	002466a8
e7f92860	000b64ee
e7f931ff	000b64ee
e7fb1249	002466e6
e7fb161c	00246720
e8001730	00246744
e8019e5d	00246762
e801ef48	002467a2
e802dd69	00246804
e8057516	000991e0
e806ba2a	00246826
e806d997	00246856
e808a776	002468a8
e80b9dc1	002468de
e80c60e7	0024690e
e80f25ad	0024695c
e80f3b79	0024697e
e81083a7	002469ac
e8116cc4	002469c8
e811b8f8	002469f8
e813ffd1	00246a20
e815920e	00246a60
e816f64f	00246a7a
e81763fe	00246a92
e817a813	00246abc
e81a5593	00246ad2
e81cc149	00246af0
e81e5822	00246b26
e820b48d	00246b4e
e820f412	00246b84
e8213127	00246bae
e822e00e	00246c08
e8259d94	00246c2e
e827e908	00246c5c
e82e925c	00246c7e
e82f5b53	00246c98
e82ff8dc	00246cee
e8301ce5	00246d44
e830d47c	00246d8c
e831fd59	00246de2
e8329c4e	00246e12
e83587d5	00246e44
e836aaa1	00246e8c
e837b37e	00246ea8
e837dd7f	00246eca
e839026b	000bb386
e83956f0	000bb386
e839beed	00246efc
e83eb0d4	00232806
e83f4955	00246f16
e83ff13b	00246f5e
e842da95	00246f98
e84469b1	00246fc8
e847a4c0	0024700a
e847acf5	00247026
e84bb05b	0024705c
e84bf151	0024709c
e84d854a	002470cc
e84fe1bf	002470ee
e8513b7e	00247126
e8525098	00247142
e852686e	0024716a
e853a60f	00247194
e855283e	002471c2
e8561076	002471e0
e856651e	00247236
e858b5ff	0024726a
e85d0369	0024729e
e85d2836	00115186
e85d9dfc	00115186
e85df379	00115186
e85edb14	002472da
e85fcbf3	002472fa
e8609f5e	00247348
e8610dc4	00247390
e8644327	002473be
e865a7c3	002473fe
e8676f2c	0024744a
e86789a0	002474a2
e8685d5c	002474d0
e86a088d	00247508
e86d8dfc	00247522
e86dca93	00247552
e870c54e	002475a8
e87155c6	002475da
e872170c	002475f8
e8756135	00247616
e878d2b7	00247636
e87ba756	0024765a
e87c5d59	00247686
e87db0a7	002476a4
e87eea98	002476c8
e8810386	002476f2
e8843754	00247726
e8846a87	00247768
e885e888	00247792
e8865451	002477c8
e886a570	002477e6
e886fb2a	0024781a
e8870464	00247852
e889d3a2	00247878
e88ca0c1	002478b4
e88cebe7	002478f0
e88f4f0d	0024792e
e891508d	00247948
e8993327	00247986
e899f3d8	002479ec
e89b62df	00247a28
e89be555	00247a44
e89d5b98	00247a7a
e89fb4c2	00247aba
e8a0aef6	00247af4
e8a25626	00247b06
e8a302fd	00247b40
e8a5a216	00247b62
e8a65533	00247b8a
e8a73ef9	00247bc0
e8a7a707	00247c32
e8adea6d	00247c58
e8b17b07	00247c84
e8b22d8e	00247c9a
e8b26801	00247d06
e8b58d39	00247d36
e8b8eae7	00247d74
e8bd58a4	00247d96
e8be376f	00247dbc
e8bf1518	00247de4
e8bf86e9	00247e04
e8c3b1b9	00247e32
e8c480e5	00247e5c
e8c5cb15	00247ea2
e8c819fe	00247ed8
e8c8670a	00247ef8
e8caf713	00247f52
e8cef527	00247f92
e8d30723	00247fae
e8d35542	00247fd4
e8d377c0	00247ff2
e8d61e6a	00248024
e8d7c3f5	00248046
e8d86579	00248060
e8d9e59a	002480a8
e8da5b02	002480d6
e8db6a27	00248110
e8dd2939	00248160
e8df6d02	002481be
e8e5209a	000df51c
e8e6a58f	002481ee
e8e77243	0024820c
e8e822ec	0024822e
e8e8aa1b	00248274
e8eab654	0024828c
e8ed4649	002482c4
e8ef45e1	002482e8
e8f03453	00248304
e8f049fa	001a5454
e8f06c3b	0024831e
e8f10d81	0024833e
e8f46820	0024836c
e8f5ac14	002483ec
e8f67d13	00248406
e8f8241f	00248442
e8f8ebc4	00248480
e8fd728f	002484b4
e8fe44b8	002484fc
e9001a49	00248530
e9033ff5	00248548
e9046c83	00248562
e9049686	002485d4
e905f3b9	0024861c
e9060301	00100f8a
e90695b8	0024863e
e906b0f9	00100f8a
e906bce4	00100f8a
e90839eb	00248654
e90b42a0	002486a6
e90e7fa0	002486d2
e90eec7b	0024870c
e90fae74	00248736
e9106fb6	0024878c
e911741c	002487ac
e9121162	002487e0
e9189884	00248810
e918f24a	0024883a
e91d1fff	0024889e
e91d8151	002488c6
e91e0f12	002488fa
e91f4afa	00248934
e9203f63	00248984
e92209ab	0024899e
e92281b6	00248a02
e923de17	00248a34
e92412c8	00248a60
e925283d	00248a80
e92550dd	00248ac2
e9275305	00248aee
e9278572	00248b1a
e928d26c	00248b82
e92aa8fb	00248bbc
e92d67cb	00248c1a
e92df18d	00248c54
e9300883	00248c6a
e93024b5	00248cde
e9312ac5	00248cfc
e9313209	001a9346
e9318077	001a9346
e932f1a8	00248d28
e935bc8a	00248d94
e93618c7	00248db0
e937ad62	00248df0
e939084c	00248e34
e939687f	00248e34
e93973f8	00248e34
e939b42d	00248e34
e93c13f9	00248e46
e9401d2d	00248e70
e94083f5	00248e96
e9422221	00248eb4
e94246e7	00248ef4
e943226c	00248f1c
e947e42d	00248f4a
e9487414	00248f76
e949c64f	00248f96
e94b43df	00248fb4
e94bb0ee	00248ff0
e94bddf5	001a7422
e94c27a6	00249018
e94c93d7	0024906a
e94dcaa9	00249092
e94fe7e0	002490c2
e9512d5a	002490ee
e9526306	00249128
e953ec1c	0024916c
e9551bd7	002491aa
e958dc87	002491de
e95a13a8	0024924a
e95a9b4f	00249292
e95ab0c5	002492c0
e95cac85	00249308
e961a86f	00249344
e96745cf	00249372
e96a4730	002493c4
e96a70eb	002493ee
e96fcc59	0024942a
e96fd738	00249480
e9703c00	002494d2
e974eac0	00249502
e975e40d	0024954e
e9770151	0024956c
e97922f5	0024959a
e9796bae	002495c4
e97995a7	002495f0
e97a61a4	00249642
e97f9b7c	00249664
e97fa9b7	002496a2
e97fb1bd	002496c2
e97fb54f	002496e8
e9856965	0024970e
e986ca1c	00249736
e98846f7	0024975a
e988f912	0024977c
e989ff0e	002497b6
e98c1d7a	002497fe
e98c8f79	0024986e
e98d18b7	00249890
e98f0fc9	002498b0
e99515ec	002498d2
e996291f	002498ec
e99704be	00249928
e9970d5d	0024996c
e9972718	0024996c
e99758c9	0024998a
e9982727	002499a8
e998e14c	002499ec
e99a589f	00249a1c
e99ad029	00249a52
e99b52d6	00249a88
e99e8fea	00249ab4
e99eefde	00249aec
e9a17a26	00249b04
e9a323be	00249b20
e9a5afb5	00249b42
e9a83562	00249b6e
e9a8e196	00249b7e
e9aca467	00249b9e
e9ae5d11	0008cfd4
e9ae8d9f	0008cfd4
e9ae9552	0008cfd4
e9aec2d6	0008cfd4
e9aecd53	00249bc6
e9aecec9	0008cfd4
e9aee4bc	0008cfd4
e9b2178e	0006ceaa
e9b233dc	0006ceaa
e9b2828d	00249bdc
e9b49ded	00249c06
e9b842c8	00249c68
e9b926b6	00249c84
e9ba6107	00249cbc
e9bb8a97	00249ce8
e9bc87fe	00249d3c
e9bcf618	00249d94
e9bf1204	00249dbe
e9c28511	00249dec
e9c2ba9d	00249e1e
e9c2cb9c	00249e44
e9c58a81	00249e7a
e9c62bc3	00249ec0
e9c704d6	00249efa
e9c70bb9	00249efa
e9c7392e	00249efa
e9c76e03	00249efa
e9c77b48	00249efa
e9cacde7	00249f12
e9cb9a5f	00249f4c
e9ccf116	00249f94
e9ced6be	00249fb0
e9cf955b	00249fd6
e9d38d98	0024a01c
e9d5847d	0024a056
e9d687af	0024a08e
e9d7313a	0024a0bc
e9d89830	0024a124
e9d970e0	0024a16c
e9dae8bb	0024a1aa
e9db25ac	0024a1dc
e9dc63bf	0024a218
e9dcd1c0	0024a23e
e9de0a11	0024a27a
e9decca1	0024a2ac
e9df3ed6	0024a2ce
e9df68b2	0024a2ec
e9df7ca1	0024a314
e9dfeae1	0024a344
e9e708f0	0024a37e
e9e86101	0024a3b6
e9e8a21b	0024a3d0
e9e9899c	0024a404
e9ea079d	0024a41a
e9ec25f0	0024a45c
e9f0da6a	0024a482
e9f1ff0f	0024a4e2
e9f35c53	0024a50c
e9f3bb32	0024a530
e9f5ac86	0024a554
e9f76d3e	0024a576
e9f7ad67	0024a5aa
e9fa4513	0024a5cc
e9fec0f6	0024a5e8
e9fecc55	0024a608
ea03a107	0024a654
ea040c11	0024a696
ea058824	0024a6b2
ea06baaf	0024a6da
ea07582a	0024a72e
ea079338	0024a754
ea08376a	0024a798
ea09aaae	0024a7c8
ea0dfed9	0024a7e8
ea0fdca7	0024a81e
ea1004c9	0024a848
ea108dd6	0024a872
ea116247	0024a8ae
ea11ec40	0024a8ca
ea14dfb5	0024a8e6
ea167b19	0024a90a
ea1a7a47	0024a93c
ea1aa0d3	0024a958
ea1bf7a3	0024a994
ea1f03cc	0024a9d2
ea1f132c	0024aa02
ea210f7e	0024aa2e
ea217103	0024aa4a
ea22acbc	0024aa96
ea25666d	0024aacc
ea27c8da	0024ab2e
ea29ed24	0024ab7c
ea2e9cc1	0024aba6
ea2edc89	0024abee
ea310e14	000acdc8
ea312bb2	0024ac16
ea3154db	00187b86
ea31629a	0024ac34
ea316a2f	00187b86
ea3173c6	00187b86
ea31757b	0024ac34
ea317a96	0024ac48
ea359d39	0024ac8e
ea35d081	0024acaa
ea3858d8	0024acde
ea39cc2e	0024ad2c
ea3a206e	0024ad8a
ea3aa96c	0024adea
ea3ac4b4	0018c80c
ea3b3d25	0024ae1a
ea3c320b	0024ae3e
ea3cb4c5	0024ae78
ea3d595e	0024aebe
ea4011e0	0024aed8
ea4237a0	0024af0c
ea43a1b2	0024af54
ea4430d0	0024af66
ea45151d	0024afaa
ea4539cf	0024afce
ea4880f5	0024b006
ea4947f8	0024b032
ea4a298a	0024b05c
ea4b15a4	0024b07c
ea4b3eab	0024b0a0
ea4bd118	0024b0d4
ea4be283	0024b0fe
ea4bedee	0024b118
ea4d7afc	0024b144
ea4e6200	0024b1ba
ea502902	0024b1d2
ea51b7c9	0024b20e
ea5294f5	0024b244
ea5613d5	0024b274
ea57a96e	0024b2c0
ea58aa24	0024b2fa
ea59c5c6	0024b32a
ea59c74a	0024b36e
ea5c848d	000da0ec
ea5cb8af	000da0ec
ea5cbc9f	000da0ec
ea5cd8af	000da0ec
ea5cf709	000da0ec
ea5d2705	0024b3c4
ea5ddc1f	0024b3ec
ea5ec687	0024b422
ea611a9d	0024b458
ea61bba1	0024b484
ea6326c4	0024b4a2
ea633d68	0024b4ca
ea6341de	0024b4ca
ea63591e	0024b4ca
ea63f7c0	0024b4e0
ea686437	0024b538
ea6b7c72	0024b588
ea6e4706	001b4b00
ea6e7edf	001b4b00
ea6f000b	0024b5a2
ea705120	0024b5ea
ea71915f	0024b662
ea7260ef	0024b688
ea728534	0024b6a8
ea73deb7	0024b6f0
ea743ca4	0024b71c
ea767ace	0024b732
ea774b29	0024b77c
ea77811a	0024b7da
ea7841ec	0024b7fe
ea7f4216	0024b83c
ea80e32c	0024b88a
ea82fe8e	0024b8c8
ea838e0c	0024b8fe
ea869ff9	0024b918
ea88a8c2	0024b934
ea89834d	0024b94e
ea8c1607	0024b9a6
ea8d260a	0024b9f8
ea8d6a10	0024ba22
ea8fbd20	0024ba38
ea925bc3	0024ba7a
ea930c38	0024baa8
ea9320b6	0024bacc
ea974ccc	0024bb02
ea974e06	002050b4
ea977271	002050b4
ea97e759	0024bb1e
ea98ddae	0024bb40
ea9ac983	0024bb92
ea9d079f	0024bbca
ea9d8a33	0024bbf6
ea9d98d6	0024bc48
eaa01398	0024bc6c
eaa2be84	0024bc98
eaa3e4ee	0024bcc8
eaa53a8d	0024bcf4
eaa6042e	0024bd10
eaa92b02	0024bd36
eaa95676	0024bd72
eaa9b26c	0024bdda
eaaa344f	0024be02
eaaa426e	0024be32
eaaa43d2	0024be32
eaac407a	0024be46
eaae0857	0024be80
eab1028c	0024beba
eab3c1b4	0024bed4
eab40e2e	0024bf06
eab430a1	0024bf48
eab453ab	0024bf90
eab60fee	0024bfc6
eab681a9	0024bff2
eab7b1d7	0024c012
eab81594	0024c04c
eabad2c9	0024c088
eabc6dfa	0024c0b4
eac024f4	0024c0ec
eac12a10	0024c122
eac2f074	0024c142
eac3ab7d	0024c172
eac41b34	0024c1a4
eac63b45	0024c1e0
eac64971	0024c218
eacbe818	0024c240
eace4808	0024c298
ead03f58	0024c2ba
ead21404	0024c2e2
ead24ac2	0024c324
ead4c5f5	0024c362
ead5e7f4	0024c37c
ead8592d	0024c3a2
ead8751b	0024c3c2
eadad325	0024c3f6
eae33d92	0024c420
eae709c2	0024c440
eaea4e97	0024c458
eaee50a7	0024c482
eaef2e4d	0024c4aa
eaf10b2c	0024c4e6
eaf10e5c	0024c4e6
eaf11874	0024c512
eaf1fc8d	0024c55a
eaf3036f	0024c58c
eaf30f4c	0024c5b0
eaf60bbb	0024c5f0
eaf64e87	0024c628
eaf8c364	0024c65c
eaf95e93	0024c67c
eafae188	0024c6b6
eafc0377	0024c6ce
eb01d6a3	0024c6e8
eb034afd	0024c710
eb057c3f	0024c752
eb06796e	0024c786
eb06fbdd	0024c7da
eb07ea0c	0024c7f6
eb0a32f6	0024c820
eb0c14ae	00109b94
eb0c64b2	0024c838
eb0e973d	0024c858
eb0eaeca	0024c87a
eb0f8ed2	0024c8ca
eb109df7	0024c8f2
eb1543de	0024c932
eb1790b8	0024c954
eb17b9ec	0024c974
eb189372	0024c998
eb1a0c62	0024ca0a
eb1fa358	0024ca80
eb203e54	0024ca9e
eb20ad76	0024caba
eb218146	0024cb10
eb21af8c	0024cb58
eb229d06	0024cb98
eb2436f0	0024cbb0
eb26438f	0024cbcc
eb282d98	0024cbf0
eb29f777	0024cc52
eb2a4412	0024cc70
eb2a5503	0024cca8
eb2b88e9	0024ccce
eb2bf5e9	0024ccfa
eb2d579e	0024cd2c
eb2ec913	0024cd86
eb30996c	0024cdba
eb32d883	0024cddc
eb32fbc7	0024ce2c
eb33980b	0024ce6e
eb34578c	0024ce9c
eb38cc1d	0024ceb4
eb3aeb39	0024cef0
eb3b83cc	0024cf2a
eb3c4560	0024cf62
eb3c476d	0024cfa2
eb3e4b9c	0024d012
eb3fd52c	0024d048
eb404d70	0024d072
eb4419d9	0024d0a6
eb44bc18	0024d116
eb472ee3	0024d130
eb490d0b	0024d14e
eb49949c	0024d180
eb4b551e	0024d1ce
eb4d5023	0024d20a
eb4e89ce	0024d242
eb53f505	0024d25c
eb53f5f2	0024d28a
eb54e511	0024d2b4
eb599c36	0024d2e4
eb5acfe9	0024d340
eb5c0813	0024d3a8
eb5ea99f	0024d3d2
eb5ee2cb	0024d40e
eb60573b	0024d428
eb636e59	0024d44e
eb640738	0024d492
eb644d80	0024d4b4
eb675d14	0024d4f2
eb67e497	0024d51a
eb68c130	0024d546
eb697fbb	0024d582
eb69a6f5	0024d5ae
eb6baea9	0024d5d8
eb6cb31f	0024d63e
eb6fa7bc	0024d66c
eb707aef	0024d6b6
eb73cd92	0024d6d2
eb745259	0024d704
eb7569bc	0024d71c
eb75b01b	001d4b7e
eb75b48e	00247508
eb784bab	0024d73a
eb7b19cd	0024d76c
eb7b7aac	0024d79a
eb7bd018	0024d7ca
eb7c0072	0024d7e6
eb7d10cd	0024d838
eb7d6416	0024d860
eb8210a8	0024d894
eb835d4c	0024d8c0
eb837f67	0024d8dc
eb83bd22	0024d934
eb863089	0024d980
eb872363	0024d9b6
eb884299	0024d9ec
eb8b298e	0024da1e
eb8ba295	0024da58
eb8db1d9	0024dabc
eb8e0a63	0024dae8
eb8ebc38	0024db48
eb926545	0024db7a
eb9281db	0024dbbc
eb9308c9	0024dbda
eb94eac1	0024dc20
eb9568a2	0024dc4c
eb95a6a7	0024dc76
eb95c376	0024dcb6
eb9839af	0024dcf6
eb9901f5	0024dd4c
eb99301d	0024dd78
eb9ed35f	0024ddfe
eb9fe32a	0024de1e
eba05b30	0024de5c
eba14af9	0024de96
eba20cb0	0024dec0
eba238f8	0024deea
eba2703f	0024df6e
eba34ee4	0024df98
eba42a1f	0024dfb6
eba706f9	0024dfe2
eba75715	0024e020
eba8dce2	0024e086
eba9e106	0024e0b0
ebaa0f76	0024e104
ebac1d83	0024e12e
ebae4e54	0024e158
ebaf4ba8	0024e16c
ebafbd1c	0024e1ac
ebb0d9c9	0024e1de
ebb2ea0c	0024e212
ebb3ca0c	0024e23c
ebb4a944	0024e282
ebb7055a	0024e2b2
ebbda715	0024e2d2
ebc2cfe9	0024e336
ebc3ece0	0024e394
ebc8ef1b	0024e40e
ebcbae83	0024e43e
ebcf6a8f	0024e470
ebd2d0dc	0024e490
ebd32be3	0024e4b2
ebd794eb	0024e4f4
ebda3d07	0024e516
ebda5bbc	0024e542
ebe230b0	0024e564
ebe25c4e	0024e5a8
ebe99153	0024e5ca
ebeb75a5	0024e5ee
ebedcfee	0024e61c
ebf12a85	0024e63e
ebf4001e	0024e67c
ebf460a7	0024e6b8
ebf47695	0024e6e6
ebf4c92f	0024e72c
ebf7a3db	0024e752
ebf8fea5	0024e782
ebf98133	0024e7d0
ec01c3df	0024e7fa
ec021b3f	0024e858
ec03128a	0024e898
ec07907f	0024e8d2
ec083f3d	0024e8f4
ec095350	0024e94e
ec0a5174	0024e986
ec0bbda8	0024e9a0
ec0c05f7	0024e9c4
ec0eb887	0024e9f2
ec0fbf9c	0024ea10
ec121735	0024ea4c
ec145300	0024ea80
ec14593a	0024eabc
ec15ef3c	0024eae2
ec1602bb	0024eb16
ec173a6f	0024eb4a
ec1805cb	0024eb88
ec1829fa	0024ebc8
ec19c5ce	0024ec06
ec1cbbfe	0024ec2e
ec1d5721	0024ec54
ec1daa60	0024ec80
ec218c1e	0024ec98
ec29587f	0024ecb8
ec2a939c	0024ece2
ec2d8c6f	0024ed04
ec2f109a	0024ed2c
ec2f34f6	0024ed70
ec2fac28	0024edbc
ec30cf6c	0024edf0
ec311e06	0024ee3e
ec338ee7	0024ee68
ec3476cb	0024ee8c
ec354aa4	0024eea6
ec39019d	0024eee0
ec3ebf2c	0024ef28
ec3f991c	0024ef4a
ec41f732	0024ef78
ec4b8f73	0024ef8e
ec4bc92f	0024efac
ec4d0c01	0024efd6
ec4d1b1e	0024f004
ec4dc8f4	0024f03e
ec4f7b79	0024f066
ec50da64	0024f094
ec51ed5d	0024f0c2
ec53573b	0024f110
ec53b976	0024f132
ec559125	0024f17c
ec576c9e	0024f19c
ec5a509f	0024f1f8
ec5a8219	0024f222
ec5b3d00	0024f244
ec5e9af3	0024f274
ec63a516	0024f2b0
ec676691	0024f2f0
ec689a51	0024f33a
ec6e2c01	0024f37a
ec6e60d4	0024f392
ec707094	0024f3c2
ec7111c4	0024f3e8
ec72a6e0	0024f410
ec738e74	0024f46c
ec743446	0024f4a4
ec74b8f9	0024f4c4
ec74bdc2	0024f4ec
ec755a4d	0024f508
ec75c50a	0024f51c
ec7712d1	0024f538
ec775f7f	0024f558
ec78e8ae	0024f574
ec7c6ed8	0024f5b2
ec7fbe7c	0024f5e2
ec81a1bb	0024f5f4
ec830623	0024f638
ec8470d9	0024f658
ec8d82ca	0024f68c
ec8f75e7	0024f6e6
ec906f36	0024f6fe
ec911ba6	0024f726
ec93cbd7	0024f73c
ec94f655	0024f784
ec94f99a	0024f784
ec96da4d	0024f7ae
ec981812	0024f7fe
ec98214e	0024f81c
ec9b5ea1	0024f87e
ec9b8f1a	0024f8d2
ec9d7ce5	0024f8f0
ec9e34d3	0024f942
ec9f482e	000b08de
eca04c98	0024f95e
eca08ffb	0017ad9a
eca24da4	0024f98a
eca2c277	0024f9ba
eca305a0	0024f9d0
eca4846a	0024f9ec
eca6c078	0024fa2c
ecaa1558	000df916
ecaa1e0b	000df916
ecaa8098	000df916
ecaac9a0	000df916
ecaaec4f	000df916
ecab16e6	0024fa5e
ecab6462	0024faa0
ecae8d9c	0024faca
ecb37487	0024fb26
ecb42ef3	0024fb74
ecb434a0	0024fb9c
ecb5cf18	0024fbf2
ecb6a86a	0024fc0e
ecb9ff7d	0024fc46
ecba82cd	0024fc72
ecbadb4c	0024fcc4
ecbb1e7e	0024fd50
ecc161ed	0024fd8e
ecc1d3a2	0024fda0
ecc2f3c6	0024fdc0
ecc4b346	0024fe10
ecc4e09c	0024fe58
ecca1713	0024fea8
ecca4bfa	0024fef0
eccb2cd7	0024ff26
eccc0882	0024ff68
eccd84f1	0024ffa0
ecce44d3	0024ffe2
ecce6a80	0024fffa
ecd21a37	00250010
ecd2ad93	0025002a
ecd4bde6	00250064
ecd707c0	002500b0
ecdbe09d	002500f2
ecde1c2f	00250138
ece03e58	002501b2
ece2d90f	002501ec
ece71148	0025021e
ece8bc30	0025024a
ecea6c36	0025027e
ecea6fb5	002502c8
ecf1525d	00250326
ecf59542	0025034e
ecf6c782	0025037a
ecf77035	00250400
ecf8fbfd	0025043e
ecf91280	00250476
ecf9250d	002504be
ecfa6f59	0025050c
ecfd431b	00250560
ed00faa5	002505b6
ed019063	002505e2
ed027993	00250618
ed028d8e	0025063c
ed02b350	00250664
ed063423	00250684
ed06e905	002506de
ed07878b	00250712
ed07a602	0025078a
ed085926	002507ea
ed08fb24	00250812
ed0a8fd4	0025084c
ed0b4194	00250872
ed0baa17	001a9346
ed0e363e	00250894
ed0f4254	002508ec
ed1362e0	0025092e
ed15126c	0025094a
ed1668d1	00250968
ed1a36eb	002509b0
ed1c11f7	002509d6
ed1c148b	00250a12
ed1c3c67	00250a3a
ed1d5f5a	00250a76
ed1dfdee	00250a98
ed1e5c56	00250ac4
ed1f4d9e	00250b26
ed23cbf0	00250b68
ed247055	00128efa
ed24c642	00128efa
ed25d8ff	00250b8c
ed29271a	00250bc4
ed29e25f	00250be0
ed2dd1e9	00250c10
ed322450	00250c4a
ed32a929	00250c6e
ed348520	00250ca8
ed34a6f8	00250cfa
ed3529be	00250d82
ed3600af	00250db4
ed36339a	00250dd6
ed37392d	00250e00
ed37fd89	00250e40
ed3975d2	00250e6c
ed3a835c	001a9346
ed3c0ab3	00250eba
ed3c1204	00250ee4
ed3c3592	00250f00
ed3d6caa	00250f0c
ed400ed8	00250f3c
ed41771c	00250f8c
ed41e840	00250fb4
ed43f0d1	00250fec
ed458436	0025104a
ed4629e9	002510b0
ed477a20	002510da
ed4a383b	00251128
ed4ce1bc	0025116a
ed4efddf	00251188
ed50e535	002511de
ed547d51	00251208
ed552e69	0025125a
ed55566f	002512c2
ed5752bc	002512da
ed5cf8d3	002512f6
ed5d10f3	0025132e
ed5d36f1	00251380
ed5e0050	002513d2
ed5f4909	002513f2
ed62489a	0025145c
ed62fbf5	0025146e
ed6333cd	002514e8
ed639747	00251530
ed63b994	0025157a
ed66b8b7	002515e4
ed66f93c	0025160e
ed68bd22	00251668
ed69226f	002516b2
ed6b2765	002516e0
ed6dd796	00251748
ed6fd2e2	002517d4
ed702d43	002517f2
ed709c74	00251818
ed714a0e	00251842
ed737c31	0025188c
ed757c8b	002518d2
ed76b5f7	00251910
ed78af73	00251948
ed78d506	00251968
ed7965c4	00251984
ed7d0bbd	002519ec
ed7df604	00251a42
ed7fe538	00251a92
ed805841	00251ac4
ed882ae8	00251b24
ed8da68d	00251b76
ed8e0d77	00251ba6
ed8ec0c1	00251bcc
ed8ef071	00251c1a
ed9190e8	00251c44
ed92cf4a	00251c72
ed944b9b	00251ca6
ed946093	00251cd8
ed94b283	00251d1e
ed99f8d4	00251d5a
ed9bf247	00251daa
ed9c37b0	00251dfe
ed9c85c8	00251e16
ed9e0775	00251e5c
eda026be	00251e8c
eda33932	000ee53c
eda37285	00232456
eda3c8af	00251ea6
eda3ec55	00251ece
eda4acc0	00251efa
eda4c14a	00251f32
eda52257	00251f6e
eda5b763	00251f9c
eda5dfd4	00251fe4
eda61c61	00252018
eda79511	0025203c
edaaadb4	00252068
edab2595	002520b4
edac34cc	002520c8
edad0836	00252128
edad11b8	0025214e
edaed0c4	00252180
edafcb03	002521bc
edb20cb8	00252232
edb2940a	0025227e
edb2dad0	002522b0
edb3238a	002522cc
edb34463	00252318
edb59476	0025233c
edb7af1e	00252378
edb7bf25	002523b4
edbb1c20	0025241a
edbe79b2	00252450
edbedf24	00252464
edc0a13c	002524ac
edc21459	002524ec
edc2d6de	0025250c
edcd5301	00252530
edd0315a	00252554
edd0e517	00252574
edd20456	002525ae
edd254a3	002525d2
edd39b13	0025263a
edd88f55	00252666
edd928fa	00252680
eddb3e5c	002526d0
edddb16a	00252704
edde74d2	0025272e
eddfdb2c	00252752
ede2d125	0025279c
ede48203	002527c0
ede71b1b	002527dc
ede82a3a	00252804
ede9b4a1	00252836
edea787b	00252870
edec4de1	002528d4
edecb90d	00252914
edeecb4d	0025293c
edef99f0	00252964
edf0f066	00252978
edf24238	002529ce
edf452d0	00252a0c
edf484b5	00252a3a
edf7c01d	00252a70
edf86974	00252a84
edf9160b	00252a9e
edf92174	00252ade
edfa0308	00252b36
edfc15e8	00252b64
edfde631	00252ba2
edff5844	00252bd4
ee008b72	00252bfa
ee04df0b	00252c6e
ee068399	00252ca6
ee09a620	00252cfc
ee09ee7f	00252d20
ee0c986b	00252d74
ee0cdf6b	00252d9c
ee0e0cde	00252db2
ee0e88e8	00252dee
ee0fa160	00252e0e
ee121909	00252e38
ee12c1d5	00252e5e
ee12e989	00252e7e
ee145e71	00252ef6
ee18a3a9	00252f1e
ee1a835e	00252f42
ee1aa797	00252f70
ee1e68d4	00252f8c
ee1f2270	00252faa
ee202aa9	00252fea
ee22213c	00253078
ee22482d	002530a4
ee237d39	002530c8
ee2445aa	0025310e
ee247795	00253128
ee275463	00253142
ee28323a	0025317e
ee294c40	002531d0
ee2a5192	000dd374
ee2a5d95	000dd374
ee2ae22a	0025320c
ee2b9add	00253228
ee2c4e43	00253256
ee30173a	00253280
ee305551	002532ae
ee30a8ae	002532ec
ee30cf44	002532fe
ee3721b5	00253318
ee3a0fad	00253336
ee3a6f33	001a4ab0
ee3e8121	0025335c
ee3ed70f	00253374
ee404a12	002533a0
ee40d73a	002533ce
ee40f661	002533ce
ee443963	002533ec
ee4b8081	00253414
ee4f47d8	00253442
ee501345	00253488
ee5519b2	002534d0
ee555524	00253538
ee576aaf	0025356a
ee581be9	00253590
ee595d55	002535cc
ee5eed62	0025361a
ee5ffe67	00253644
ee63f9fa	0025366c
ee66de74	0025369c
ee678ae9	002536d6
ee68bc33	00253732
ee6b9ae3	0025377e
ee704488	002537bc
ee740f04	00253802
ee745818	00253858
ee74b15b	00253890
ee767368	002538c0
ee78fdc7	002538fe
ee7b3fbc	00253940
ee7b51e6	002539ca
ee7c2cd0	00253a14
ee7d35ff	00253a3c
ee7d8afd	00253a9c
ee7e889e	00253b08
ee822737	00253b20
ee8392fd	00253b50
ee84cc13	00253b80
ee87562a	00253b9c
ee878d9e	00253be6
ee881335	00253c4a
ee889c06	00253c68
ee8a196a	00253c8a
ee8a8de3	00253cae
ee8db4da	00253ce4
ee8e1c8e	00253d1e
ee8e2e8e	00253d4c
ee8e71a2	00253d7a
ee8e94d4	00253d90
ee8ee395	00253db6
ee900752	00253de4
ee9173d5	00253e1c
ee91f1ab	00253e54
ee92070d	00253e9c
ee92163a	00253ed0
ee93739a	00253ef0
ee954a06	00253f14
ee97b525	00253f5c
ee9837b1	00253fd2
ee9a3123	00253ff6
ee9be9f8	00254040
ee9c11d9	00254082
ee9c6ead	002540a6
ee9d969c	002540ee
ee9dc87f	00254124
ee9fd09a	0025418c
eea3d7af	002541ca
eea42fcc	002541f4
eea810e3	0025420e
eea840be	00254244
eea885e8	0025426a
eea9af6e	00254294
eea9bdcc	002542bc
eeaae576	00254318
eeab30df	00254354
eeac5870	0025439a
eeb2cc90	002543b8
eeb4e598	002543dc
eeb51332	0025440c
eeb8ccea	0025442c
eeba8847	00254456
eebd0c01	002544b2
eebea027	002544f0
eebed8a4	00254530
eebf6740	00254552
eebfc5f7	0025457a
eec075e9	002545ba
eec2e81e	00254604
eec2ec4e	00254670
eec619ba	00254694
eec6c7c0	002546c0
eec9f56a	002546dc
eecb7daf	00254720
eecbc941	0025475c
eeccd014	00254796
eecf3a00	002547ce
eecfabce	002547f4
eecfdce4	0025482c
eed14385	00254876
eed145e3	00254896
eed19fd6	002548ea
eed2e762	0025492e
eed48539	00254972
eed7d248	00254998
eed93570	002549ea
eedb4d60	00254a0a
eedc1f36	00254a2e
eedd0e28	00254a5e
eedd24d4	00254ad0
eedec7f7	00254b54
eedfe04e	00254b74
eee11154	00254be4
eee260b9	00254c48
eee419b0	00254c82
eeeacbc6	00254cec
eeebd38a	00254d16
eeec4d4b	00254d54
eeed20dd	00254d84
eeedd49c	00254dbc
eeeea22e	00254de0
eeeef2a8	00254e08
eef04577	00254e28
eef24470	00254e44
eef29b99	00254e74
eef58b80	00254e92
eef5b0d5	00254ed0
eef6bdf4	00254efc
eef7376f	00254f10
eefa51eb	00254f6e
ef00c9e9	00254fc2
ef02c140	00254fe0
ef03431f	00255008
ef034627	00255008
ef055c33	0025501c
ef068b81	00255046
ef076fcb	00255062
ef08dfed	0025509c
ef0a43b5	002550bc
ef0ac4dd	002550da
ef0b5151	002550f6
ef0bafb6	00255112
ef0bd06d	00255144
ef0cab92	00255192
ef0d12f6	002551be
ef0dd719	002551f2
ef0e0e9b	0025521a
ef0ff4d4	0025523e
ef100a9a	0025526e
ef1198d5	002552b8
ef140331	0025531a
ef1423b1	0025534e
ef1589b5	00255378
ef15a4f3	00255394
ef168cf8	002553cc
ef199ef5	00255436
ef1d77fa	00255462
ef1dbfd0	002554a4
ef1dfc4c	002554cc
ef1f2260	00255526
ef219d55	00255558
ef22c124	0025557e
ef235180	002555e8
ef261284	00255604
ef270a68	00255644
ef28363e	00255676
ef2979d2	00255696
ef2fc548	002556b4
ef330127	002556dc
ef333fa0	00255728
ef33fd6c	0025577e
ef3441f9	002557ae
ef34bf4b	002557d4
ef3504f0	0009bd66
ef35420d	0009bd66
ef359e88	0009bd66
ef362b60	002557e8
ef364084	0025583c
ef3bbf46	0025585e
ef43e456	0025589a
ef44068f	002558b0
ef4441f2	002558f0
ef44d64b	0025593c
ef45610f	0025596c
ef4825da	002559ae
ef48895a	002559dc
ef4f3c11	002559f6
ef50aae9	00255a14
ef50c82a	00255a40
ef5186d8	00255a9e
ef541c8b	00255ade
ef55ef4b	00255b52
ef560e15	00255b8e
ef5a9a0a	00255ba4
ef5ab279	00255bda
ef5ab685	000b33d8
ef5bb120	00255c2c
ef5bbc59	00255c2c
ef5c5207	00255c7a
ef5dd521	00255cce
ef5dd68b	00255d08
ef5ebf65	00255d28
ef605afa	00255d46
ef6180bd	00255d62
ef633ff9	00255d7a
ef638533	00255dd0
ef640f59	00255dfe
ef660e04	00255e4c
ef661fd4	00255e9a
ef67cc7c	00255eba
ef686475	00255ee0
ef6baf7d	00255f48
ef6cf8ef	00255f68
ef6d5271	00255fae
ef6df554	00255fda
ef6e7cef	00256004
ef6f376d	00256070
ef6fe409	00256092
ef71e1ae	002560b0
ef7531ee	002560cc
ef765078	00256134
ef77327a	00256158
ef7a46dd	0025619c
ef7c455f	002561f2
ef7cc367	0025621e
ef7d50a1	00256252
ef7ff925	00256274
ef810b2c	0025628e
ef81d1c1	002562a8
ef85466b	002562d0
ef87e394	002562f2
ef89fb3c	00256322
ef8bfbff	0025639c
ef8ca9e2	002563c0
ef948fc8	002563dc
ef969540	00256428
ef992d15	0025644e
ef9abb84	0025647a
ef9eec5c	002564b6
ef9f6d07	00256500
efa02b76	0025651a
efa045cf	00256542
efa2d906	00256564
efa59a53	0025657c
efa7ba63	002565b0
efa8344d	002565f0
efabc4d6	0025661c
efad0a9a	0025664a
efad7bac	00256672
efaf94f2	002566d6
efb06d2c	002566fa
efb0d104	00256730
efb2d650	0025675c
efb37c75	00256786
efb47659	000d6f3e
efb5091d	002567a8
efb5f40a	002567c0
efb89684	002567fc
efb9e1c1	00256828
efbc4a52	0025685c
efbcbdcf	00256894
efc0dd93	002568d6
efc13b91	002568f8
efc59892	00256918
efc761b4	0025693c
efc7cb02	00256984
efc88791	002569a2
efcbf77f	002569e8
efcc5b49	00256a02
efcd3688	00256a70
efcd3cfd	00256aaa
efcd418b	00256aaa
efd09db7	00256ac4
efd334fc	00256ae8
efd5745d	00256b20
efd7dc9b	00256b84
efdaa68b	00256be0
efdb16ad	00256c06
efdb8f97	00256c30
efdc2e67	00256c5a
efdd3e2d	00256c7a
efde8eab	00256cb8
efdf73a9	00256cea
efe10bc4	001b34f0
efe1ea91	001b34f0
efe2637c	00256cfe
efe6ba49	00256d1a
efea69dd	00256d40
efeb3763	00256d68
efec1630	00256dbc
efec96c8	00256dda
efed1c0e	00256e3c
efee94e8	00256e98
efef974c	00256edc
eff0919a	00256f20
eff2f304	00256f54
eff3c22e	00256f78
eff6b873	00256f9c
eff6f45d	00256fdc
eff8f5fc	00256ffc
effad318	0025706e
effb7482	00257090
effbef67	002570b4
effc9f94	002570fc
effd4292	0025714a
effd45a7	00257164
effdce4d	002571b0
effde39d	002571e6
f00058a4	00257218
f0008279	00257254
f000c6a4	00257254
f00212eb	00257270
f003724d	00257294
f004ae84	002572e0
f007db23	0025730a
f00916a0	00257344
f0091a2b	00257344
f0099ffe	00257344
f009a1ef	0025735a
f009a600	00257344
f009a683	00257344
f009c715	001b904a
f009d745	00257344
f009d8a5	001b904a
f009e9de	00257344
f009f0dc	00257344
f009f493	00257374
f009ff2d	00257344
f009ff9c	0025738c
f00a34a1	002573a6
f00a6fb2	002573d8
f00b97b5	00257400
f00dd936	00257436
f00efd9d	0025746a
f011ec42	002574ac
f013235c	002574e2
f0139188	00257520
f014e48c	00257554
f018b37a	002575aa
f0197226	002575d2
f0198ae5	00257658
f01e4779	0025766c
f0219723	002576ba
f0238f0b	00257712
f025d20b	0025774e
f025fa9b	002577a8
f0263332	002577d8
f027d733	002577f8
f0286a3e	00257832
f02a31d3	00257850
f02a62b3	00257876
f02ad8a5	002578bc
f02e5b9d	002578dc
f02f31de	0025790e
f030ca88	0025795c
f03378a8	00257974
f0337fa8	002579a0
f0366d44	002579d0
f039a229	00257a14
f03b593f	00257a50
f03ba41c	00257ab6
f03cb5b2	00257b16
f03cb7f6	00257b5e
f03fc41b	00257b78
f040b1b4	00257b96
f043c1ee	00257be6
f0479819	00257c0a
f0485157	00257c24
f048626c	00257c4c
f04a2f08	00257c68
f04bbd50	00257cae
f04bcae7	00257cd2
f04f64d1	00257d06
f050475e	00257d34
f0510f17	00257d66
f052024a	00257da0
f055497a	00257dbe
f05790d9	00257dd6
f057c75b	00257e0e
f058437f	00257e32
f058b241	00257e64
f058d5b6	00257e96
f05a7996	00257ed6
f0639feb	00257f1e
f06665a8	00257f54
f06690e1	00257f9c
f068fe50	00257fd8
f0695684	00258006
f06a720c	00258032
f06b149f	00258060
f06b4fda	002580a6
f06d0a98	001aab10
f06d5200	002580e8
f06e0bc6	0025810a
f06e26b4	00258160
f073d2d5	00258182
f076e698	002581aa
f07b40f2	002581c6
f07c2f28	0021b7c8
f07c4678	0021b7c8
f07c5e36	00258216
f07c88b3	0025824a
f07ce269	00258280
f07d1dc3	00258298
f07e3070	002582da
f07fa051	00258314
f08024e6	00258340
f081a9df	00258368
f081f970	002583a4
f08330b0	002583f0
f08436bc	00258412
f085117e	00258434
f086c493	00258470
f089842e	002584b8
f08a5b46	0025851e
f08a6125	00258566
f08a7bc5	00258598
f08efad9	002585be
f08f27bb	002585ea
f08f2ab3	00258664
f0903a9b	002586a8
f092a3a4	002586f8
f092d2ae	0025874a
f0947e52	0025877e
f0960632	002587a2
f097e9a4	002587f2
f098e1c1	00258810
f0a07944	0025886a
f0a21604	00258880
f0a4ff58	002588ec
f0a5aac2	00258906
f0aab2d0	00258938
f0aaf142	0025895c
f0ab09b0	002589a2
f0ade102	002589c8
f0ae0bb5	002589e2
f0af1960	00258a0c
f0b40bb4	00258a32
f0b486aa	00258a52
f0b50c25	00258a98
f0b7a88f	00258ab6
f0b834e5	00258adc
f0b83631	00258b14
f0b971c3	00258b42
f0b99069	00258b96
f0ba052f	00258bce
f0bce196	00258be6
f0bd4d81	00258c00
f0bf756b	00258c26
f0bf98a4	00258c96
f0c06137	00258cd4
f0c3621d	00258d20
f0c91111	00258d9a
f0cc07ac	00258dd4
f0ce8f49	00258e1c
f0cfeaa7	00258e52
f0d192dc	00258e82
f0d25579	00258ec8
f0d3b122	00258f2e
f0d3f43e	00258f78
f0d49ac6	00258fae
f0d509c6	001f877e
f0d53202	001f877e
f0d53aa3	001f877e
f0d599e7	001f877e
f0d5aa13	00258fcc
f0d5b6b2	001f8790
f0d84aea	00258fde
f0da20c9	0025902a
f0da997f	00259060
f0da9f37	00259060
f0db6c5d	002590a6
f0e0cef2	002590e2
f0e2cf5f	0025911a
f0e377b6	00259168
f0e6ac26	00259196
f0e714c4	002591ae
f0ea4997	002591d0
f0eaac3a	0025920c
f0eb0d05	0025923e
f0ec57f6	0025926a
f0f18bcb	002592a6
f0f38fb8	002592c6
f0f69af9	002592e0
f0f8cff6	00259310
f0f8d00d	00259310
f0fb5725	00259338
f0fd5ab9	0025935a
f0ff6c17	0025937c
f0ffeddd	002593e8
f10346fa	00259412
f106a489	00259434
f10a2f87	00259472
f10cdb64	002594ac
f10e26a9	002594e8
f10e9405	00259506
f10efb6b	0025952c
f114b368	00259550
f1161db4	002595aa
f1179753	002595e6
f11904a7	00133062
f119533d	00133062
f11a0432	0025961a
f11a3d6b	00259638
f11edc56	00259686
f11f8600	002596aa
f120c42d	00259708
f121088c	0025972a
f1229d7f	0025975a
f123e266	00259782
f129fb07	002597c6
f12ba20f	002597e4
f12bcc18	0025980c
f12cd440	0025985e
f1305255	002598be
f13112de	00259904
f1316ad4	00259920
f133b914	0025993a
f133bbbf	0025993a
f13538f0	00259966
f1359f34	002599a8
f135d682	002599d2
f13757fb	00259a2e
f1384b04	00259a6a
f13ad07c	00259a90
f13bc812	00259aba
f13cd2fc	00259b08
f13dad07	00063508
f13eb0e7	00259b30
f1410b1d	00259b64
f1415ffb	00259bc2
f144b85c	00259bda
f145ce4a	00259c2c
f147515a	00259c4c
f147dc37	00259c66
f148269a	00259c94
f149a420	00259cc4
f154cd4c	00259cee
f1552a5b	00259d14
f155c1fc	00259d3a
f15a032e	00259d54
f15a2583	00259da6
f15c7670	00259dd2
f1601f5f	00259e16
f1603b38	00259e38
f1605001	00259e50
f160842d	00259e38
f1612de0	00259e92
f162fed5	00259eca
f1636a64	00259f12
f1640613	00259f60
f165b04b	00259f84
f167cc56	00259fb6
f169e1ed	00259fec
f16b5c62	0025a046
f16cb4ee	0025a088
f16cb86c	0025a0d0
f16d2fb7	0025a0ea
f16d56c6	0025a132
f16e7a4f	0025a15c
f16e865d	0025a176
f1712bd5	0025a1b0
f173abaf	0025a20c
f1741e85	0025a25a
f174e505	0025a2a0
f17947f1	0025a2b4
f17a6d84	0025a2fa
f17a9d53	0025a322
f17b90af	0025a346
f17cf824	0025a384
f17da7b5	0025a3da
f17ee5aa	0025a43c
f17fc8cc	0025a454
f1865adb	0025a488
f18b6c05	0025a4f2
f18c9338	0025a53a
f18cf7b6	0025a57c
f18fe9ec	0025a5ae
f1919bc7	0025a5ce
f19279c9	0025a636
f194e9ea	0025a64e
f194ef3d	0025a680
f1951a53	0025a6c2
f1965632	0025a6d4
f1973a44	0025a71c
f1996042	0025a73c
f19bf131	0025a766
f19d4384	0025a780
f19e0a25	0025a7ec
f19fdebd	0025a816
f1a18c10	0025a854
f1a6db6c	0025a890
f1a73714	0025a8b2
f1a8823b	0025a8e2
f1a9b830	0025a92a
f1a9c5eb	0025a98a
f1aae796	0025a9b8
f1ab34a1	0025a9da
f1aeb1a8	0025a9f0
f1afc25a	0025aa16
f1b29119	0025aa54
f1b6c6a2	0025aa7c
f1b7e161	0025aa90
f1ba125a	0007e39a
f1bbf6f0	0025aac8
f1bd3c5c	0025ab32
f1beef9e	0025ab4a
f1c33389	0025ab76
f1c3fcae	0025abae
f1c42e3a	0025abe4
f1c5c39a	0025ac06
f1c63dda	0025ac38
f1c640c9	0025ac88
f1c8a7af	0025aca6
f1c9cf4a	0025acda
f1ca6b56	0025ad0c
f1cc9375	0025ad38
f1cd7325	0025ad6e
f1cf1d7c	0025ad96
f1d2f3ae	0025adde
f1d50518	0025ae08
f1d5a687	0025ae9e
f1d6450a	0025aef6
f1d815fd	0025af46
f1da3a42	0025af86
f1dd5fdd	0025afd8
f1de5f94	0025aff6
f1df0926	0025b024
f1e113ac	0025b066
f1e2eb71	0025b088
f1e41319	0025b0bc
f1e4fe03	0025b102
f1e579e8	0025b142
f1e75deb	0025b16a
f1e875e6	0025b1a0
f1e96c9e	0025b1d4
f1ebde2a	0025b206
f1ecbdd2	0025b23a
f1ecd7a8	0025b256
f1f100f1	0025b274
f1f19c42	0025b2c2
f1f2c286	0025b302
f1f59006	0025b32c
f1f6085c	0025b34e
f1f67685	0025b37e
f1f687a6	0025b3c6
f1f7cbfd	0025b42a
f1f8f9a5	0025b476
f1f91959	0025b4b4
f1fba694	0025b4fc
f1fd4187	0025b542
f200472a	0025b578
f2035cd5	0025b59a
f2053729	0025b5e0
f205456d	0025b634
f205a310	0025b65e
f2091a75	0025b6ac
f209c33e	0025b6d0
f211750c	0025b70e
f211e9e9	0025b74e
f213890b	0025b798
f2140593	0025b7de
f21473bb	0025b842
f214e4ad	0025b872
f2161408	0025b8a2
f2190e7c	0025b8e6
f21c1fc5	0025b948
f21d4626	0025b97c
f21faf21	0025b9ea
f220be40	0025ba28
f220d804	0025ba58
f2228a1f	0025ba7a
f22728b7	0025baae
f22aadeb	0025bae8
f22f1916	0025bb30
f2311b1f	0025bb54
f2328d77	000974a6
f232a8aa	000974a6
f232b868	000974a6
f232be52	000974a6
f232cd15	000974a6
f232f07f	0025bba0
f234832d	0025bbee
f2358e24	0025bc26
f238ad4e	0025bc56
f2394c52	0025bc92
f23965f6	0025bcaa
f2399f58	0025bcea
f23ad110	0025bd0e
f23b2f9b	0025bd4a
f23bc2a6	0025bd7c
f23d07f0	0025bda6
f23e0e14	0025be00
f242007c	0025be26
f242c826	0025be46
f24357c4	0025be5c
f2439768	0025be90
f243aed4	0025bea6
f24868ea	0025bed8
f24ea691	0025bf0c
f250b031	0025bf48
f25145cb	0025bf64
f2534bfd	0025bfb0
f254dbc1	0025bfe2
f25565f8	0025c018
f2559aa9	0025c04c
f255f2fa	0025c04c
f256dad9	0025c06e
f2588acd	0025c08a
f258bc20	0025c0b2
f25ab820	0025c0f4
f25aecef	0025c13c
f25d3a32	0025c166
f25ee1d2	0025c19c
f263bcb4	0025c202
f264965d	0025c22e
f265311e	0025c286
f265e1a2	0025c2ba
f26622df	0025c2ee
f2662fdd	0025c326
f2664373	0025c360
f266d280	0025c3a0
f26a0295	0025c3d2
f26b54ef	0025c406
f26cb2c7	0013aef6
f26d175e	0025c456
f26e2566	0025c48c
f2704ee4	0025c4c0
f277ba1c	0025c526
f27b183d	0025c540
f27b5081	0025c580
f27c6d83	0025c5ba
f27d1248	0025c5d6
f27e964e	0025c5fe
f27f4e57	0025c654
f283994e	0025c69a
f283ac48	0025c6b8
f285604f	0025c6ea
f2858c44	0025c706
f285ba55	0025c754
f286074a	0025c772
f2891652	0025c7a2
f28a9de3	0025c7f6
f28c9d18	0025c80e
f28e48b8	0025c840
f292dad7	0025c87a
f29354fe	0025c89c
f295e2b2	0025c8e4
f29675eb	0025c902
f2979b96	0025c94a
f2983034	0025c966
f2989518	0025c980
f298f0f5	0025c9be
f2995c6a	0025c9e6
f29a8a0a	0025ca18
f29b336f	0025ca56
f29db3a2	0025caa4
f2a32eda	0025cac6
f2a6532d	0025caea
f2a71c03	0025cb16
f2a8e794	0025cb64
f2a92c0d	0025cb9e
f2a937d4	0025cbba
f2abac5d	0025cbdc
f2abb5ce	0025cc52
f2ae3fd5	0025cc68
f2b0c759	0025ccb2
f2b19d36	0025ccf4
f2b2c4ab	0025cd28
f2b31a2f	0025cd46
f2b3624f	0025cd62
f2b47664	0025cdc0
f2b6c4f2	0025cdde
f2b9102a	0025ce3e
f2bd7990	0025ce6e
f2c8623f	0025ceb2
f2c8c4c1	0025cee4
f2c8fddd	0025cf0c
f2cce58c	0025cf2e
f2cdd575	0025cf5c
f2ce757e	0025cfa2
f2ce9ea8	0025cfc2
f2d2ec63	0025d022
f2d2f117	0025d068
f2d3139d	0025d096
f2d3e0b3	0025d0a8
f2d57b17	0025d0cc
f2d6a520	0025d134
f2d735c1	0025d172
f2d7363b	0025d19a
f2d80309	0025d1f0
f2d89637	0025d21a
f2db20f2	0025d254
f2db7343	0025d2a2
f2db7dd1	0025d2c4
f2e0542d	0025d2fc
f2e0db38	0025d31e
f2e2e75a	0025d36e
f2e3deaf	0025d3a6
f2e93a3b	0025d3be
f2ea7e0b	0025d3d0
f2eaf151	0025d3f4
f2eb9328	0025d414
f2ed404d	0025d450
f2eda402	0025d466
f2ee74bf	0025d48c
f2eee36c	0025d4de
f2f145e0	00163cca
f2f256d0	0025d510
f2f34a38	0025d534
f2f3bc26	0025d582
f2f48346	0025d59c
f2f56a74	0025d5c0
f2f8cca4	0025d5e2
f2f9d053	0025d66a
f2fa560d	0025d694
f2fc2462	0025d6d6
f2fccae8	0025d710
f2fd17af	0025d738
f2fd3857	0025d784
f2fdb7b1	0025d7bc
f2fe591b	0025d7dc
f2ff7afd	0025d7fc
f2ff8d3f	0025d81c
f300850a	0025d876
f3019285	0025d8d0
f3044afa	0025d8f8
f3087eab	0025d930
f309cc56	0025d964
f30d9ac4	0025d986
f3114f30	0025d9b6
f311e26e	0025d9d6
f313e183	0025d9e8
f316016a	0025da2e
f3172d30	0025da4a
f3180f20	0025da68
f318e5ec	0025da8c
f31c7900	0025dacc
f31c8c2f	0025dae4
f31c9203	0025db00
f31c9402	0025dae4
f31ca932	0025db20
f31d0e05	0025db42
f31d3c05	0025db94
f31e7e22	0025dbd6
f320f173	0025dc22
f32104d6	0025dc48
f323e2fc	0025dc98
f325f0d2	0025dcd4
f3274e27	0025dd16
f3286b91	0025dd32
f32ad360	0025dd5a
f32c1cf7	0025dd8e
f32cacaa	0025ddb2
f32cf2eb	0025ddcc
f32e2d60	0025de3c
f32f774f	0025de74
f32feb97	0025deba
f331a40e	0025dee0
f333a92f	0025df5c
f3352ae3	0025df7a
f3363327	0025dfd4
f339341c	0025e046
f33986a4	0025e08e
f33d57d4	0025e0bc
f3400b11	0025e0d4
f341c185	0025e102
f3425d9e	0025e126
f342d2b3	0025e192
f3467db4	0025e1b2
f34806cb	0025e1f2
f349aed4	0025e230
f34af0c5	0025e25a
f34cd0a6	0025e2a8
f34de34f	0025e2d0
f352e154	0025e2fa
f3536479	0025e316
f3544e49	0025e34c
f35571de	0025e376
f359d1d7	0025e3c2
f35b9455	0025e3da
f35bbf2d	0025e3fe
f35c6ee8	0025e42a
f3618e33	0025e44a
f364ba2e	0025e46c
f364fea1	0025e4b6
f3657609	0025e4d8
f3699b08	0025e4fa
f36c9525	0025e51c
f36c9e21	0025e578
f36dca1b	0025e5c0
f36f0e60	0025e5f6
f36f5720	00182ace
f37338d2	0025e63e
f37742ef	001c503c
f377ad89	001c503c
f377b7c8	001c503c
f377bd2d	001c503c
f3785f32	0025e680
f37909f8	0025e6ce
f379c9ab	0025e73c
f379e0a7	0025e762
f37d8f8c	0025e796
f37edd4d	0025e7ee
f3828e16	0025e818
f3846bd7	0025e84c
f3862e5f	0025e870
f386358c	0025e870
f3865d00	0025e870
f3867271	0025e870
f3886e23	0025e884
f38cced3	0025e8a8
f38cdac1	0025e8ec
f3901fa5	0025e920
f3922b9e	0025e93c
f394475a	0025e956
f3949989	0025e9a2
f3959a57	0025e9b8
f396da8a	0025e9de
f396e9c3	0025ea0c
f39720af	0025ea60
f397e057	0025ea86
f3987531	0025ead0
f3992953	0025eb06
f39b81e2	0025eb30
f39c7b1a	0025eb4a
f39c9229	0025eb88
f39d5bee	0025ebe6
f39f1d95	0025ec36
f3a4e587	0025ec6a
f3a52cf3	0025ecce
f3a603a8	0025ed04
f3a7b386	0025ed60
f3a8a321	0025edcc
f3a94a4d	000c8f9e
f3a9f36f	000c8f74
f3af217d	0025ee58
f3b12dec	0025ee9a
f3b140bf	0025eecc
f3b1f7ee	0025eef0
f3b1f961	0025ef14
f3b380cc	0025ef36
f3b3fdad	0025ef6a
f3b5d2b6	0025efb8
f3b6c6cd	0025efde
f3b7e22a	0025eff6
f3ba3ef5	0025f018
f3ba5f2f	0025f03c
f3bab30a	0025f074
f3bc754f	0025f0a6
f3bf55aa	0025f0d2
f3c18a22	0025f124
f3c5ad79	0025f160
f3c600de	0025f184
f3c7c744	0025f1b6
f3c9ecf1	0025f1d6
f3ca909b	0025f20c
f3cb112a	0025f26c
f3cb593e	0025f2c2
f3d08cea	0025f306
f3d0bc6f	0025f328
f3d17e09	0025f35a
f3d45a8c	0025f378
f3d588b1	0025f39a
f3d58ae8	0025f3b2
f3d7fc21	0025f3dc
f3d910aa	0025f3f8
f3d92f78	0025f438
f3d951e1	0025f46c
f3da7ddf	0025f496
f3dacb6e	0025f4dc
f3dce8cf	0025f512
f3df1373	0025f558
f3dfadf1	0025f596
f3e2963d	0025f5c0
f3e2f3fc	0025f5e4
f3e5f4a9	0025f60c
f3e7617c	0025f674
f3e82a48	0025f6f2
f3e8d661	0025f710
f3ec8242	0025f73c
f3ef5bdc	0025f75c
f3efce96	0025f76a
f3f02183	0025f7ac
f3f25e43	0025f7fc
f3f3d405	0025f81a
f3f4e234	0025f864
f3f7be3a	0025f87e
f3f86287	0025f8a4
f3fa9fba	0025f8c6
f4028edb	0025f918
f404c6df	001f0db4
f409796d	0025f940
f4098951	0025f962
f40a099e	0025f9a4
f40a6ff7	0025f9ce
f40d36de	0025f9f8
f40f5c2a	0025fa2c
f40f5c52	0025fa76
f40f784f	0025faa8
f4109ade	0025faea
f4117daa	0025fb20
f4134391	0025fb54
f4171dec	0025fb92
f417fa4d	0025fbba
f41b1b93	0025fbea
f41dd1cd	0025fc2e
f41f64b2	0025fc78
f421fc2b	0025fca6
f4224a8e	0025fcce
f4233bc7	0025fcee
f4250372	0025fd0c
f4278ce9	0025fd32
f42f0328	0025fd64
f434301e	0025fd7c
f435cbf7	0025fda2
f43802b8	0025fdd8
f438faf7	0025fe02
f439dc41	0025fe5a
f43af128	0025fea6
f43ce384	0025fef0
f43e25c0	0025ff26
f43e76be	0025ff4e
f43f7d0c	0025ffde
f444b457	00260024
f447b770	00260046
f44a1f5a	00242576
f44b316f	00260078
f44b96b5	002600c6
f44c7289	002600f2
f44c9953	00260126
f44cb3f8	00260156
f44d88a9	00260170
f44d8c6a	0026018c
f44d9ae5	00260170
f44fbc1d	002601ae
f45347a4	002601d8
f453b8f7	00260226
f453c665	00260254
f45432df	00260274
f45827c6	002602b8
f45b014d	002602e6
f45fa60f	0026030a
f460a4ed	0026033c
f46242e7	00260364
f4628bca	00260392
f462f59d	002603bc
f464ef6e	002603e2
f46541bf	00260400
f4667d39	00260426
f469213f	0026045c
f469692b	0026048c
f46a4d16	002604c4
f46d24ab	002604fe
f46eef8e	00260534
f46f7dc8	00260554
f46fe84b	0026057e
f4760489	002605a2
f480083e	002605d4
f48192aa	002605f8
f481fa6b	00260634
f4846a44	00260662
f485c8dc	0026068a
f487c4ff	002606bc
f48b668c	00260714
f48c2da2	00260738
f48df64b	00260778
f48e0cf9	002607b0
f48eaebe	00260808
f490a4e4	0026082c
f492787b	0026084a
f4940934	0026087a
f494c80e	0026089e
f4983507	002608ec
f4a078ef	0026090e
f4a79fbb	00260968
f4a7c91e	002609e6
f4a9cd57	00260a1c
f4aa4f6e	00260a6a
f4ab2df2	00260a9c
f4ab4a9b	00260ab8
f4ac4238	00260af2
f4ac9c26	00260b20
f4ae5d1a	00260b46
f4b03337	00260b8e
f4b1f1d2	00260bea
f4b4b60d	00260c16
f4b5fd12	00260c3c
f4b71480	00260c66
f4b7d0a5	00260cb4
f4b80c7e	00260ce4
f4b825bb	00260d06
f4ba1442	00260d56
f4ba1c5d	00260d56
f4bb5ca3	00260d56
f4bc2662	00146bd4
f4bc58a6	00146bd4
f4bc5bf7	00146bd4
f4bc6396	00146bd4
f4bc66d7	00146bd4
f4bc6c48	00146bd4
f4bc7af4	00146bd4
f4bc7fcf	00146bd4
f4bc8024	00146bd4
f4bc8490	00146bd4
f4bc860e	00146bd4
f4bc90fa	00146bd4
f4bc9f45	00146bd4
f4bca08f	00146bd4
f4bca115	00146bd4
f4bca12c	00146bd4
f4bca210	00146bd4
f4bca27d	00146bd4
f4bca478	00146bd4
f4bca6b5	00146bd4
f4bcae4d	00146bd4
f4bcb6d4	00146bd4
f4bcb95a	00146bd4
f4bcbc5a	00146bd4
f4bcc536	00146bd4
f4bcc646	00146bd4
f4bcc7ca	00146bd4
f4bcc7ce	00146bd4
f4bcc7d2	00146bd4
f4bcca6a	00146bd4
f4bcd06e	00146bd4
f4bcd21e	00146bd4
f4bcdc10	00146bd4
f4bcdeb8	00146bd4
f4bcdf94	00146bd4
f4bcdfc7	00146bd4
f4bce2b3	00146bd4
f4bcf175	00146bd4
f4bcf4ac	00146bd4
f4bcf544	00146bd4
f4bcf86b	00146bd4
f4bcf9b7	00146bd4
f4bdab4c	00146bd4
f4c2b2bb	00260d6a
f4c41910	000ffa1a
f4c434c6	000ffa1a
f4c67e64	00260dc4
f4c8159a	00260e06
f4c89815	00260e28
f4c90764	00260e76
f4c955f4	00260e90
f4cc8e97	00260edc
f4cdc6ac	00260f0a
f4ce12e7	00260f28
f4ce4e66	00260f4a
f4d5a2c9	00260f82
f4d5e59b	00260fba
f4d66277	00260fdc
f4d825d5	00261008
f4d84688	0026102c
f4d907e2	0026107c
f4d9acfd	00261092
f4d9df06	002610ae
f4da3a43	002610e4
f4dd1533	0026111c
f4de09e3	0026114c
f4df4b73	002611b2
f4e0cc6b	002611dc
f4e31c03	00261220
f4e47291	0026125e
f4e4eb76	0026127c
f4ea38de	002612e8
f4eaed40	00261366
f4ec1d9e	00261392
f4edda0d	002613c2
f4eddfe0	002613ea
f4f05ce0	0026140c
f4f0d025	0026145c
f4f18253	00261482
f4f34024	002614b2
f4f6ceab	00261520
f4f961ce	00261566
f4f9ef13	00261584
f4fd6d72	002615c8
f4fd90cb	00261604
f4fffea3	00261622
f503b2d3	00261662
f506378a	002616be
f50682b3	002616e8
f507c9e2	00261732
f509fa65	0026177e
f50b27c0	00261790
f50b64a6	002617b4
f50c1704	00261806
f50c3ad0	00261852
f50d20db	00261876
f50e7243	002618c0
f50fc119	002618de
f514fb5b	00261906
f5168bb1	0026193a
f516ac32	00261976
f5172fe8	002619a6
f51776d5	002619b8
f518568d	002619f0
f519a35e	00261a4c
f519df7d	00261aa6
f51cee05	00261ad6
f51d2b4d	00261b00
f5253ba7	00261b52
f5271acd	000c6eb2
f527227d	000c6eb2
f5272327	00261b9e
f5273e03	000c6eb2
f527b306	00261bb0
f528c2d2	00261bc2
f52c7fd6	00261be8
f530ea1a	00261c4e
f5323caa	00261c78
f535384d	00261cb8
f5364aa5	00261cde
f536f6fc	00261d02
f537b49f	00261d54
f537fd6b	00261d9a
f5383ba9	00261dc4
f53abb13	00261dde
f53b614e	00261dfc
f53d00e9	00261e26
f53d26b9	00261e92
f53d3027	00261e26
f53dc2db	00261edc
f53ecdff	00261f18
f53eebdc	00261f5a
f53eedef	00261f80
f5414224	00261faa
f542f563	00261fc8
f543d971	00261fe6
f5483b9f	0026200c
f548653e	0026204e
f5493596	00262070
f549ad35	002620a6
f54fc6fe	002620f2
f5528272	00262110
f552ae5e	0026213c
f5539859	0026216c
f5545502	002621a8
f555bbdf	002621c2
f555bdb1	002621e4
f5572399	00262214
f557c338	00262266
f557f343	0026228a
f55a82c8	002622ac
f55aa6b1	002622dc
f55bb6d1	00262304
f55c5cfe	00262340
f55c7c48	00262376
f55cb357	002623b4
f55dfd55	002623de
f55e8fe9	00262406
f55f0e0d	00262448
f55f9feb	0026247a
f561126d	002624bc
f56334d0	002624e4
f563c123	00262528
f565d9d9	0026254e
f5691201	00262568
f56beac7	002625a2
f56d8535	002625dc
f56eb08e	0026260a
f574e9bb	0026263a
f57678d2	00262674
f5782cf8	002626a2
f578bb20	002626ca
f579f773	00262704
f57b6f4f	0026274a
f57c2d42	002627a8
f57cbdf6	002627be
f57f79cc	00262818
f581a137	0016bebc
f581a945	0016bebc
f581e685	0016bebc
f585fbfb	00262840
f587ff8e	0026286a
f589be1f	0012fabc
f58ba264	00182d4c
f58cd0b3	0026288e
f58d2b71	002628a8
f590ed8f	002628de
f5929f94	00262902
f5935564	0026291a
f5961874	00262950
f5972349	00262968
f5979008	0026299c
f597e504	00262a00
f5a02ed0	00262a3e
f5a06eba	00262a90
f5a247aa	00262abc
f5a4ca85	00262ae4
f5a6a2a6	00262b0e
f5a8298a	00262b2e
f5a95d86	00262b50
f5a9d085	00262b9e
f5ab16c4	00262bc8
f5acfa5b	00262bde
f5b1fc53	00262c18
f5b365eb	0005dba2
f5b4a64c	00262c46
f5b54d6d	00262c78
f5b864d7	00262ca6
f5b87cb6	00262ce2
f5b9f2fb	00262d2e
f5ba4683	00262d90
f5bb88bb	00262dca
f5bb93b2	00262de4
f5bbbed1	00262dfa
f5bbfca2	00262dfa
f5beabe9	00262e16
f5c2e6e8	00262e44
f5c2efdf	00262e5e
f5c38d69	00262eb0
f5c88864	00262ee8
f5c88b0f	00262f02
f5cc028b	00262f28
f5cc0fbb	00262f56
f5cc2da9	00262f80
f5ccb06e	00262f98
f5cd73f7	00262fe8
f5cecbc7	00263016
f5cf01a5	00263048
f5d36299	00263074
f5d3aa3a	002630b0
f5d44277	00263108
f5d4585c	0026312a
f5d5166e	00263168
f5d5c86c	0026318a
f5d745df	002631c6
f5d78a8c	0026321a
f5d8d751	00263238
f5db7fb8	00263258
f5de0328	0026326c
f5de062e	002632c6
f5de9ca5	00263316
f5deedf4	00263368
f5e11a06	002633be
f5e26ce4	002633ec
f5e3343f	00263434
f5e3c7f5	00263494
f5e9cc50	002634f2
f5ea0ef9	0026352e
f5eb4ae0	00263554
f5ec9284	0019953e
f5ed7b58	00263582
f5ef0d0d	002635ae
f5f04872	002635de
f5f04aa4	00263624
f5f0c796	00263670
f5f1b1ab	0026368e
f5f3e8f7	002636d0
f5f449c1	00263730
f5f460ee	0026375a
f5f66f44	002637b6
f5f6bf1f	0026382a
f5f6ef45	0026387c
f5f87b43	002638a8
f5f9195b	002638cc
f5fa21f7	002638fc
f5fb3177	00263926
f5fdbc0c	00263964
f6019285	00263982
f608b2f7	002639e0
f609fac5	002639f8
f60b063f	00263a24
f60dd5fd	00263a3a
f60e5795	00263a7a
f60f93cf	00263aaa
f6134922	00263ad6
f6145b2b	00263afa
f616a247	00263b4e
f61801b7	00263b84
f61810aa	00263bc8
f6184007	00263c12
f619f550	00263c46
f61b178b	00263c68
f61b26dd	00263c96
f61bd911	00263ce2
f61c128a	000991e0
f61c3d02	00263d08
f61e3c38	00263d20
f61e7378	00263d36
f620ede0	00263d52
f6235896	00263d86
f626bd3d	00263d9a
f627fb77	00263de2
f62ad8dc	00263e00
f62afd10	00263e46
f62baef8	00263e66
f62d6aee	00263e98
f62e9963	00263ec4
f6311ec1	00263f14
f631e9e7	00263f56
f63774de	00263fb2
f6379610	00263fcc
f637fb33	00263ff8
f6380522	00264018
f639bfc2	0026408a
f63cb15f	002640c0
f63d4e84	0026411e
f63f64b7	00264154
f63fa7f3	002641a4
f6404a9c	00264236
f640c74e	00264264
f6426f43	00264296
f642e3aa	002642e6
f642e7d8	0026430c
f6444221	00264324
f64585fe	00264354
f6472652	0026438a
f649ed70	002643b4
f64a12aa	002643e0
f64b1c17	00264408
f64c8c42	00264450
f64ce520	00264450
f6547e63	0026446c
f6551931	002644c2
f6552bb7	002644fa
f65535a5	002644fa
f6553db1	002644fa
f6553f29	002644fa
f65549fe	002644fa
f655600e	002644fa
f65569a5	002644fa
f65577c4	002644fa
f655e2a9	00264514
f655fc46	002644fa
f656790b	00264532
f658a02c	00264564
f659fa6a	0026458c
f65a5650	002645ba
f65e5266	002645d2
f665f263	0026460a
f66657ce	0026464c
f6677023	0026466a
f669fd3c	00264692
f66cbf53	002646e4
f6714e42	0008c08a
f671770a	0008c08a
f6717ff5	0008c08a
f671c8fa	00264724
f6722f52	00264762
f672554f	0026477e
f6742253	002647f6
f67544d5	00264840
f676e63f	00264876
f677db0e	002648c0
f67954ed	002648e6
f67a5c36	00264916
f67aedd9	00264938
f67beb94	0026498c
f67f067e	002649b6
f680bfa5	00264a52
f683cc60	00264a7a
f68409d3	000b4394
f68453df	000b4394
f6846488	000b4394
f6882534	00264ab8
f688f55e	00264ad6
f6895647	00264af2
f689c9c5	00264b0a
f68a80df	00264b2c
f68b876e	00264b6e
f68c152e	00264bae
f68d6ac4	00264bce
f68de23d	00264c0a
f68eaa38	00264c32
f68ef5aa	00264c62
f690a36a	00264c88
f690e506	00264cac
f690e914	00264cca
f693496a	00264cea
f69577e2	00264d14
f69b5b58	00264d32
f69b7406	00264d52
f69c109c	00264d86
f69eb917	00264db4
f69ef002	00264dec
f6a077c1	00264e24
f6a32a56	00264e6c
f6a3354f	00264e6c
f6a349c3	00264e9c
f6a6e014	00264ec8
f6a8e96b	00264f10
f6aa6400	00264f2c
f6ad84fd	00264f88
f6ae7957	00264fce
f6aea447	00264fea
f6afe45b	00265030
f6b3307b	00133188
f6b3c01e	00133188
f6b5f80f	0026505c
f6b6f3c2	002650a2
f6b6ff20	002650be
f6bb8a36	002650e8
f6bd08bd	00265118
f6bedd4b	00265148
f6bf3705	00265170
f6c22d36	002651a8
f6c306d7	002651c6
f6c39a94	002651f0
f6c4ce27	00265206
f6c7a31e	00265268
f6c889af	00265296
f6c8b66d	00265296
f6ca3121	002652b6
f6ce03ae	002652d8
f6ceb0e7	002652f2
f6cfe021	00265346
f6d286f2	002653a0
f6d3dfb3	002653d0
f6dad787	0026541c
f6db4864	00265448
f6db80af	00265464
f6dc8125	0026547c
f6dc9efd	00265494
f6dca9ef	002654ba
f6df86cb	002654ec
f6e07e28	00265532
f6e0a83f	00265550
f6e0af52	00265568
f6e1d273	00265590
f6e40db7	002655c6
f6e7640e	00265602
f6e8e8ee	00265626
f6e91102	00265650
f6e97de1	00265670
f6ea88c3	0026569a
f6ebc4a3	002656ca
f6ec4c6a	002656f2
f6ee5be4	0026573c
f6ef1413	00265756
f6ef43b1	00265780
f6f1630c	002657a8
f6f2b0cf	002657d2
f6f581e5	0026582e
f6f6caf8	00265852
f6f886e3	002658a6
f6f8c18b	002658a6
f6fb3478	002658b8
f6fb45ba	002658f6
f6fba308	0026593a
f6fd3dd7	00265996
f6fe9702	002659e2
f70057ab	00265a0c
f701b866	00265a6e
f7025276	00265aa2
f702b13e	00265ac4
f7050290	00265b24
f706e542	00265b64
f70793f1	00265ba0
f70e482f	00265bb6
f70f263a	00265be6
f70f2cdc	00265c02
f70f9233	00265c26
f71063c7	00265c4a
f71256ee	00265c86
f712fa62	00265cd0
f7146db2	00265d0a
f7181fba	00265d50
f71cd99b	00265d7e
f71e7dc3	00265d9e
f71ea82d	00265dc2
f71fd30d	00265dfc
f7249f01	00265e36
f7273db7	00265e6c
f727edc3	00265e94
f729b760	00265ed8
f72cc1bb	00265f04
f72d9f5c	00265f28
f72db0c3	00265f48
f72dc22f	00265faa
f72dc3e1	00265fc6
f7309fde	00265fde
f7330629	00266030
f7332110	00266064
f733645e	00266086
f7336a32	00111e5e
f73391fc	00266098
f7350bc0	002660ba
f735aa7e	002660ee
f735c96e	0026610a
f735ea03	0026612e
f736a5fd	00266172
f736e98d	002661a0
f737e867	002661e4
f738bf7b	00266214
f73a3b26	0026627e
f73a569a	002662ba
f73ac027	002662ee
f73af1d9	00266308
f73b470b	00266324
f73b5785	00266352
f73ca6d6	00266362
f73e61c1	002663a0
f73fec6f	002663da
f74037ea	0026640c
f74153fd	00266434
f744fce5	0026646c
f749c430	002664b4
f74adc23	002664d2
f74ce267	0026650a
f7514eb4	0026652a
f75752a2	0026655c
f7589d9a	0026657e
f758e843	002665ae
f75bdb7c	002665ce
f75e09c4	002665e6
f75e30de	00266600
f7604580	0026663a
f7629be8	0026667e
f764038f	002666a4
f764b661	002666cc
f764c172	002666e8
f76539b9	00266708
f7668d34	0026672e
f766a05c	0026672e
f766aaa9	0026675c
f766fad9	00266788
f7687db3	002667b6
f76b2979	002667ee
f76b7fae	00266810
f76ba793	00266844
f76c6fdc	00266872
f76c92df	002668da
f76cfaf4	002668f6
f76ef527	00266920
f76fc91a	00266938
f771386d	00266960
f773d05d	00266996
f7755621	00194044
f77567a6	002669f6
f7757f83	00266a44
f77608de	00266a78
f77701d9	00266a90
f7780fb8	00266ad6
f7792a7b	00266b10
f77c7fa0	00266b58
f77d5867	00266b84
f7825e30	00266bd4
f783aa18	00266bfa
f78629ed	00266c4e
f78b8666	00266c84
f78b9163	00266cc2
f78d3d74	00266ce8
f78dc3be	00266d22
f79214dc	00266d44
f7924e94	00266d44
f7926164	00266d44
f793543e	00266d5c
f79697af	00266dba
f796be01	0008a7a2
f7973f94	00266e10
f7991588	00266e36
f79ad366	00266e62
f79ae3a0	00266e62
f79bb239	00266eae
f79d3e17	00266f16
f79e6ca8	00266f36
f7a038ff	00266f7a
f7a081ba	00266ff0
f7a0b4e7	00267008
f7a17cee	0026702a
f7a19304	0026706c
f7a45b68	00267082
f7a4696b	002670a4
f7a4a104	002670ee
f7a51fa3	00267114
f7aaafdb	00267164
f7ad143d	00267188
f7ad1754	0026719c
f7ae2d34	002671c6
f7b05580	002671fa
f7b086d8	00267226
f7b1a3e8	0026726a
f7b33f37	002672b8
f7b38c86	002672f8
f7b3d67d	000b42ea
f7b3f6ef	000b42ea
f7b612c5	00267314
f7b699d2	0026735e
f7b8183d	002673aa
f7b9917e	002673d2
f7bab9bb	0026740e
f7bc2509	0026744e
f7bd4bf9	00267474
f7be1471	002674a4
f7be8463	00267522
f7bf6902	00267550
f7bf8141	0026757c
f7c185ac	002675ac
f7c53448	002675f6
f7c5900c	0026760c
f7c605f2	00267638
f7c6c458	00267664
f7c86535	00267686
f7c86ee7	0026769a
f7ca02e8	002676b0
f7ca23c8	0026771a
f7cae4d6	00267780
f7cb09f7	002677c6
f7cb32b9	002677e4
f7cc10ff	00267806
f7ccdcc7	00267866
f7cd7404	002678a4
f7d15adb	002678c6
f7d2f088	002678fc
f7d4239b	00267944
f7d4a893	0026797a
f7d547ab	002679a6
f7d5ead1	002679c0
f7d606d4	002679e0
f7d648c6	00267a18
f7d889f9	00267a3c
f7d8e151	00267a56
f7dd6f9e	00267a8a
f7de6bf8	00267aec
f7dfe719	00267b0e
f7e063ce	00267b34
f7e2cc6b	00267b76
f7e3c625	00267b92
f7e3d041	00267bda
f7e437fb	00267bf4
f7ea6bcd	00267c30
f7ea7004	00267c58
f7ea7668	00267c30
f7ec3d95	00267c86
f7ec7e95	00267ce6
f7ed8bea	00267d0e
f7ee2736	00267d4e
f7f0bb72	00267d74
f7f2690a	00267da4
f7f2a749	00267dc2
f7f3c9d2	00267e10
f7f3e962	00267ea0
f7fa87d5	00267ec0
f7fb7e53	00267ee6
f7fc0975	00267ef8
f7fe7d07	00267f4e
f800d765	00267f86
f8020f04	00267fae
f805e8c5	001b7578
f807ac4a	00267fdc
f80d9b2b	0026800e
f812fe6e	00268066
f8155be1	002680aa
f816dc60	002680d4
f81755bd	002680f2
f818a5ef	00268148
f81929a2	0026818a
f81964fd	002681c6
f819ecf1	002681de
f81d127c	00268248
f81dbb83	002682a4
f81e2ef0	002682c6
f81fcb88	00268300
f8217bc6	00268352
f8217fd1	00268374
f8230267	002683a4
f8232aec	002683c2
f8238d12	002683e0
f82576cb	002683fe
f82a82fe	00268434
f82b60f8	0026844a
f82cee7e	002684ac
f831baab	00268502
f834add0	0026851a
f835c494	00268580
f838f2bc	002685ac
f83903e9	002685d4
f83a3f11	00268614
f83bacbd	00268650
f83e1b8e	00268696
f841125a	002686bc
f842fae6	002686e8
f843ee84	00268704
f846b90e	00268770
f84872af	00268792
f8491ab5	002687ae
f84a0818	00268804
f84b0a5d	00268838
f84c7d0d	00268880
f84ebf7c	002688ac
f84ec98e	002688d6
f84f05bb	002688f8
f851ef4a	00268938
f85242a3	00268966
f852d1ae	002689c0
f85386d1	002689f6
f8551b88	00268a06
f8563712	00268a28
f8565861	00268a54
f859bfaa	00268a8c
f85bc1ca	00268aec
f85d0f95	00268b46
f85de007	00268b78
f85e7b6a	00268b98
f85e91ce	00268bba
f85ef97f	00268c06
f85f7821	00268c5e
f8608aff	00268c90
f861e077	00268ce6
f862daee	00268d12
f863d010	00268d7c
f8642876	00268dda
f86614bc	00268e1e
f867822b	00268e48
f8693026	00211f32
f86cae67	00268e6c
f86dc26a	00268ea2
f86dc3e4	00268ea2
f86dcb34	00268ea2
f86dd2b5	00268ea2
f875b7b9	00268eb8
f877f1b8	00268ee4
f878dddb	00268f04
f87a0397	00268f22
f87a6203	00268f6a
f87b06cc	00268f88
f87c365a	00268fb6
f87cc33c	00268fd6
f87d00df	00269008
f87dc42f	0026904a
f87ffdc7	00269092
f880ba63	002690d4
f8810c7f	0026911a
f88343e1	00269136
f88436f8	0026914e
f887036d	0026919e
f8882fb2	002691b6
f888676e	002691e4
f8896804	00269202
f88a1604	00269224
f88a45e6	00269264
f88d6ad7	00269282
f88f6aae	002692a6
f88fba82	002692c8
f8917a1c	002692ee
f89286ab	0026930e
f892bdc8	0026931e
f892dc7d	00269376
f8934182	002693e2
f8946510	002693fe
f8960b97	00269428
f896e7b4	00269456
f897db50	00269486
f899e129	002694ac
f899f394	002694d6
f89a29e8	002694f6
f89bf147	00269518
f89cf962	00269580
f8a00a6a	002695b0
f8a3aa3c	002695da
f8a4d338	00269628
f8a6ba65	00269696
f8a7e791	002696cc
f8a80dfb	0026972a
f8ab9a81	0026973e
f8abc167	00269762
f8ac3db6	00269792
f8ad8308	002697b8
f8ae3af3	00269802
f8b0a22f	00269836
f8b14211	0026986a
f8b1617a	002698d0
f8b170a5	002698f2
f8b3123b	0026991c
f8b3ca1d	00269934
f8b62287	00269970
f8b67b5b	00269996
f8b6a75f	002699cc
f8b7a722	002699fe
f8b83bea	00269a26
f8b94b71	00269a50
f8b9b4db	00269a6e
f8b9b63a	00269aa2
f8b9b750	00269ade
f8ba18c1	00269b32
f8ba91b0	00269b6a
f8bd483f	00269bac
f8be5f14	00269bf2
f8c0cb6e	00269c1c
f8c1c12b	00269c52
f8c22fa4	00269c6a
f8c3c882	00269ca2
f8c59247	00269cc4
f8c5dbe8	00269cfc
f8c63165	00269d40
f8c66d6a	00269d70
f8c6dd88	00269d9c
f8cacc23	00269dc2
f8caf4f6	00269dfc
f8cd2619	00269e6e
f8ce929b	00269eae
f8d00147	00269ec4
f8d01ac6	00269edc
f8d023c2	00269ef6
f8d0d8b2	00269f2c
f8d27d1f	00269f70
f8d3ddaf	00269f9e
f8d55cff	00269fd6
f8d5da3c	0026a01a
f8d82d62	0026a054
f8d89cfe	0026a09c
f8dac8a4	0026a0b6
f8daf95d	0026a0d0
f8db963a	0026a10a
f8dbb7b3	0026a12e
f8dd47ab	0026a16c
f8e20975	0026a19e
f8e20bac	0026a19e
f8e25946	0026a1ca
f8e2a655	0026a20c
f8e333fa	0026a244
f8e33a82	0026a26e
f8e5362e	0026a2a0
f8e80168	0026a2ca
f8e9c930	0026a304
f8ea7412	0026a32c
f8eac27e	0026a364
f8eb71c4	0026a3ae
f8eb8486	0026a3d2
f8ecc463	0026a422
f8ed74be	0026a43e
f8ef4927	0026a47c
f8f4496d	0026a4a6
f8f45e55	0026a502
f8f61a22	0026a524
f8f8d509	0026a55a
f8facb8e	0026a580
f8fb5188	0026a5b8
f8fd19ba	0026a5dc
f8fef263	0026a61c
f8ffc08b	0026a664
f8ffcd33	0026a68a
f8ffdf30	0026a6d0
f90182de	0026a716
f90242fc	0026a734
f90332c8	0026a78a
f9035f8e	0026a7b2
f903f624	0026a7ce
f904927d	0026a808
f90658a8	0026a842
f90bb583	0026a874
f90cf1d8	000cde84
f90e5996	0026a8c0
f90ec62b	0026a928
f9105cbc	0026a95c
f9115b25	0026a994
f911b570	0026a9ba
f911fe46	0026a9f8
f9133feb	0026aa30
f913a1b8	0026aa70
f915a8e1	0026aacc
f916cea5	0026ab0e
f917317f	0026ab8a
f9197fc8	0026abb0
f91a3feb	0026abea
f91e4194	0026ac28
f91f19c4	0026ac50
f921e84f	0026ac7a
f922a2fc	0026ac90
f9241dfe	0026ad08
f9241ed6	0026ad08
f926661e	0026ad66
f926b415	0026adc6
f928260b	0026adf2
f92ada13	0026ae18
f92aeff1	0026ae36
f92cdad8	0026ae68
f9319d12	0026aeac
f931ea3d	0026aede
f9321d33	0026af2a
f9322475	0026af7a
f932a92c	0026af90
f934aed0	0026afc2
f9355437	0026affa
f935ac96	0026b038
f93cf01d	0026b072
f94006fe	0026b0a0
f9452aed	0026b0ba
f94759c6	0026b0e4
f9482dc1	0026b100
f94a4b73	0026b118
f94dc79d	0026b17c
f94fa935	0026b1ce
f951fb80	0026b21e
f9521044	0026b23e
f9526ab6	0026b258
f9545e34	0026b284
f9587fd4	0026b2bc
f95a14c6	0026b2d6
f95b5efe	0026b316
f95b9840	0026b386
f95b9f5f	0026b3c0
f95c8812	0026b3fc
f95ef46f	0026b454
f95f282e	0026b46c
f95fd35f	0026b494
f95fdc0a	0026b4bc
f95fe189	0026b4f4
f95fe6e6	0026b546
f96379a6	0026b56e
f963b57c	0026b5b4
f96bd104	0026b5d4
f96dbadb	0026b646
f96e4698	0026b658
f96f9884	0026b6b6
f971cf3b	0026b6f4
f97201e2	0026b70c
f9736163	0026b71e
f974289c	0026b75a
f97759c8	0026b79a
f979ccdb	0026b7e4
f97ba1c6	0026b80e
f97c5e16	0026b83a
f97ff2bd	0026b882
f9816814	0026b8c2
f984983c	0026b91c
f984ce87	0026b970
f9856491	0026b9c8
f986338f	0026ba00
f98766e7	0026ba4e
f988e8c2	0026ba82
f98ec33e	0026baa6
f98f797f	0026bada
f98fc9df	0026bb08
f98fed5a	0026bb48
f98fedc6	0026bb5e
f9917496	0026bb7a
f994bd1f	0026bbac
f99500b6	0026bbd2
f9964edd	0026bc0a
f996ac73	0026bc1c
f998300e	0026bc42
f998a4c7	0026bc66
f99aee61	0026bc86
f99bc376	0026bcba
f99da9a9	0026bce6
f99faf29	0026bd24
f99fd887	0026bd24
f9a1cdc0	0026bd36
f9a2d965	0026bd5c
f9a459db	0026bd84
f9a58f25	0026bdca
f9a5faa8	0026bdea
f9a90af7	0026be02
f9ac3f45	0026be3c
f9ad38e7	0026be7a
f9ad7802	0026be7a
f9aeb66a	0026be98
f9b1866d	0026bec6
f9b1a75a	0026beec
f9b1b62f	0026bec6
f9b2be1c	0026bf08
f9bb8721	0026bf34
f9be16fb	0026bf9c
f9bec4b1	0026bfc2
f9c4c3a3	0026bfe0
f9c7c3df	0026bff8
f9ca43cd	0026c01e
f9cbbbef	0022013e
f9cd2390	0026c042
f9cd645e	0026c042
f9cd9e6e	0026c086
f9d1709b	0026c0a6
f9d4692c	0026c0e0
f9d4a32c	0026c118
f9d6897e	0026c158
f9d6e658	0026c172
f9d7686c	0026c1c4
f9d7c70a	0026c1e6
f9d90c72	0026c212
f9d9815e	0026c250
f9d9bf10	0026c262
f9dc9b7e	0026c2b0
f9dea7c0	0026c2ce
f9e327c3	0026c2f4
f9e59357	0026c310
f9e7ad28	001ac664
f9e7aff3	001ac664
f9e7b3ed	0026c35c
f9e7b808	001ac664
f9ea1344	0026c378
f9ee55d3	0026c38e
f9ee9dfe	0026c3b0
f9eea7f2	0026c41c
f9f05ef4	0026c46c
f9f229d9	0026c4c6
f9f2d178	0026c4e6
f9f3366c	0026c51e
f9f3515d	0026c5a4
f9f3b9f4	0026c5da
f9f4b9be	0026c604
f9f5793e	0026c61e
f9f64727	0026c66a
f9f6d991	0026c69a
f9f71cc2	0026c6ca
f9f9ddeb	0026c708
f9fa6beb	0026c71e
f9fb4ac7	0026c778
f9fbcb5e	0026c79c
fa020581	0026c7be
fa05d40f	0026c7e2
fa062288	0026c848
fa070c64	0026c87a
fa07a9df	0026c89a
fa082650	0026c908
fa085ef2	0026c936
fa09a508	0026c96e
fa0b4c89	0026c982
fa0dd669	0026c9b0
fa0e503f	0026c9f2
fa119fb0	0026ca22
fa12a667	0026ca4c
fa130483	0026ca94
fa13ea29	0026cac8
fa143b79	0026caf2
fa147444	0026cb3c
fa149766	0026cb7e
fa14ae28	0026cbae
fa1532fc	0026cbe2
fa15b4c2	0026cc0c
fa1617b8	0026cc38
fa1b77f8	0026cc4c
fa1d2104	0026cc72
fa1d4a6c	0026ccac
fa1f3c93	0026cccc
fa1fd864	0026ccf8
fa229db4	0026cd58
fa230dea	0026cda2
fa231940	0026cdd0
fa244ce2	00168ef4
fa248e68	0026ce12
fa250341	00168ef4
fa2645e8	0026ce28
fa2d58c6	0026ce90
fa2de283	0026ceae
fa2e0cbe	0026cefc
fa300d9c	0026cf16
fa329231	0026cf64
fa3315c0	0026cf7a
fa3362f1	0026cfd2
fa346dd7	0026cff4
fa3475d2	0026d016
fa36578d	0026d05a
fa36ea91	0026d06e
fa3850e3	0026d0a8
fa3c9abb	0026d0d2
fa3cf472	0026d10e
fa3d6ae5	0026d156
fa3f9ee9	0026d174
fa4199e7	0026d1ae
fa41e311	0026d1ce
fa436003	0026d202
fa43bc72	0026d21c
fa4a1575	0026d23c
fa4eecc7	0026d294
fa4f846b	0026d2aa
fa4fb217	0026d2d2
fa51e24a	0026d32c
fa52bc7d	0026d354
fa535d64	0026d37a
fa5396b0	0026d3ac
fa53978f	0026d3e8
fa5432be	0026d406
fa545e65	0026d424
fa58208d	0026d442
fa591334	0026d488
fa5b372e	0026d4e2
fa5debfd	0026d4f8
fa6123c7	0026d51e
fa6151f3	0026d54a
fa624f59	0026d596
fa62da19	0026d5ac
fa65bf4f	0026d5e6
fa68e93b	0026d608
fa6ac4fa	0026d646
fa6bcd23	0026d670
fa6c1365	0026d694
fa6cf798	0026d6c6
fa706923	0026d6ec
fa70cfcd	0026d72c
fa731b0b	0026d74a
fa7440b6	0026d788
fa7699e9	0026d7ac
fa76cd91	0026d844
fa782826	0026d884
fa79bb79	0026d8ae
fa79c13e	0026d8ee
fa7cacc4	0026d90e
fa7d2729	0026d954
fa7edab4	0026d96e
fa7f20a9	0026d998
fa832a11	000cb010
fa83e919	0026d9b4
fa844b35	0026d9e4
fa8496c4	0026da04
fa84a1d5	0026da2c
fa85ae31	0026da72
fa87f26f	0026da9c
fa8cc1ae	0026dad4
fa8daffc	0026daee
fa8f2831	0026db14
fa8fd403	0026db52
fa921fe7	0026db8e
fa922667	0026dbe6
fa949492	0026dc18
fa95ef04	0026dc3e
fa981a59	0026dc68
fa99be30	0026dc94
fa9a5a32	0026dcbe
fa9a7c95	0026dd00
fa9dd431	0026dd24
fa9f6cbb	0026dd62
fa9fca17	0026ddb8
fa9ff963	0026de04
faa23ee7	0026de52
faa2ad58	0026de98
faa344cd	0026dec6
faa3d236	0026dee8
faa518b4	0026df58
faa5b45a	0026df74
faa67c55	0026df92
faa8a81d	0026dfba
faa97d08	0026e022
faaa754e	0026e048
faaaa65d	0026e08a
faac6e7e	0026e0ca
faaf828e	0026e10e
faafe870	0026e144
fab09465	0026e15a
fab146b4	0026e17c
fab18183	0026e1c2
fab52153	0026e1f4
fab664cd	0026e240
fab7a7e0	0026e274
fab7ba40	0026e296
fab7c620	0026e2ae
fabaeff4	0026e2e2
fabb565b	0026e316
fabb7308	0026e350
fabb9fb6	0026e372
fac01825	0026e3c2
fac144a4	0026e402
fac2b4e6	0026e446
fac3d8c1	0026e462
fac473a8	0026e4b4
fac52a55	0026e4e8
fac58148	0026e546
fac657c2	0026e57e
fac9466e	0026e58a
fac9c720	0026e5da
facb8fd3	0026e604
facbe700	0026e604
fad1305b	0026e63c
fad157cf	0026e65a
fad16c43	0026e682
fad243f8	0026e6a0
fad39f6f	0026e6ee
fad615e4	0026e742
fad65080	0026e76c
fad65893	0026e7f4
fad70347	0026e840
fad86c3f	0026e888
fad95d5a	0026e8ba
fadd0b87	0026e8f6
fadd256d	0026e976
fadf1b02	0026e99a
fadf4096	0026e9c2
fae07b43	0026e9f8
fae15936	0026ea16
fae15ace	0026ea30
fae2688b	0026eab4
fae4f049	0026eafc
fae88fff	0026eb36
faea115c	0026eb52
faf39e0b	0026eb74
faf436ed	0026eb96
faf48605	0026ebd0
faf49e47	0026ebf4
faf56a0b	0026ec40
faf5bf35	0026ec70
faf66935	0026ecb6
faf69647	0026ecca
faf7e3cf	0026ecec
fafa3010	0026ed12
fafb1a69	0026ed40
fafb21e9	0026ed5e
fafb4d7c	0026edae
fafe9d9a	0008cbbe
fafea45c	0008cbbe
fafed33f	0008cbbe
fb00e976	0026edde
fb0247d9	0026edfa
fb049fc9	0026ee70
fb058d13	0026ee8a
fb0591b3	001f0db4
fb05dbce	0026eed6
fb075ac7	0026ef24
fb07b09b	0026ef3e
fb088c04	0026ef64
fb08a133	0026ef9a
fb100919	0026efb4
fb11821e	0026efde
fb14f12c	0026f04a
fb1585a8	0026f08e
fb15b36b	0026f0c4
fb15f804	0026f0f0
fb17017f	0026f148
fb17e2ab	0026f168
fb182a47	0026f192
fb1882a4	0026f1be
fb1ab1fe	0026f214
fb1c0029	000dd58e
fb1c63df	0026f24e
fb1cf26f	0026f284
fb1d6330	0026f2a6
fb1dd16b	0026f2d2
fb216ad1	0026f30e
fb21bec2	0026f354
fb21fce2	0026f392
fb224913	0026f3ce
fb24d8e6	0026f402
fb26c18d	0026f422
fb292aae	0026f446
fb2986da	0026f482
fb29fe43	0026f4c2
fb2b6c03	0026f4de
fb2f5dc0	0026f50a
fb2fc50a	0026f552
fb31be2c	0026f570
fb3677ae	0026f5a8
fb36c334	0026f5da
fb38000f	0026f638
fb382dc5	0026f678
fb3a4c80	0026f694
fb3b18c2	0026f6d0
fb3b32e6	00149a86
fb3b4fa6	0026f6e4
fb3b700b	0026f6e4
fb3b8764	0026f6f8
fb3eee98	0026f746
fb4000e4	0026f792
fb40c07b	0026f7bc
fb40e22a	0026f81a
fb435649	0026f844
fb46318f	0026f876
fb466377	0026f8b0
fb467e56	0026f8c6
fb473f1a	0026f8e0
fb47a7ea	0026f90c
fb49be69	0026f92c
fb4a6073	0026f960
fb4c8efd	0026f9a8
fb4d5b96	0026fa14
fb4e5a87	0026fa36
fb4eca3e	0026fa54
fb4f1472	0026fa6c
fb50834e	0026faae
fb508d0f	0026fae8
fb5133c9	0026fb0e
fb53218f	0026fb2a
fb556b2c	0026fb40
fb5574a1	0026fb7c
fb57e776	0026fbd4
fb5a8f4d	0026fbfe
fb5c3bb7	0026fc20
fb5c5031	0026fc8c
fb600ffa	0026fcbe
fb607245	0026fcfa
fb64a019	0026fd4a
fb64d0db	0026fd68
fb67df50	0026fd7e
fb68cdd7	0026fda4
fb69b945	0026fdf6
fb6f8e15	0026fe34
fb6fa087	0026fe34
fb7247a4	0026fea2
fb74f850	0026fedc
fb7688c9	0026ff36
fb77867e	0026ff64
fb778a24	0026ff9a
fb781a71	0026ffee
fb81dbe8	00270018
fb829a5c	0027004c
fb82a977	0027007e
fb8500ba	002700aa
fb862083	002700d8
fb86b1aa	0027010c
fb88ac8a	00270136
fb896dc0	00270154
fb8af0ad	0027016e
fb90d080	002701a4
fb91e90b	002701d6
fb922313	00270214
fb932d0f	00270238
fb944655	0027027e
fb9901b9	002702f8
fba1e35f	0027031a
fba64f7c	00270352
fba6d9d1	0027037c
fba75962	002703d0
fba76b12	00270426
fba7ecb6	00270452
fba835ed	00270484
fbab524f	002704ac
fbadc19f	002704e2
fbaed75c	0027051e
fbaf3c7e	00270548
fbb133c2	00270580
fbb2fdf5	002705ba
fbb3a059	002705de
fbb59328	00270602
fbb5998d	00270638
fbb70c1b	002706ac
fbb75715	002706cc
fbb7fb15	00270728
fbb89724	00270772
fbbe55a7	002707a6
fbbf744e	002707ca
fbc1db85	00270820
fbc29f19	00270852
fbc4a808	00270876
fbc58d27	002708b2
fbc6b8f2	002708ea
fbc6fabf	0027094e
fbc89a40	002709ae
fbc8fa00	002709dc
fbca8edc	00270a36
fbcb0410	00270a70
fbcf94be	00270aae
fbcff0f3	00270afa
fbd0996d	00270b20
fbd2984d	00270b6c
fbd64132	00270bb4
fbd999d6	00270be2
fbdc3a5f	00270c22
fbde5a73	00270c3c
fbe12d38	00270c84
fbe4b90a	00270cba
fbe53e5c	00270d06
fbe710b9	00270d5e
fbe8c04f	00270d7e
fbe92ed5	00270df6
fbe9cb09	00270e50
fbeb702a	00270e6e
fbeb9d9a	00270e8e
fbeed229	00270ede
fbef0fe2	00270f04
fbf14a51	00270f52
fbf17508	00270f7e
fbf2f4e6	00270f9a
fbf3bbb1	00270fd2
fbf3d61d	00271006
fbf5dfc2	00271018
fbf81c45	0027103e
fbf84156	00271072
fbf8c4a0	002710a0
fbf8f183	002710dc
fbf90405	002710f2
fbfa892a	00271134
fbfbc36a	000974a6
fbfd09aa	0027117c
fbfd9641	002711ac
fc002d3e	002711fe
fc0123cc	00271220
fc0182aa	0027128e
fc022166	002712c2
fc03344f	002712f6
fc0591de	0027131c
fc07bb29	00271364
fc084521	0027138c
fc0b2925	002713da
fc0b6aed	00271404
fc0bae42	00271458
fc0eca8c	00271480
fc11f4cb	002714b6
fc11fa37	0027151c
fc1329e8	00271546
fc178d04	001a2232
fc17ca80	001a2232
fc1a8a91	0027157e
fc1d510e	002715a6
fc1eb572	002715ec
fc20fd2d	0027167c
fc2247e0	00271696
fc23258f	002716fc
fc23a581	0027172c
fc244733	00271758
fc27f61f	0027178c
fc28a2ae	002717d6
fc28a92e	002717f4
fc2ac56b	0027182c
fc2bd887	00271846
fc2dbd04	00271870
fc2e22f7	00271894
fc2ed955	002718d4
fc2f8681	002718f8
fc30a389	00271946
fc31a9ed	0027197c
fc3a286d	002719ea
fc3bd198	00271a6a
fc3cd3fb	00271a90
fc3e862e	00271aaa
fc3f59da	00271b02
fc3fa075	00271b24
fc40c46c	00271b48
fc42076d	00271b7c
fc42c2d0	00271b92
fc431d8a	00271baa
fc4522ce	00271bbe
fc469393	00271be0
fc47e47b	00271c4e
fc48523e	00271c80
fc49cd16	00271cc2
fc4ae71d	00271d26
fc4b32d7	00271d50
fc4d8e44	00271d7c
fc4e30b2	00271da2
fc50022e	00271dc8
fc512265	00271e02
fc56d1d4	00271e56
fc591ff8	00271e8c
fc59ec71	00271eba
fc5a5d0b	00271ed2
fc5a6286	00271ef2
fc5ba4ba	00271f40
fc5caede	00271f5a
fc5d6c45	00271f72
fc5e1547	00271f8c
fc5e6ba5	00271fb0
fc5fa0c4	00271fda
fc60ea75	00272030
fc60fd25	00272048
fc622a63	00272074
fc644fd5	002720aa
fc65dc13	002720ec
fc661986	00272126
fc68cb6d	0027215c
fc68d7ad	00272194
fc696831	002721b4
fc6cd828	0021c298
fc6ce0a5	0021c298
fc6ded79	002721fc
fc712c06	0027224a
fc734eaa	00272284
fc783c28	002722a4
fc7866c6	002722d0
fc7a72f3	00272310
fc7a9ea3	0027234a
fc7ade82	00272370
fc7c29ee	0027239c
fc7c5aa8	002723c6
fc7dc204	002723f2
fc7df521	0027242c
fc81a905	0027246c
fc81ff38	002724a2
fc82e201	002724cc
fc85ec48	002724f4
fc89abde	00272554
fc8b821b	002725ae
fc8b8b71	002725f0
fc8df056	00272610
fc8e6c8b	0027262e
fc8f2398	00135818
fc8f42c3	00135818
fc8f480e	00135818
fc8f9c7c	00135818
fc8fcbae	00135818
fc8feb5f	00135818
fc9780d2	00272668
fc9789fc	002726cc
fc980de2	002726ee
fc9a0508	00272704
fc9d8854	00272724
fca41a19	00272740
fca5b405	0027277e
fca70add	002727a2
fca726ab	00272810
fca90e8e	00272864
fcab03d5	00272894
fcac2585	002728c4
fcaf6661	002728f6
fcb3a438	00272934
fcb62528	00272960
fcb92112	00272978
fcbe389d	002729a0
fcc23e27	00272a1c
fcc409af	00272a66
fcc468d0	00272aa8
fcc49882	00272af4
fcc61ce9	00272b44
fcc7dca9	00272b6e
fcc99cca	00272b94
fccaddbd	00272bae
fccc3048	00272be8
fccc32a9	00272c3e
fcccca14	00272c8c
fcce07a4	00272cce
fcce26f7	00272cee
fcce810c	00272d24
fcce96fb	00272d5e
fccf15dc	00272d78
fccf2fc8	00272dbe
fccfedee	00272dde
fcd327fb	00272e12
fcd36f27	00272e46
fcd39cad	00272e6a
fcd4d160	00272e8a
fcd5a746	00272ebc
fcd76032	00272efe
fcd7eec2	000dbe22
fcd84e1b	00272f3e
fcd92aea	00272f7c
fcdc180f	00272fc0
fcdc27c6	0027302c
fcddb91d	00273082
fce13ca2	00273106
fce17a8b	0027312e
fce4bc41	00273158
fce5b1a0	00273192
fce636b8	002731c2
fce78291	002731ee
fce79235	0027321a
fce8c40a	00273278
fce8eeae	002732a8
fce904eb	002732de
fcea86f1	00273300
fceb8ecd	00273314
fcedb6de	00273352
fcefd36c	00273374
fcf11b81	002733b6
fcf1808a	002733e4
fcf24ea6	00273406
fcf4d5e3	0027343c
fcf5b04c	002734b8
fcf5b9e2	002734fe
fcf61707	00273522
fcf6c04c	00273542
fcf7efa7	0027358c
fcf8474e	002735b8
fcfb0797	002735da
fcfc1743	0027361a
fcfd5513	00273666
fcfdf2ae	002736b0
fcfecd44	002736dc
fd031ecc	0027370e
fd03a5c6	0027370e
fd03dbe6	00273726
fd0612bc	0027375e
fd067a97	002737a2
fd07f749	002737ce
fd090d18	002737fa
fd0de5f6	00273810
fd1000b3	0027384a
fd158d87	00273876
fd169f45	002738ce
fd1724f0	002738fc
fd18cbe7	00273920
fd19f4cf	00273942
fd1acea5	00273974
fd1be3ff	002739a2
fd1c7c6a	002739c6
fd1de7db	00273a02
fd21f4bd	00273a42
fd28fe9f	00273a62
fd290b7c	000603f0
fd2a6333	00273a7a
fd2b299d	00273ab2
fd2c870b	00273ad4
fd2d0d9d	00273b1e
fd2e7937	00273b42
fd2eca3e	00273b7c
fd2f6f25	00273be6
fd32b73f	00273c32
fd394b7e	00273c5c
fd39d711	00273c9c
fd3c009a	00273cde
fd3c5942	00273d12
fd41180a	00273d42
fd411bac	00273d5c
fd41b7e1	00273d96
fd42918b	00273e00
fd464922	00273e1c
fd46ece1	00273e4e
fd47036e	00273e80
fd4733d7	00273eac
fd49c855	000acdc8
fd4a3323	000674d0
fd4a367b	000674d0
fd4a415d	000674d0
fd4a55fb	000674d0
fd4a635b	000674d0
fd4a66dc	000674d0
fd4a92d4	000674d0
fd4ab2af	000674d0
fd4b2da4	00273ed2
fd4b6e75	00273f3c
fd524251	00273f54
fd54bf88	00273f80
fd552328	00273fb0
fd56d973	00274000
fd5b20c9	0027402a
fd5b8033	00274058
fd5b9b6f	00274076
fd5bbfbe	002740d6
fd5be928	002740f2
fd5bf3f5	0027414c
fd5c72b7	0027419c
fd5c755f	002741da
fd5c7bf5	002741f4
fd5cf9eb	00274256
fd5d7632	00274274
fd5e6e52	002742a8
fd5f1f87	00234658
fd5f5829	002742d8
fd5fdd8d	0027431e
fd5ff359	00274348
fd608d46	00274396
fd626e7f	002743c0
fd6293f8	002743fa
fd62bfbf	00274420
fd62f81d	0027443e
fd675637	00274454
fd675e39	00274472
fd6909fb	0027449c
fd6d06f5	002744ba
fd6d8c3a	0011a9f2
fd6d8d9d	0011a9f2
fd6df07f	0011a9f2
fd71c2c1	002744da
fd73d6f9	0027453e
fd745931	00274558
fd76ca47	00274586
fd7789c7	002745aa
fd77cefc	002745f4
fd7b718f	00274632
fd7da95a	0027465e
fd7ded38	002746b8
fd7ed13f	002746ec
fd7ee7be	00274716
fd8019f1	0027476e
fd80dc17	002747cc
fd8a0c74	00274804
fd8a549f	0008735c
fd8afb55	00274828
fd8b82f5	0027486c
fd8e22f6	002748a2
fd8ef438	002748ca
fd8f2cf8	00274900
fd913af6	00274938
fd94f7c4	0027497a
fd95357d	002749b8
fd973666	00274a14
fd975942	00274a3a
fd982c89	00274a96
fd9a5190	00274ace
fd9e2828	00274af0
fd9f4761	00274b04
fda0482a	00274b54
fda0a862	00274b8c
fda0b1db	00274bb0
fda1427c	00274bf2
fda1b2b1	00274c04
fda62e96	00274c2c
fda9c3ae	00274c64
fdaa07a5	00274c8c
fdaad5f4	00274cc2
fdaafd8d	00274cea
fdb0c34b	00274d14
fdb190b8	00274d28
fdb221ca	00274d5c
fdb2b097	00274dbe
fdb341d4	00274e14
fdb64a51	00274e64
fdb847ee	00274e8c
fdbb289a	00274eb4
fdbbe991	00274ee4
fdbc46fa	00274f18
fdc3ba02	00274f3a
fdc44182	00274f84
fdc62a3d	00274ffc
fdc7cf44	00275042
fdc931fd	0027505e
fdc97efe	0027508e
fdca0e06	000ff49e
fdca12ae	000ff49e
fdca40dd	0027510c
fdca4bf9	00275150
fdca4c92	000ff49e
fdca51bc	000ff49e
fdca55a2	000ff49e
fdcb63aa	00275166
fdcda520	0027518e
fdce0254	002751cc
fdcff8bd	002751fc
fdd310f2	00275216
fdd3b24a	00275236
fdd3fbbf	00275252
fdd77794	0027529c
fdd9d609	002752d4
fddb89ee	002752ee
fde04895	00275316
fde07379	00275332
fde30649	0027535c
fde3612c	00275376
fde4a10e	0027539e
fde58c46	002753e4
fde5e772	0027542a
fde71812	00275454
fde8ae60	00275488
fdea87d0	002754ba
fdeb1de7	002754e4
fdebb4d1	0027550c
fdebdcf2	0016d02a
fdee3267	00275534
fdee3983	0027556e
fdf12f54	002755ac
fdf3745d	002755d0
fdf70692	0027560e
fdf76b97	0027567c
fdf7a0e3	00275698
fdf81887	002756da
fdf94c8c	00275712
fdf964ab	00275736
fdfb3466	00275788
fdfd5fb3	002757b4
fdfd9f7b	002757e4
fe00c3fe	0027580c
fe00f9dc	00275842
fe01b2b5	00275886
fe054431	002758ac
fe0879aa	002758cc
fe08db68	002758f4
fe096219	00275916
fe0bddb0	00275936
fe0d7014	00275964
fe0f9630	00275986
fe105f04	002759ba
fe1258a2	00275a14
fe145eee	00275a42
fe14a1d1	00275a6e
fe1699dc	00275a86
fe192182	00275ab8
fe199bb4	00275ad8
fe1e88cb	00275b12
fe220caf	00275b2a
fe229001	00275b3e
fe23df01	00275b62
fe242b71	00275baa
fe2518bf	00275be6
fe27c521	00275c10
fe27c5a5	00275c38
fe28193d	00275c90
fe291615	00275ce0
fe2a26fd	00275d02
fe2ad4c0	00275d4a
fe2bd32b	00275d70
fe31790d	00275db4
fe32ca46	00275de0
fe33a4b8	00275e32
fe366889	00275e6c
fe390ac1	00275e88
fe396575	00275ebc
fe39aae0	00275edc
fe39d6ab	00275ef6
fe3e67b2	00275f10
fe3f20f4	00275f5c
fe427837	00275fb6
fe43972b	00275fcc
fe444e12	00276006
fe479e78	00276060
fe47e986	00276082
fe48733b	0027609e
fe492322	002760ee
fe4d41b0	00276142
fe4f3108	0027617a
fe4fcae0	00276198
fe53ccd5	002761b8
fe58f435	002761e2
fe58fe30	00276208
fe5f1b4b	00276228
fe62506c	0027627a
fe632acc	002762b0
fe68b4aa	002762e4
fe69499b	00276328
fe6a2326	00276348
fe6a72ef	00276368
fe6bd1b6	002763c4
fe6cf626	0027641a
fe6e5a01	0027643e
fe6fc47b	000a6268
fe70373e	002764bc
fe71db74	00276512
fe7283dd	0027654c
fe766acb	002765a0
fe78336f	002765d0
fe792b9a	002765fc
fe7abc0b	0027661a
fe7b7f9e	0014821e
fe7d267f	0027663c
fe7ebf73	00276680
fe80b6d4	002766a8
fe83de2d	002766ee
fe86c9e6	0027670a
fe8750a2	00276730
fe8c0f02	00276754
fe8cb8ab	00276770
fe8ee268	002767a2
fe8f1ef5	002767dc
fe8f544d	00276810
fe9069fc	00276848
fe96e844	00276882
fe977da5	002768a0
fe9799c2	002768fc
fe980618	00276920
fe983023	00276968
fe9b083f	00276988
fe9bcc2f	002769c0
fea12540	00276a12
fea1fbc7	00276a44
fea281c4	00276a92
fea30ac2	00276ac6
fea40a1b	00276af8
fea68c65	00276b1a
fea7a3f2	00276b52
feab3c3e	00276b76
feac380e	00276b9e
feae00fb	00276be8
feb021bc	00276c10
feb0865e	00276c46
feb0ce73	00276c84
feb2996a	00276cbe
feb71935	00276cf2
feb9b986	00276d14
febad1a4	00276d34
febbf1d5	00276d86
febc8d3d	00276da8
febe8d3d	00276dd8
fec00aa9	00276df8
fec22216	00276e20
fec3eedb	00276e4a
fec49199	00276e66
fec522e6	00276ea8
fec6952f	00276ec2
fec8ebbb	00276ef8
fec9f3d2	00276f4c
fecb8743	00276f5e
fecddbec	00276fe4
feceae47	0027701e
feceeb2c	00277066
fed0a1ce	0027708a
fed1fb4a	002770c6
fed41045	002770fa
fed69336	00277142
fed701ee	0027716e
fed76892	0027718e
fed8e354	002771e0
fedb2339	0027720a
fedba3fa	00277234
fedd3e10	0027724c
fee00018	00277276
fee0ab5c	002772a2
fee31009	002772ce
fee4ab87	002772fa
fee8bb58	0027734e
fee9106b	00277394
feea0f99	002773da
feead3b9	00277410
feeb06a9	00277426
feebb670	0027746e
feec39e5	002774a8
feec944b	002774e4
feecaae4	00277506
feed5e65	0027752c
feee2a37	0027753e
feef4e03	00277576
fef0bf0c	002775a8
fef1c7ea	002775fa
fef41f74	00277650
fef60456	0027767e
fefad1ee	002776c6
fefb8f78	00277704
fefc1e9d	00277746
fefda437	0027779c
fefdb80c	002777c2
fefe3412	002777d4
fefecf6e	0027781e
feffb839	00277844
ff03d75c	00277862
ff048057	002778aa
ff05864d	002778d2
ff08b952	00277926
ff09cc3f	0027794a
ff0b576a	00277990
ff0dbac9	002779a8
ff14056b	002779e6
ff141b26	00277a46
ff18dc7f	00277a60
ff1cac44	00277a6c
ff211e00	00277a8c
ff22e052	00277aac
ff234a42	00277aca
ff249730	00277ae2
ff271078	0022a52c
ff2713f5	0022a52c
ff27417c	00277b42
ff28a199	00277b58
ff28b7a1	00277b9a
ff29628e	00277bd0
ff2be122	00277bf2
ff2cb526	00277c1a
ff3141f5	00277c62
ff32e648	00277cbc
ff337f77	00277d00
ff3682ee	00277d3a
ff36d735	00277d70
ff370606	00277dc0
ff37fe17	00277dd2
ff3b1319	00277e16
ff3b1673	00277e80
ff3b3e85	00277ea0
ff3b7e34	00277ec0
ff3d3857	00277ee0
ff3d98c8	00277f14
ff3dc7af	00277f38
ff3ffaa8	00277f7c
ff41b9c2	00277fac
ff428ff9	00278004
ff44e416	0027804c
ff456f10	00278062
ff45f16c	00278084
ff4611ae	002780a6
ff46d005	002780c6
ff4b3bc6	002780f4
ff4e3abf	00278130
ff4f4b06	00278146
ff4fa5fd	002781bc
ff5041e5	002781e6
ff50ff76	00278202
ff51127c	00278260
ff526c51	00278288
ff5366a9	002782b8
ff53df0e	0027830c
ff5402ab	00278348
ff5568db	0027839c
ff55f18f	002783e2
ff562100	00278402
ff57207e	001a0666
ff57c2b6	00278424
ff595b12	0027844e
ff59ba30	002784a2
ff5b753a	002784ce
ff5dc566	002784e6
ff619534	00278524
ff61e7ab	00278550
ff639b1c	00278570
ff63ed3f	002785a4
ff645ccc	002785e4
ff66edce	0027862a
ff689d8d	00278656
ff68ca03	00278672
ff6a7df1	002786a4
ff6f19b3	002786da
ff6fef79	0027870a
ff6ffbfc	0027872c
ff704369	00278752
ff717fae	000b4366
ff72528e	002787a2
ff756df2	002787c2
ff75fe4c	002787ea
ff769ba9	0027883e
ff7aed23	0027888a
ff7c8150	002788b6
ff7caa99	002788d6
ff7cdae5	002788ea
ff7eb418	00278900
ff8009e7	0027894c
ff805f4c	00278976
ff839e8e	002789a2
ff866282	002789da
ff8d0ea5	00278a02
ff8d5e53	00278a40
ff8e8c9e	00278a64
ff8f4557	00278a88
ff8ff6fc	00278aa2
ff8ffba4	00278abc
ff9120c5	00278b18
ff91c613	00278b5a
ff9250e7	00278b8e
ff92d936	00278bc6
ff945f6a	00278bec
ff957d0d	00278c4c
ff97391e	00278c76
ff983ed3	00278cc6
ff9908b5	00278ce2
ff9b30b6	00278d04
ff9e8ce5	00278d44
ffa02d26	000e6ca4
ffa16495	000e6ca4
ffa16639	000e6ca4
ffa286dc	00278d6c
ffa42e6d	00278db0
ffa431e4	000a3dac
ffa488cd	000a3dac
ffa76638	00278e06
ffaa2a1f	00278e46
ffaae392	00278e74
ffab0fc8	00278ea4
ffac4f1b	00278eee
ffaca4ea	0021b7c8
ffad58f1	00278f0c
ffae3b8d	00278f30
ffafe62d	00278f5a
ffb1d591	00278f7a
ffb401db	00278fa0
ffb42fe1	00278fd0
ffb63394	00278ffa
ffb839bd	0027901a
ffb9ea51	00279074
ffbb1b56	002790ac
ffbb4130	002790f0
ffbbf3f1	00279130
ffbd0fe8	00279168
ffbd72bd	0027918c
ffbe257c	002791ee
ffbe2dbc	002791ee
ffbe51c6	002791ee
ffbf5163	0027922e
ffc0ad0d	00279248
ffc12708	0027929e
ffc15e74	002792c4
ffc16b04	002792e0
ffc240ea	00279314
ffc97528	00279342
ffca7f51	002793be
ffcd9177	0027940a
ffd3f198	00279436
ffd74564	0027947a
ffd9dbd8	002794a4
ffdb1937	002794f4
ffdb20cf	0027951e
ffdbee50	00279550
ffde0ee4	00279590
ffde642a	002795f0
ffdf41ed	00279610
ffdf5584	0027963e
ffe098bd	002796a0
ffe2a757	00279724
ffe6f90b	00279782
ffe76b84	002797ec
ffec46a2	00279836
fff095a0	00279862
fff10ea6	002798c6
fff2c022	0027990e
fff36aab	00279938
fff4cbac	002799ae
fff66c24	002799dc
fffa1835	00279a00
fffa69b8	00279a32
fffba501	00279a8a
fffc8f4f	00279ab4
fffed146	00279b06
ffffa580	00279b58
